"id";"seed_id";"cited_paper_id";"is_influential"
3;1;11;0
9;1;17;0
11;1;19;0
12;1;20;0
13;1;21;0
22;1;30;0
29;1;37;0
30;1;38;0
34;1;42;0
35;1;43;0
37;1;45;0
39;1;47;0
40;1;48;0
41;1;49;0
47;1;55;0
53;1;61;0
54;1;62;0
55;1;63;0
57;1;65;0
58;1;66;0
59;1;67;0
60;1;68;0
63;1;71;0
64;1;72;0
76;1;84;0
80;1;88;0
81;1;89;0
83;1;91;0
85;1;93;0
87;1;95;0
90;1;98;0
94;1;102;0
97;1;105;0
98;1;106;0
99;1;107;0
100;1;108;0
105;1;113;0
114;1;122;0
118;1;126;0
121;1;129;0
123;1;131;0
125;1;133;0
126;1;134;0
127;1;135;0
128;1;136;0
129;1;137;0
132;1;140;0
133;1;141;0
134;1;142;0
136;1;144;0
137;1;145;0
138;1;146;0
139;1;147;0
140;1;148;0
142;1;150;0
143;1;151;0
144;1;152;0
145;1;153;0
146;1;154;0
147;1;155;0
148;1;156;0
153;1;161;0
154;1;162;0
156;1;164;0
158;1;166;0
159;1;167;0
161;1;169;0
166;1;174;0
167;1;175;0
168;1;176;0
169;1;177;0
170;1;178;0
172;1;180;0
174;1;182;1
176;1;184;0
178;1;186;0
186;1;194;0
191;1;199;0
204;2;213;0
207;2;216;0
209;2;218;0
210;2;219;0
213;2;222;0
217;2;226;0
218;2;227;1
220;2;229;0
228;2;237;0
232;2;241;1
233;2;242;0
236;2;245;0
237;2;246;0
238;2;247;0
241;2;250;0
243;2;252;0
244;2;253;0
246;2;255;1
247;2;256;0
251;2;260;0
253;2;262;1
261;2;270;0
264;2;273;0
274;2;283;0
275;2;284;0
277;2;286;0
284;2;293;0
310;2;319;1
326;2;335;0
378;3;386;0
380;3;388;0
381;3;389;0
383;3;391;0
385;3;393;0
386;3;394;0
387;3;395;0
388;3;396;0
390;3;398;0
395;3;4;0
396;3;403;0
397;3;404;0
398;3;405;1
399;3;406;0
400;3;407;0
401;3;408;0
402;3;7;0
404;3;410;0
405;3;411;0
406;3;412;0
407;3;413;0
409;3;415;0
412;3;418;1
414;3;420;0
415;3;421;0
416;3;422;0
419;3;425;0
420;3;426;0
421;3;427;0
422;3;428;1
423;3;429;0
431;3;437;1
432;3;438;0
434;3;440;0
435;3;441;0
436;3;442;1
437;3;443;0
439;3;445;0
440;3;446;0
441;3;447;0
442;3;448;0
443;3;449;0
444;3;450;0
445;3;451;0
447;3;453;0
449;3;455;0
452;3;458;0
453;3;459;0
459;3;465;0
462;3;468;0
467;3;473;0
468;3;474;0
470;3;476;0
473;3;479;0
476;3;482;1
477;3;483;1
479;3;485;0
518;4;523;0
519;4;524;0
520;4;525;0
521;4;526;1
522;4;527;0
523;4;405;0
524;4;528;0
525;4;407;1
526;4;529;0
527;4;530;0
528;4;531;0
529;4;532;0
531;4;410;0
532;4;534;1
533;4;535;1
534;4;536;0
536;4;538;0
538;4;412;1
539;4;411;0
540;4;540;0
542;4;542;1
543;4;543;0
544;4;544;0
545;4;415;0
546;4;545;0
555;4;554;0
559;4;418;0
560;4;558;0
561;4;559;0
562;4;560;0
566;4;564;0
567;4;420;0
568;4;421;1
569;4;565;0
571;4;567;0
572;4;422;1
574;4;569;0
575;4;570;0
576;4;571;1
577;4;572;0
578;4;573;0
580;4;425;1
581;4;575;1
583;4;577;1
584;4;578;0
585;4;579;0
586;4;427;0
587;4;580;0
588;4;581;1
589;4;582;0
590;4;583;0
591;4;584;0
592;4;585;0
593;4;586;0
597;4;589;0
604;4;593;1
605;4;437;1
606;4;594;0
607;4;438;1
609;4;440;1
610;4;595;0
611;4;596;1
612;4;597;0
613;4;598;1
614;4;599;1
615;4;600;0
616;4;601;0
619;4;604;1
620;4;605;0
621;4;606;0
622;4;607;0
624;4;609;1
625;4;610;0
626;4;611;0
627;4;612;1
628;4;445;1
629;4;613;0
630;4;614;0
631;4;446;1
632;4;615;1
633;4;616;1
634;4;449;1
635;4;450;0
636;4;451;1
637;4;617;1
638;4;455;0
639;4;618;1
640;4;619;1
642;4;620;0
645;4;623;0
646;4;624;1
648;4;626;0
649;4;627;0
650;4;628;1
652;4;630;0
653;4;631;1
655;4;632;0
656;4;465;1
657;4;633;1
660;4;636;1
661;4;637;0
664;4;640;1
666;4;468;0
669;4;473;0
671;4;644;0
680;4;482;1
682;4;483;0
683;4;485;0
684;4;651;0
742;5;705;0
743;5;706;1
744;5;707;0
745;5;708;1
746;5;709;0
747;5;710;0
751;5;713;0
752;5;714;1
753;5;715;0
754;5;716;1
755;5;717;0
756;5;718;0
757;5;719;0
758;5;720;0
759;5;721;0
760;5;722;0
762;5;724;0
763;5;725;0
764;5;726;0
766;5;728;0
767;5;729;1
768;5;730;0
769;5;731;0
770;5;394;1
771;5;732;1
772;5;733;0
773;5;734;0
774;5;735;0
776;5;737;0
778;5;739;1
779;5;4;0
780;5;530;1
781;5;740;1
782;5;535;1
783;5;741;1
784;5;540;0
785;5;560;0
786;5;564;1
788;5;421;0
789;5;567;1
790;5;743;0
791;5;744;0
792;5;425;1
793;5;745;0
794;5;579;0
795;5;427;1
796;5;746;1
797;5;429;0
799;5;437;0
800;5;748;1
801;5;596;0
802;5;598;0
803;5;604;0
804;5;612;0
805;5;749;0
806;5;615;1
807;5;750;0
808;5;751;0
809;5;619;0
810;5;752;1
812;5;627;1
813;5;628;0
814;5;630;0
815;5;631;0
816;5;754;0
817;5;465;0
818;5;755;0
819;5;756;0
820;5;757;0
821;5;758;0
822;5;93;1
823;5;759;0
826;5;762;0
834;5;770;1
838;6;775;0
839;6;776;0
840;6;777;0
842;6;779;0
843;6;780;0
848;6;785;1
849;6;786;1
850;6;787;0
851;6;628;0
855;6;791;1
860;6;796;0
861;6;797;0
862;6;798;0
864;6;800;0
865;6;801;1
867;6;803;1
870;6;806;0
871;6;807;0
872;6;808;0
873;6;809;1
874;6;476;0
876;6;811;0
878;6;813;0
880;6;814;1
881;6;815;0
882;6;105;0
885;6;818;0
886;6;819;0
892;6;824;0
895;6;827;0
902;6;833;0
907;6;770;0
932;7;584;1
934;7;594;0
935;7;860;0
937;7;861;0
938;7;449;0
939;7;617;0
941;7;455;0
942;7;620;0
943;7;624;0
944;7;863;0
945;7;864;1
946;7;865;0
947;7;468;1
950;7;868;0
952;7;482;1
953;7;485;1
955;7;871;0
959;7;875;1
963;7;879;0
978;893;894;0
979;893;895;0
1034;950;951;0
1035;950;952;0
1036;950;953;1
1037;950;954;0
1038;950;955;1
1039;950;956;0
1042;950;959;1
1043;950;960;1
1044;950;961;1
1045;950;962;1
1047;950;964;0
1048;950;965;1
1049;950;966;0
1050;950;967;0
1053;950;970;1
1054;950;971;0
1055;950;748;0
1056;950;972;1
1057;950;973;1
1058;950;974;1
1059;950;975;0
1060;950;976;0
1062;950;978;1
1063;950;979;0
1065;950;981;1
1066;950;982;0
1067;950;983;0
1068;950;984;0
1069;950;985;0
1070;950;986;0
1071;950;987;0
1072;950;988;1
1074;950;990;0
1076;950;992;0
1077;950;993;0
1078;950;994;0
1079;950;995;0
1080;950;996;1
1082;950;998;1
1083;950;999;1
1084;950;1000;0
1085;950;1001;0
1086;950;1002;1
1087;950;1003;0
1088;950;1004;0
1089;950;1005;0
1090;950;1006;0
1091;950;1007;1
1092;950;1008;1
1093;950;1009;1
1094;950;1010;0
1095;950;1011;0
1100;950;1016;0
1101;950;1017;0
1107;950;1023;0
1108;950;1024;0
1110;950;1026;0
1111;950;1027;0
1112;950;1028;0
1113;950;1029;0
1114;950;1030;0
1115;950;1031;0
1116;950;1032;0
1118;950;1034;0
1119;950;1035;0
1120;950;1036;0
1121;950;1037;0
1122;950;1038;0
1123;950;1039;0
1124;950;93;0
1125;950;1040;0
1126;950;1041;0
1128;950;1043;0
1129;950;1044;0
1130;950;1045;0
1131;950;1046;0
1133;950;1048;0
1134;950;1049;0
1135;950;1050;0
1138;950;1053;0
1140;950;1055;0
1142;950;1056;0
1143;950;1057;0
1144;950;1058;0
1145;950;1059;0
1146;950;1060;0
1147;950;1061;0
1148;950;1062;0
1149;950;1063;0
1150;950;1064;0
1151;950;1065;0
1152;950;1066;0
1154;950;1068;0
1155;950;1069;0
1156;950;1070;0
1157;950;1071;0
1171;950;770;0
1179;1090;1092;0
1180;1090;1093;1
1181;1090;1094;0
1182;1090;1095;1
1183;1090;1096;0
1184;1090;1097;0
1185;1090;1098;0
1187;1090;1100;0
1188;1090;1101;0
1189;1090;1102;0
1190;1090;1103;0
1191;1090;1104;0
1192;1090;1105;0
1193;1090;1106;0
1194;1090;1107;0
1195;1090;1108;0
1198;1090;1111;0
1200;1090;1113;0
1201;1090;1114;0
1202;1090;1115;0
1203;1090;1116;0
1204;1090;1117;0
1205;1090;1118;0
1206;1090;1119;0
1207;1090;1120;0
1208;1090;1121;0
1209;1090;1122;0
1210;1090;1123;0
1211;1090;1124;0
1214;1090;1127;0
1215;1090;1128;0
1216;1090;1129;1
1217;1090;1130;1
1219;1090;1132;0
1220;1090;1133;0
1222;1090;1135;0
1223;1090;1136;0
1224;1090;1137;1
1225;1090;1138;0
1226;1090;1139;0
1227;1090;1140;0
1231;1090;983;0
1232;1090;1144;0
1233;1090;1145;0
1234;1090;1146;0
1235;1090;1147;0
1237;1090;1149;0
1238;1090;1150;0
1239;1090;1151;1
1240;1090;1152;0
1242;1090;1154;0
1243;1090;1016;0
1244;1090;1155;0
1245;1090;1156;0
1247;1090;1158;0
1248;1090;1159;0
1249;1090;1034;0
1252;1090;1162;1
1253;1090;1163;0
1257;1090;1167;0
1258;1090;1168;0
1259;1090;1169;0
1260;1090;1170;0
1262;1090;1172;0
1263;1090;1173;1
1264;1090;1060;0
1279;1090;1188;0
1293;1090;770;0
1297;976;1206;0
1298;976;1207;0
1300;976;999;0
1301;976;1209;0
1302;976;1210;0
1305;976;1016;0
1307;976;1214;0
1308;976;1215;0
1311;976;1029;0
1313;976;1218;0
1315;976;1220;0
1318;976;93;0
1319;976;1223;0
1320;976;1224;0
1321;976;1225;0
1323;976;1227;0
1324;976;1228;0
1325;976;1229;0
1326;976;1230;0
1327;976;1231;1
1328;976;1232;0
1329;976;1046;0
1330;976;1233;0
1331;976;1048;0
1332;976;1234;0
1333;976;1235;0
1335;976;1237;0
1337;976;1239;0
1338;976;1240;0
1339;976;1241;0
1340;976;1242;0
1341;976;1243;0
1343;976;1245;0
1344;976;1246;0
1345;976;1247;0
1346;976;1248;0
1347;976;1249;0
1348;976;1250;0
1349;976;1251;0
1350;976;1252;0
1351;976;1253;0
1352;976;1063;0
1353;976;1254;0
1354;976;1255;0
1355;976;1256;0
1356;976;1257;0
1357;976;1258;0
1358;976;1259;0
1359;976;1260;0
1360;976;1261;0
1361;976;1262;0
1362;976;1263;0
1363;976;1264;0
1364;976;1069;0
1366;976;1070;0
1367;976;126;0
1368;976;1071;0
1370;976;1267;0
1389;976;1286;0
1392;976;1289;0
1407;976;1302;1
1409;976;1304;0
1410;976;1305;0
1420;976;770;0
1434;1325;1326;0
1435;1325;1327;0
1436;1325;1328;0
1437;1325;1329;0
1444;1325;1336;0
1445;1325;1337;0
1447;1325;1339;0
1448;1325;1340;0
1451;1325;1343;0
1452;1325;1344;0
1453;1325;1345;0
1454;1325;1346;0
1455;1325;743;1
1456;1325;1347;0
1458;1325;1349;0
1460;1325;1351;0
1461;1325;1352;0
1462;1325;1353;0
1463;1325;1354;0
1464;1325;1355;1
1465;1325;1356;0
1466;1325;1357;1
1467;1325;1016;0
1469;1325;1359;0
1471;1325;1361;0
1472;1325;1362;0
1475;1325;1365;0
1478;1325;1368;0
1491;1325;770;0
1502;1124;1392;0
1504;1124;1394;0
1505;1124;1395;0
1506;1124;1396;0
1508;1124;1398;0
1509;1124;1399;0
1510;1124;1400;0
1512;1124;1402;0
1513;1124;1403;0
1514;1124;1404;0
1515;1124;1127;0
1517;1124;1406;0
1518;1124;1407;0
1519;1124;1408;0
1520;1124;1409;0
1521;1124;1410;0
1522;1124;1411;1
1523;1124;1412;0
1524;1124;1413;0
1526;1124;1415;0
1527;1124;1416;0
1528;1124;1417;0
1529;1124;1418;0
1530;1124;1419;0
1533;1124;1154;1
1534;1124;1422;0
1536;1124;1424;0
1537;1124;1016;0
1538;1124;1425;1
1540;1124;1427;0
1541;1124;1428;0
1542;1124;1429;0
1543;1124;1430;0
1544;1124;1431;0
1545;1124;1432;0
1546;1124;1433;0
1547;1124;1434;0
1549;1124;1436;0
1550;1124;1437;0
1551;1124;1229;0
1552;1124;1438;1
1553;1124;1439;0
1554;1124;1440;0
1555;1124;1441;0
1556;1124;1368;0
1557;1124;1249;0
1558;1124;1172;1
1560;1124;1443;1
1564;1124;1445;0
1571;1450;1451;0
1572;1450;1452;1
1573;1450;1453;0
1574;1450;1454;0
1575;1450;1455;0
1576;1450;1456;0
1577;1450;1457;0
1578;1450;1103;0
1579;1450;1458;1
1581;1450;1460;1
1582;1450;1461;0
1583;1450;1462;1
1586;1450;1465;1
1589;1450;1468;0
1590;1450;1469;1
1591;1450;1470;0
1592;1450;1471;1
1593;1450;1472;0
1594;1450;1473;0
1597;1450;1476;0
1598;1450;1477;0
1599;1450;1478;1
1600;1450;1479;0
1601;1450;1480;0
1602;1450;1481;0
1603;1450;1127;0
1604;1450;1482;0
1605;1450;1483;0
1606;1450;1484;1
1607;1450;1485;1
1608;1450;1486;0
1610;1450;1488;0
1612;1450;1490;0
1613;1450;1491;0
1614;1450;1492;1
1615;1450;1493;0
1616;1450;1494;0
1617;1450;743;0
1619;1450;744;0
1620;1450;1496;0
1623;1450;964;0
1624;1450;966;1
1626;1450;748;0
1627;1450;1499;0
1628;1450;973;0
1629;1450;981;0
1630;1450;982;0
1631;1450;1500;0
1632;1450;1501;0
1633;1450;1502;0
1634;1450;1503;0
1635;1450;1504;0
1636;1450;994;1
1638;1450;1506;0
1639;1450;1507;0
1640;1450;1508;0
1641;1450;1007;0
1642;1450;1008;1
1643;1450;1009;0
1644;1450;1010;0
1647;1450;1017;0
1648;1450;1510;0
1649;1450;1027;0
1650;1450;1511;0
1651;1450;1029;0
1652;1450;1512;0
1653;1450;1513;0
1654;1450;1514;1
1657;1450;1057;0
1658;1450;1517;0
1659;1450;1518;0
1660;1450;1519;0
1661;1450;1520;0
1662;1450;1257;0
1663;1450;1064;0
1664;1450;1521;0
1665;1450;126;0
1678;1450;770;0
1686;982;1536;0
1687;982;1537;0
1688;982;743;0
1689;982;1538;0
1690;982;1539;1
1691;982;954;0
1692;982;959;0
1693;982;1540;0
1695;982;1542;0
1696;982;1543;0
1699;982;970;0
1700;982;1546;0
1701;982;1547;0
1702;982;1548;0
1703;982;1549;0
1704;982;972;0
1705;982;1550;0
1706;982;1353;0
1707;982;978;1
1708;982;1551;0
1710;982;986;0
1711;982;1553;0
1712;982;1554;0
1713;982;1555;0
1714;982;988;0
1716;982;1556;0
1717;982;1557;0
1718;982;1558;0
1719;982;1559;0
1720;982;1560;0
1722;982;1206;1
1723;982;1207;0
1724;982;995;1
1725;982;1356;0
1726;982;1507;0
1729;982;999;1
1730;982;1002;0
1731;982;1003;0
1732;982;1210;0
1733;982;1562;0
1734;982;1010;0
1744;982;1568;0
1747;982;1016;0
1748;982;1017;0
1749;982;1510;0
1750;982;1570;1
1751;982;1571;0
1752;982;1572;0
1753;982;1573;0
1754;982;1574;0
1755;982;1024;0
1759;982;1578;0
1760;982;1579;0
1761;982;1580;0
1762;982;1581;0
1763;982;1582;0
1764;982;1583;0
1765;982;1584;0
1766;982;1029;1
1767;982;1030;1
1768;982;1031;0
1769;982;1032;0
1770;982;1585;0
1771;982;1586;0
1772;982;1587;0
1773;982;1512;0
1774;982;1588;0
1775;982;1589;0
1776;982;1218;1
1777;982;1590;0
1778;982;1591;0
1780;982;1593;0
1781;982;1594;0
1782;982;93;0
1783;982;1228;0
1784;982;1229;0
1785;982;1595;0
1786;982;1230;1
1788;982;1597;0
1789;982;1044;0
1790;982;1598;0
1791;982;1599;0
1792;982;1046;0
1793;982;1600;0
1795;982;1048;1
1796;982;1602;0
1797;982;1235;0
1798;982;1050;0
1799;982;1603;0
1800;982;868;0
1801;982;1514;0
1802;982;1604;0
1803;982;1055;0
1806;982;1606;0
1808;982;1608;0
1811;982;1441;0
1812;982;1609;0
1813;982;1368;0
1814;982;1610;0
1816;982;1249;1
1818;982;1172;0
1819;982;1613;0
1820;982;1058;0
1821;982;1059;0
1822;982;1251;1
1823;982;1614;0
1824;982;1060;0
1826;982;1063;0
1830;982;1257;0
1832;982;1064;0
1833;982;1620;0
1834;982;1259;1
1835;982;1260;1
1838;982;1262;1
1839;982;1623;0
1840;982;1624;0
1844;982;1070;0
1845;982;126;0
1846;982;1628;0
1848;982;1630;0
1866;982;770;1
1891;1656;1665;0
1893;1656;739;0
1897;1656;1670;0
1898;1656;1481;0
1907;1656;1536;0
1913;1656;1496;0
1920;1656;1690;0
1921;1656;1543;0
1924;1656;748;0
1925;1656;974;0
1930;1656;1697;0
1931;1656;1698;0
1932;1656;1699;0
1936;1656;1703;0
1939;1656;995;0
1943;1656;1709;0
1945;1656;1711;0
1948;1656;1714;0
1952;1656;1718;0
1954;1656;1720;0
1956;1656;1722;0
1957;1656;1723;0
1958;1656;636;0
1960;1656;1725;0
1962;1656;1727;0
1966;1656;1731;0
1967;1656;1732;0
1968;1656;1733;0
1970;1656;1735;0
1972;1656;1737;0
1974;1656;1739;0
1978;1656;1743;0
1982;1656;93;0
1985;1656;1749;0
1994;1656;105;0
1995;1656;1440;0
1999;1656;1759;0
2000;1656;1057;0
2001;1656;1368;0
2005;1656;1172;0
2006;1656;1058;0
2008;1656;1764;0
2011;1656;1767;0
2014;1656;1064;0
2019;1656;1774;0
2023;1656;1070;0
2024;1656;126;0
2027;1656;1780;0
2034;1656;879;0
2083;1656;1829;0
2086;1656;1832;0
2099;1656;770;0
2131;1871;1872;0
2133;1871;1874;0
2134;1871;1875;0
2135;1871;1876;1
2136;1871;1877;0
2137;1871;1878;1
2138;1871;1879;0
2139;1871;1880;1
2140;1871;1881;0
2141;1871;1882;0
2142;1871;1883;0
2144;1871;983;0
2145;1871;1885;0
2146;1871;1886;0
2147;1871;1553;0
2148;1871;1555;0
2149;1871;992;0
2150;1871;1558;0
2151;1871;1703;0
2152;1871;1887;0
2153;1871;1888;0
2156;1871;1889;0
2157;1871;1427;0
2158;1871;1890;0
2160;1871;1892;0
2162;1871;1894;0
2163;1871;1220;0
2165;1871;1896;0
2166;1871;1897;0
2167;1871;1041;0
2168;1871;1898;0
2169;1871;1046;1
2170;1871;1899;0
2171;1871;1049;0
2172;1871;1050;0
2173;1871;1246;0
2174;1871;1610;0
2175;1871;1249;0
2176;1871;1172;0
2177;1871;1058;0
2178;1871;1251;0
2179;1871;1900;0
2180;1871;1063;0
2181;1871;1256;0
2182;1871;1620;1
2183;1871;1260;0
2184;1871;1901;0
2198;1871;1832;0
2199;1871;1910;0
2207;1016;995;1
2208;1016;1709;0
2209;1016;1919;0
2210;1016;1920;0
2211;1016;1921;0
2212;1016;1004;0
2216;1016;1562;0
2217;1016;1925;1
2218;1016;1008;0
2219;1016;1009;0
2220;1016;1422;0
2223;1016;1888;0
2227;1016;1929;0
2228;1016;1930;0
2229;1016;1425;0
2230;1016;1931;0
2232;1016;1932;0
2233;1016;1933;0
2234;1016;1934;0
2235;1016;1935;0
2236;1016;1215;0
2237;1016;1936;0
2238;1016;1427;0
2240;1016;1428;0
2241;1016;1937;0
2242;1016;1429;0
2246;1016;1026;1
2247;1016;1941;0
2248;1016;1430;0
2249;1016;1027;0
2250;1016;1942;0
2252;1016;1028;0
2253;1016;1029;0
2254;1016;1432;1
2255;1016;1030;1
2256;1016;1031;1
2258;1016;1945;1
2259;1016;1946;0
2260;1016;1947;0
2261;1016;1032;1
2262;1016;1948;0
2263;1016;1949;0
2264;1016;1950;0
2266;1016;1034;0
2268;1016;1953;0
2270;1016;1955;0
2271;1016;1587;0
2272;1016;1036;0
2273;1016;1434;0
2277;1016;1957;0
2278;1016;1958;0
2279;1016;1959;0
2280;1016;1960;0
2281;1016;1436;0
2287;1016;1964;0
2288;1016;1965;0
2289;1016;1966;0
2290;1016;93;0
2291;1016;1225;0
2292;1016;1040;0
2293;1016;1967;0
2297;1016;1970;0
2299;1016;1972;0
2300;1016;1973;0
2301;1016;1229;0
2302;1016;1044;0
2303;1016;1045;0
2304;1016;1974;0
2305;1016;1975;1
2306;1016;1976;0
2307;1016;1977;0
2309;1016;1898;0
2310;1016;1979;0
2311;1016;1980;1
2312;1016;1981;1
2313;1016;1046;1
2314;1016;1233;0
2315;1016;1899;0
2316;1016;1048;1
2317;1016;1602;1
2318;1016;1049;0
2319;1016;1234;0
2320;1016;1982;0
2321;1016;1235;1
2322;1016;1983;0
2323;1016;1439;1
2324;1016;1984;0
2325;1016;1985;1
2327;1016;1053;0
2329;1016;1987;1
2330;1016;1988;0
2331;1016;1989;0
2332;1016;1239;0
2335;1016;1240;1
2336;1016;1992;1
2337;1016;1993;1
2338;1016;1994;0
2339;1016;1055;0
2341;1016;1995;0
2342;1016;1996;0
2343;1016;1997;0
2344;1016;1056;1
2345;1016;1998;0
2348;1016;2000;0
2349;1016;1440;0
2351;1016;1608;0
2352;1016;2002;0
2355;1016;2004;0
2356;1016;2005;0
2358;1016;1057;0
2359;1016;1441;0
2360;1016;2007;0
2361;1016;2008;0
2362;1016;2009;0
2363;1016;1609;0
2364;1016;2010;0
2366;1016;2012;0
2367;1016;2013;0
2368;1016;2014;0
2369;1016;1246;0
2370;1016;2015;0
2371;1016;2016;1
2373;1016;1368;1
2374;1016;1610;0
2375;1016;1249;1
2377;1016;1172;0
2378;1016;2019;0
2379;1016;2020;1
2380;1016;1058;0
2381;1016;1059;0
2383;1016;1251;1
2384;1016;2022;0
2385;1016;2023;0
2386;1016;2024;0
2387;1016;2025;0
2388;1016;1060;0
2390;1016;1061;0
2391;1016;2027;0
2392;1016;2028;0
2393;1016;1443;0
2394;1016;2029;0
2395;1016;1062;0
2396;1016;1253;1
2397;1016;1063;0
2398;1016;2030;0
2401;1016;1767;0
2402;1016;2033;0
2403;1016;1256;1
2404;1016;2034;0
2406;1016;2036;0
2407;1016;1257;0
2408;1016;2037;1
2409;1016;1064;0
2410;1016;2038;0
2411;1016;1258;0
2412;1016;1620;0
2413;1016;2039;0
2414;1016;1259;1
2415;1016;1260;1
2416;1016;1065;0
2417;1016;2040;1
2418;1016;2041;1
2419;1016;2042;0
2420;1016;2043;0
2421;1016;2044;0
2422;1016;1262;0
2425;1016;2046;1
2428;1016;2049;1
2429;1016;2050;0
2432;1016;2053;1
2433;1016;2054;1
2440;1016;1070;1
2441;1016;286;0
2442;1016;126;1
2444;1016;1071;1
2455;1016;1630;0
2460;1016;2067;0
2481;1016;2081;1
2487;1016;1445;1
2518;1016;2108;0
2548;1016;2130;0
2549;1016;2131;0
2550;1016;2132;1
2559;1016;2139;0
2563;1016;2143;0
2572;1016;1832;0
2573;1016;2150;1
2574;1016;2151;1
2585;1016;770;0
2699;1098;2196;0
2700;1098;2197;0
2704;1098;2201;1
2711;1098;2208;0
2712;1098;2209;0
2713;1098;2210;0
2715;1098;2212;0
2716;1098;2213;0
2717;1098;2214;0
2718;1098;2215;1
2719;1098;2216;0
2720;1098;2217;0
2721;1098;2218;1
2722;1098;2219;0
2723;1098;2220;0
2724;1098;2221;0
2725;1098;2222;0
2726;1098;2223;1
2727;1098;2224;1
2728;1098;2225;0
2729;1098;2226;0
2730;1098;2227;0
2731;1098;2228;0
2732;1098;2229;0
2733;1098;2230;0
2734;1098;2231;0
2735;1098;2232;1
2736;1098;732;0
2737;1098;2233;0
2738;1098;2234;1
2739;1098;2235;1
2740;1098;2236;0
2741;1098;1400;0
2742;1098;2237;1
2743;1098;2238;1
2744;1098;2239;0
2745;1098;2240;0
2746;1098;2241;0
2747;1098;2242;0
2766;1098;2260;0
2768;1098;2262;0
2770;1098;2264;0
2771;1098;1476;0
2772;1098;2265;0
2773;1098;2266;0
2774;1098;1477;1
2775;1098;2267;0
2776;1098;2268;0
2777;1098;1122;1
2778;1098;2269;0
2779;1098;2270;0
2780;1098;2271;1
2781;1098;2272;0
2782;1098;2273;0
2783;1098;2274;0
2784;1098;2275;0
2785;1098;1404;0
2786;1098;2276;1
2787;1098;2277;1
2788;1098;2278;1
2789;1098;1875;0
2791;1098;2280;0
2794;1098;2283;0
2795;1098;2284;0
2796;1098;2285;0
2797;1098;2286;1
2798;1098;2287;1
2799;1098;1343;1
2800;1098;1481;0
2802;1098;2289;1
2803;1098;2290;0
2804;1098;1344;0
2805;1098;2291;1
2806;1098;2292;1
2807;1098;1127;1
2808;1098;2293;1
2810;1098;2295;0
2811;1098;1876;1
2812;1098;1484;1
2815;1098;2297;1
2816;1098;2298;1
2818;1098;2300;0
2819;1098;2301;0
2820;1098;2302;0
2821;1098;2303;0
2822;1098;1129;0
2823;1098;2304;0
2824;1098;2305;1
2825;1098;2306;0
2827;1098;2308;0
2828;1098;2309;0
2829;1098;2310;0
2830;1098;2311;1
2831;1098;2312;0
2832;1098;2313;1
2833;1098;2314;1
2834;1098;2315;0
2835;1098;2316;0
2836;1098;2317;0
2837;1098;2318;1
2839;1098;2320;1
2840;1098;1133;1
2841;1098;954;0
2842;1098;2321;0
2843;1098;1135;0
2844;1098;2322;1
2845;1098;1137;0
2846;1098;2323;0
2847;1098;2324;0
2848;1098;2325;0
2850;1098;2327;0
2851;1098;2328;1
2852;1098;2329;0
2853;1098;2330;1
2854;1098;2331;0
2855;1098;2332;1
2856;1098;2333;1
2857;1098;2334;1
2858;1098;2335;1
2861;1098;2337;1
2863;1098;970;1
2869;1098;2343;1
2871;1098;2344;0
2874;1098;2347;1
2875;1098;1546;1
2876;1098;2348;0
2877;1098;1548;1
2878;1098;1549;1
2879;1098;2349;1
2880;1098;2350;0
2881;1098;1550;1
2882;1098;2351;1
2883;1098;1411;1
2884;1098;2352;1
2885;1098;1412;0
2886;1098;2353;0
2887;1098;2354;1
2888;1098;2355;0
2889;1098;1352;0
2890;1098;2356;0
2891;1098;2357;0
2892;1098;2358;1
2893;1098;1353;1
2894;1098;1413;1
2895;1098;976;0
2896;1098;2359;1
2897;1098;2360;1
2898;1098;2361;1
2899;1098;2362;1
2900;1098;1551;1
2901;1098;2363;0
2902;1098;1415;1
2903;1098;2364;0
2904;1098;2365;1
2905;1098;2366;0
2906;1098;2367;0
2907;1098;2368;1
2908;1098;2369;0
2909;1098;2370;0
2910;1098;2371;0
2911;1098;2372;0
2913;1098;1558;0
2914;1098;2373;1
2915;1098;1560;1
2916;1098;2374;0
2917;1098;2375;0
2918;1098;752;0
2919;1098;2376;0
2920;1098;1887;0
2921;1098;2377;1
2922;1098;1507;0
2927;1098;2381;1
2928;1098;1921;0
2929;1098;1002;1
2930;1098;1003;1
2931;1098;1004;1
2932;1098;2382;1
2933;1098;1154;0
2934;1098;1925;0
2935;1098;1009;1
2937;1098;1888;0
2939;1098;1016;0
2940;1098;1017;1
2941;1098;2384;0
2942;1098;1425;1
2945;1098;2387;0
2946;1098;2388;0
2948;1098;1580;0
2949;1098;2390;0
2950;1098;1027;0
2951;1098;1029;1
2952;1098;1159;0
2953;1098;1030;0
2954;1098;1585;1
2955;1098;1034;1
2956;1098;1512;1
2957;1098;1434;0
2958;1098;1588;0
2961;1098;2392;1
2963;1098;2394;0
2964;1098;1436;1
2967;1098;2395;0
2968;1098;1897;0
2969;1098;93;1
2970;1098;2396;0
2971;1098;2397;0
2973;1098;1967;0
2974;1098;2399;0
2975;1098;2400;0
2976;1098;2401;0
2978;1098;2403;0
2979;1098;1229;1
2983;1098;2406;0
2984;1098;1169;0
2985;1098;2407;1
2986;1098;1898;1
2987;1098;1599;0
2988;1098;1046;0
2989;1098;1899;1
2990;1098;1048;1
2991;1098;1602;0
2992;1098;1049;1
2993;1098;1234;0
2994;1098;1982;1
2995;1098;1235;1
2996;1098;1050;0
2997;1098;1439;1
2999;1098;1514;0
3004;1098;1604;1
3005;1098;1989;0
3006;1098;2410;0
3007;1098;2411;0
3008;1098;2412;1
3009;1098;1992;1
3010;1098;1993;1
3011;1098;2413;1
3012;1098;2414;0
3014;1098;1606;0
3015;1098;2416;1
3016;1098;2417;1
3020;1098;2000;0
3021;1098;1440;0
3022;1098;1242;0
3025;1098;2005;0
3027;1098;1441;0
3028;1098;2421;0
3029;1098;1609;0
3030;1098;2010;0
3032;1098;2423;0
3033;1098;1246;1
3034;1098;2015;0
3035;1098;2424;0
3036;1098;2425;1
3037;1098;2426;0
3039;1098;1368;1
3040;1098;1249;1
3041;1098;1172;1
3042;1098;2428;0
3043;1098;1058;0
3044;1098;1059;0
3046;1098;2022;1
3047;1098;2023;1
3049;1098;2025;0
3051;1098;2431;0
3052;1098;2432;0
3053;1098;2028;0
3054;1098;2433;0
3055;1098;2434;0
3056;1098;1063;1
3059;1098;2033;1
3060;1098;2436;0
3061;1098;1257;1
3062;1098;2037;1
3065;1098;1064;1
3066;1098;1620;1
3067;1098;1259;1
3068;1098;1260;0
3069;1098;2040;1
3070;1098;2439;1
3071;1098;1261;0
3074;1098;1262;1
3078;1098;1264;1
3082;1098;2443;0
3083;1098;2444;0
3084;1098;286;1
3085;1098;126;0
3087;1098;1071;1
3093;1098;2447;0
3102;1098;2453;0
3103;1098;2454;0
3104;1098;2455;0
3107;1098;2458;0
3110;1098;2460;0
3113;1098;2461;0
3114;1098;2081;0
3125;1098;2468;1
3136;1098;1832;0
3138;1098;1305;0
3149;1098;770;1
3170;1336;1345;0
3171;1336;2488;0
3172;1336;1347;0
3173;1336;744;0
3175;1336;2489;0
3176;1336;1351;0
3178;1336;966;0
3179;1336;748;0
3180;1336;1549;0
3181;1336;1352;0
3182;1336;1356;0
3184;1336;2381;1
3185;1336;1154;0
3186;1336;2491;0
3187;1336;2492;0
3188;1336;1027;0
3189;1336;1512;0
3191;1336;1230;0
3192;1336;2494;1
3194;1336;2431;0
3196;1336;2496;0
3197;1336;2458;0
3207;1336;770;1
3211;2504;2506;0
3212;2504;2507;0
3213;2504;2508;0
3214;2504;2509;1
3216;2504;2511;0
3217;2504;2512;0
3218;2504;2513;0
3219;2504;2514;0
3220;2504;2515;0
3221;2504;2516;0
3222;2504;2517;0
3223;2504;2518;0
3224;2504;2519;0
3225;2504;2520;0
3226;2504;1451;0
3227;2504;2521;0
3229;2504;2523;1
3230;2504;2524;0
3231;2504;2525;0
3232;2504;2526;0
3233;2504;2527;0
3234;2504;2528;0
3235;2504;2529;0
3236;2504;2530;0
3237;2504;2531;0
3238;2504;2532;0
3241;2504;705;1
3242;2504;2535;0
3243;2504;2536;0
3244;2504;2537;0
3245;2504;2538;1
3246;2504;2539;0
3247;2504;2540;0
3248;2504;2541;0
3249;2504;2542;0
3250;2504;2543;0
3252;2504;1872;0
3253;2504;2544;0
3254;2504;2545;0
3255;2504;2546;1
3256;2504;2547;0
3258;2504;2549;0
3259;2504;2550;0
3260;2504;2551;0
3261;2504;2552;0
3262;2504;2553;0
3263;2504;733;1
3264;2504;2554;0
3265;2504;2555;0
3266;2504;2556;1
3267;2504;2557;0
3268;2504;2558;0
3270;2504;2560;1
3271;2504;2561;0
3272;2504;2562;0
3273;2504;2563;1
3274;2504;739;1
3275;2504;2564;0
3276;2504;2565;0
3277;2504;2566;0
3278;2504;2276;0
3279;2504;2567;1
3282;2504;530;0
3284;2504;1343;0
3285;2504;2570;1
3286;2504;2571;0
3287;2504;2291;0
3288;2504;2572;0
3289;2504;1877;0
3291;2504;2574;0
3292;2504;2575;0
3293;2504;2576;0
3294;2504;2577;0
3295;2504;2578;0
3296;2504;2579;0
3297;2504;2580;0
3298;2504;2581;0
3299;2504;560;0
3300;2504;2582;1
3301;2504;2583;0
3302;2504;564;0
3303;2504;2584;0
3304;2504;567;0
3305;2504;2585;0
3306;2504;743;0
3308;2504;744;0
3309;2504;2587;0
3310;2504;745;1
3311;2504;2588;0
3312;2504;2589;0
3313;2504;2322;0
3314;2504;2323;0
3315;2504;2590;0
3316;2504;2591;0
3317;2504;2592;0
3319;2504;966;0
3324;2504;2597;0
3325;2504;748;0
3326;2504;2598;0
3327;2504;978;0
3328;2504;604;0
3329;2504;2599;0
3330;2504;2600;0
3331;2504;982;0
3332;2504;2601;0
3333;2504;749;1
3334;2504;1885;0
3335;2504;1555;0
3336;2504;2602;0
3337;2504;2603;0
3338;2504;1207;0
3339;2504;2604;0
3340;2504;752;0
3341;2504;2605;0
3342;2504;2606;0
3344;2504;999;0
3345;2504;2608;0
3346;2504;2609;0
3347;2504;1210;0
3348;2504;2610;0
3349;2504;2611;0
3353;2504;1930;0
3354;2504;1214;0
3355;2504;755;0
3357;2504;1722;0
3358;2504;2614;0
3359;2504;1027;0
3360;2504;2615;0
3361;2504;2616;0
3362;2504;1029;0
3363;2504;2617;0
3365;2504;2619;0
3368;2504;2394;0
3370;2504;93;0
3371;2504;2623;0
3372;2504;1228;0
3373;2504;1230;0
3374;2504;1599;0
3376;2504;1046;0
3377;2504;1048;0
3378;2504;2625;0
3380;2504;2627;0
3382;2504;1251;0
3384;2504;1063;0
3392;2504;879;0
3403;2504;1302;0
3405;2504;2642;1
3410;2504;770;0
3420;2653;2654;0
3421;2653;2655;0
3422;2653;2656;0
3423;2653;2657;0
3424;2653;2658;0
3425;2653;2659;0
3426;2653;2660;1
3427;2653;1872;0
3430;2653;2663;0
3431;2653;2664;0
3434;2653;2666;0
3435;2653;2667;0
3436;2653;2668;0
3437;2653;2669;0
3438;2653;2670;0
3439;2653;2671;0
3440;2653;2672;0
3441;2653;2673;0
3442;2653;2674;1
3443;2653;2675;1
3446;2653;2678;1
3449;2653;2681;0
3453;2653;2683;0
3455;2653;2685;1
3456;2653;2686;0
3457;2653;2687;1
3458;2653;2688;0
3460;2653;2690;0
3461;2653;2691;1
3468;2653;2698;0
3469;2653;2699;0
3470;2653;2700;0
3472;2653;2702;1
3473;2653;2703;1
3474;2653;2704;0
3476;2653;2706;0
3477;2653;2305;1
3478;2653;2707;1
3480;2653;2709;0
3481;2653;2710;0
3482;2653;2582;0
3483;2653;2316;0
3484;2653;2711;0
3486;2653;2585;0
3490;2653;2488;0
3492;2653;744;0
3493;2653;2716;1
3494;2653;1539;0
3495;2653;745;1
3496;2653;2717;0
3497;2653;2718;0
3498;2653;2719;0
3499;2653;2720;1
3500;2653;2721;0
3502;2653;2722;1
3503;2653;959;1
3504;2653;961;1
3505;2653;2723;0
3506;2653;2724;1
3508;2653;2726;0
3516;2653;2343;0
3517;2653;2731;0
3518;2653;2732;0
3519;2653;2733;0
3520;2653;2734;1
3521;2653;978;1
3522;2653;2735;1
3523;2653;2736;0
3524;2653;1551;0
3525;2653;2737;1
3526;2653;2600;0
3528;2653;2739;0
3529;2653;2601;0
3530;2653;1500;0
3531;2653;2740;0
3532;2653;2741;0
3533;2653;2742;1
3535;2653;988;0
3536;2653;2603;1
3538;2653;2744;1
3539;2653;1559;1
3540;2653;2745;0
3541;2653;2746;1
3542;2653;2747;1
3543;2653;1703;1
3544;2653;2748;0
3545;2653;2749;0
3546;2653;2750;0
3547;2653;2751;0
3548;2653;2752;0
3549;2653;999;1
3550;2653;1002;0
3551;2653;2753;1
3552;2653;2754;1
3553;2653;2755;1
3554;2653;2756;0
3557;2653;2758;1
3558;2653;2759;0
3559;2653;2760;0
3560;2653;2761;0
3562;2653;2763;1
3563;2653;2764;1
3565;2653;2766;0
3566;2653;2767;0
3567;2653;2768;1
3568;2653;1214;0
3570;2653;1427;0
3573;2653;2771;0
3574;2653;1027;0
3575;2653;1029;0
3577;2653;1949;0
3578;2653;1585;0
3579;2653;2773;0
3580;2653;89;0
3581;2653;1589;0
3582;2653;2774;0
3583;2653;1959;0
3585;2653;2775;0
3586;2653;93;1
3587;2653;2776;1
3589;2653;2399;0
3590;2653;2778;0
3591;2653;2779;0
3592;2653;2780;1
3593;2653;2781;0
3594;2653;1230;1
3595;2653;2782;0
3596;2653;1044;1
3597;2653;1231;0
3598;2653;2783;0
3599;2653;2407;0
3600;2653;1599;0
3601;2653;1048;1
3602;2653;2784;0
3603;2653;868;0
3605;2653;1055;0
3606;2653;1243;1
3608;2653;1057;0
3609;2653;2786;1
3610;2653;2787;0
3611;2653;2788;0
3612;2653;1059;0
3613;2653;2789;0
3614;2653;2790;0
3615;2653;2432;1
3616;2653;2791;1
3617;2653;2792;0
3618;2653;1767;0
3619;2653;2040;1
3624;2653;1070;0
3625;2653;126;1
3626;2653;1071;0
3630;2653;2067;0
3631;2653;2795;0
3644;2653;199;1
3645;2653;770;0
3650;2805;2806;0
3651;2805;2807;0
3652;2805;2808;0
3653;2805;2809;0
3654;2805;2810;0
3655;2805;2811;0
3656;2805;2812;1
3657;2805;2813;1
3658;2805;2814;1
3659;2805;2815;0
3660;2805;2816;0
3661;2805;2817;1
3662;2805;2818;0
3666;2805;2821;0
3667;2805;2685;0
3668;2805;2276;0
3670;2805;2823;1
3671;2805;2824;0
3672;2805;2825;0
3673;2805;2826;0
3678;2805;970;0
3679;2805;2733;0
3680;2805;2830;0
3681;2805;978;0
3682;2805;986;0
3683;2805;2741;0
3684;2805;1559;0
3685;2805;2831;0
3686;2805;2832;0
3687;2805;999;1
3688;2805;1003;0
3689;2805;1508;1
3690;2805;1010;1
3693;2805;1510;1
3695;2805;2833;0
3696;2805;2492;0
3698;2805;93;1
3700;2805;2414;0
3701;2805;2835;1
3703;2805;1063;0
3704;2805;1260;0
3705;2805;1262;0
3707;2805;1624;0
3708;2805;2838;0
3709;2805;126;1
3710;2805;1628;0
3735;2859;2862;1
3738;2859;2865;0
3739;2859;2866;1
3740;2859;2867;1
3745;2859;2872;1
3748;2859;1044;1
3749;2859;2875;0
3750;2859;2876;0
3751;2859;2877;1
3755;2859;2881;0
3770;2859;2791;0
3775;2859;2900;0
3778;2859;1071;0
3804;2859;2928;0
3808;2859;2932;0
3816;2859;2940;0
3834;2957;2958;1
3835;2957;2959;0
3836;2957;2960;0
3837;2957;2961;0
3838;2957;2962;1
3839;2957;2963;0
3840;2957;2707;0
3843;2957;2966;0
3844;2957;2967;0
3845;2957;2968;0
3846;2957;966;0
3848;2957;2351;1
3849;2957;2970;0
3850;2957;2971;1
3851;2957;2972;1
3853;2957;2608;1
3854;2957;2754;0
3855;2957;1011;0
3856;2957;2974;0
3857;2957;2975;0
3858;2957;755;1
3859;2957;2976;0
3860;2957;89;0
3862;2957;2978;0
3863;2957;2979;0
3864;2957;2980;0
3865;2957;868;1
3867;2957;2982;0
3868;2957;2983;0
3870;2957;2985;0
3879;2957;770;1
3880;2957;2993;0
3887;2999;3000;0
3888;2999;3001;0
3889;2999;3002;0
3890;2999;3003;0
3891;2999;3004;0
3892;2999;3005;0
3894;2999;3007;0
3895;2999;3008;0
3896;2999;3009;0
3897;2999;3010;0
3898;2999;3011;0
3899;2999;3012;0
3900;2999;3013;0
3901;2999;3014;0
3902;2999;3015;0
3903;2999;3016;0
3904;2999;3017;0
3905;2999;3018;0
3906;2999;3019;0
3908;2999;2815;0
3909;2999;3021;1
3910;2999;3022;0
3911;2999;3023;0
3914;2999;1543;0
3915;2999;3025;0
3916;2999;93;0
3919;2999;770;0
3924;3028;3032;1
3928;3028;3035;0
3949;3028;3054;0
3950;3028;3055;0
3965;3028;2108;0
3977;3028;1286;0
3988;3028;1302;1
3989;3028;3080;0
4009;2561;1872;0
4010;2561;3099;0
4011;2561;3100;0
4012;2561;3101;0
4013;2561;3102;0
4014;2561;3103;0
4015;2561;739;0
4016;2561;3104;0
4017;2561;3105;0
4018;2561;530;0
4019;2561;2963;0
4020;2561;3106;0
4021;2561;3107;0
4022;2561;1877;1
4023;2561;3108;0
4024;2561;3109;0
4025;2561;3110;0
4026;2561;3111;0
4028;2561;2574;0
4029;2561;2576;0
4031;2561;3114;0
4032;2561;3115;0
4033;2561;3116;0
4034;2561;3117;0
4035;2561;3118;1
4036;2561;3119;1
4037;2561;3120;0
4038;2561;3121;0
4041;2561;745;0
4042;2561;3124;0
4043;2561;3125;1
4044;2561;3126;0
4045;2561;1881;0
4046;2561;2592;0
4050;2561;3130;0
4051;2561;966;1
4052;2561;3131;0
4053;2561;3132;0
4054;2561;2343;1
4057;2561;3134;1
4059;2561;3135;0
4060;2561;2970;1
4062;2561;3136;1
4063;2561;983;1
4064;2561;2601;0
4065;2561;3137;1
4066;2561;749;1
4067;2561;1885;0
4068;2561;3138;0
4069;2561;3139;0
4070;2561;1555;1
4071;2561;3140;0
4072;2561;2742;0
4073;2561;2971;0
4074;2561;3141;1
4077;2561;3144;0
4078;2561;3145;0
4079;2561;995;1
4080;2561;3146;0
4081;2561;3147;0
4083;2561;3149;0
4084;2561;2972;0
4085;2561;3150;1
4086;2561;3151;0
4087;2561;2751;0
4088;2561;3152;0
4091;2561;3154;0
4092;2561;2610;0
4094;2561;3156;0
4097;2561;3159;0
4098;2561;1016;0
4099;2561;3160;0
4100;2561;3161;0
4101;2561;3162;0
4102;2561;3163;0
4103;2561;755;0
4105;2561;2614;1
4106;2561;3165;0
4107;2561;3166;0
4108;2561;3167;0
4109;2561;1027;0
4110;2561;2615;0
4111;2561;3168;0
4112;2561;2616;0
4114;2561;2619;0
4115;2561;3170;0
4116;2561;3171;0
4117;2561;3172;0
4119;2561;3173;0
4121;2561;3175;0
4122;2561;1894;0
4124;2561;3177;0
4125;2561;1220;0
4127;2561;3179;0
4128;2561;93;0
4129;2561;2979;0
4130;2561;3180;0
4131;2561;3181;0
4132;2561;2623;1
4133;2561;3182;0
4136;2561;1044;0
4137;2561;1231;0
4138;2561;1046;0
4139;2561;3185;1
4140;2561;3186;0
4142;2561;2627;0
4143;2561;3188;0
4144;2561;3189;1
4145;2561;1057;0
4146;2561;1247;1
4148;2561;3190;0
4150;2561;3192;0
4151;2561;1249;1
4152;2561;3193;0
4154;2561;1058;0
4155;2561;3195;0
4157;2561;3197;0
4159;2561;3199;0
4160;2561;3200;0
4162;2561;1063;1
4171;2561;3209;0
4172;2561;3210;0
4174;2561;2985;1
4176;2561;1065;0
4180;2561;1901;1
4181;2561;2054;0
4185;2561;1070;0
4186;2561;126;0
4188;2561;1071;0
4193;2561;2067;1
4196;2561;3220;0
4255;2561;3265;0
4269;2561;3275;0
4279;2561;770;1
4324;3321;3322;0
4325;3321;1872;0
4328;3321;2664;0
4330;3321;3326;0
4331;3321;3327;0
4332;3321;3328;0
4335;3321;3331;0
4336;3321;3332;0
4337;3321;3333;0
4338;3321;3334;0
4340;3321;3336;0
4341;3321;3337;0
4344;3321;3340;0
4347;3321;1246;0
4393;2675;2241;0
4394;2675;3388;0
4395;2675;3389;0
4396;2675;3390;0
4398;2675;3392;0
4399;2675;2821;0
4400;2675;2561;0
4401;2675;3103;1
4403;2675;4;0
4404;2675;739;0
4405;2675;2685;0
4406;2675;3394;0
4408;2675;3396;0
4409;2675;3397;0
4410;2675;2280;0
4411;2675;2567;0
4413;2675;1480;0
4414;2675;3398;0
4415;2675;3399;0
4416;2675;3400;0
4417;2675;3401;0
4418;2675;1877;0
4419;2675;3402;0
4420;2675;3403;0
4422;2675;3404;0
4423;2675;3405;0
4424;2675;3406;1
4425;2675;3407;0
4426;2675;3408;0
4427;2675;2580;0
4428;2675;3409;0
4429;2675;3410;0
4430;2675;2581;0
4431;2675;3411;0
4432;2675;3412;0
4433;2675;3413;0
4434;2675;3414;0
4435;2675;2826;0
4436;2675;2488;0
4437;2675;744;0
4438;2675;3415;0
4440;2675;3417;0
4441;2675;3418;0
4442;2675;3419;0
4443;2675;3420;0
4445;2675;3421;0
4447;2675;745;0
4448;2675;2589;0
4449;2675;3423;0
4450;2675;3424;0
4451;2675;2322;0
4452;2675;3425;0
4453;2675;3426;0
4454;2675;3427;0
4455;2675;3428;0
4457;2675;3430;0
4458;2675;3431;0
4459;2675;3125;0
4460;2675;1881;0
4461;2675;3432;0
4462;2675;2592;1
4463;2675;2329;0
4464;2675;2330;0
4465;2675;3433;0
4468;2675;3434;0
4472;2675;3437;0
4473;2675;3130;0
4475;2675;966;0
4476;2675;3439;0
4477;2675;3440;0
4478;2675;3441;0
4479;2675;3442;0
4482;2675;3444;0
4483;2675;3445;0
4485;2675;3447;0
4486;2675;3448;0
4487;2675;3449;0
4488;2675;3450;0
4489;2675;3451;0
4490;2675;3452;0
4491;2675;2733;0
4493;2675;3454;0
4494;2675;3455;0
4495;2675;3456;0
4496;2675;3457;0
4497;2675;2737;0
4498;2675;983;0
4499;2675;2601;0
4500;2675;1500;0
4501;2675;3458;0
4502;2675;3459;0
4503;2675;749;0
4504;2675;1885;0
4505;2675;3138;0
4506;2675;3460;0
4507;2675;1555;0
4508;2675;2369;0
4509;2675;3461;0
4511;2675;2603;1
4512;2675;3463;0
4513;2675;3464;0
4514;2675;1558;0
4515;2675;751;0
4516;2675;3465;0
4517;2675;3466;0
4518;2675;3467;0
4520;2675;2971;0
4521;2675;3469;0
4522;2675;3470;0
4523;2675;3471;0
4524;2675;3472;0
4525;2675;3473;0
4526;2675;1206;0
4527;2675;1207;0
4528;2675;3474;0
4529;2675;752;0
4530;2675;3475;0
4531;2675;3146;0
4532;2675;3476;0
4535;2675;3479;0
4537;2675;3481;0
4538;2675;2376;0
4539;2675;3482;0
4540;2675;3483;0
4541;2675;3150;0
4542;2675;3484;0
4544;2675;2606;0
4547;2675;3488;0
4548;2675;3489;0
4549;2675;2862;0
4550;2675;3490;0
4551;2675;2751;0
4554;2675;999;0
4555;2675;3492;0
4556;2675;2753;0
4557;2675;3154;0
4558;2675;1004;0
4560;2675;1006;0
4561;2675;3494;0
4562;2675;3495;0
4563;2675;3496;0
4564;2675;3497;0
4565;2675;3498;0
4566;2675;3499;0
4567;2675;3500;0
4568;2675;3501;0
4569;2675;3502;0
4570;2675;3503;0
4571;2675;3504;0
4573;2675;2866;0
4574;2675;1568;0
4575;2675;3505;0
4576;2675;3160;0
4577;2675;2974;0
4578;2675;3506;0
4580;2675;2867;0
4581;2675;3161;0
4582;2675;3508;0
4583;2675;3509;0
4584;2675;3163;0
4585;2675;3510;0
4586;2675;3511;0
4587;2675;1935;0
4588;2675;1214;0
4589;2675;755;0
4590;2675;3512;0
4591;2675;2388;0
4592;2675;1215;0
4593;2675;1936;0
4594;2675;3513;0
4596;2675;3515;0
4597;2675;3516;0
4598;2675;1428;0
4599;2675;3517;0
4600;2675;2491;0
4602;2675;3519;0
4603;2675;1582;1
4604;2675;3520;0
4606;2675;2615;0
4608;2675;2616;0
4610;2675;3524;0
4611;2675;3525;0
4612;2675;1432;0
4613;2675;3526;0
4614;2675;3527;0
4615;2675;3528;0
4616;2675;1732;0
4617;2675;1733;0
4618;2675;3529;0
4619;2675;3530;0
4620;2675;2619;1
4621;2675;3531;0
4622;2675;3532;0
4623;2675;3533;0
4624;2675;1586;0
4625;2675;1034;0
4626;2675;3534;0
4627;2675;3535;0
4628;2675;3536;0
4629;2675;3537;0
4630;2675;1434;0
4631;2675;1218;0
4634;2675;3540;0
4635;2675;1958;0
4636;2675;1220;1
4638;2675;2394;0
4640;2675;3543;0
4641;2675;2395;0
4645;2675;3545;0
4646;2675;93;1
4647;2675;3546;1
4648;2675;3547;0
4649;2675;3548;0
4650;2675;3549;0
4651;2675;3550;0
4652;2675;3551;0
4653;2675;2399;0
4654;2675;2778;1
4655;2675;3552;0
4658;2675;1228;0
4659;2675;3554;0
4660;2675;1229;0
4663;2675;3556;0
4664;2675;1230;0
4665;2675;1044;0
4666;2675;3557;0
4668;2675;2406;0
4669;2675;3559;0
4670;2675;3560;0
4671;2675;1231;0
4672;2675;3561;0
4673;2675;3562;0
4674;2675;1599;1
4675;2675;3563;0
4676;2675;3564;0
4677;2675;3565;0
4678;2675;1046;0
4679;2675;3566;0
4680;2675;3567;1
4681;2675;1049;0
4682;2675;1235;0
4683;2675;3568;0
4684;2675;1050;0
4685;2675;3569;0
4686;2675;3570;0
4687;2675;3571;0
4688;2675;2625;0
4689;2675;3186;0
4690;2675;3572;0
4691;2675;1988;0
4692;2675;1604;0
4693;2675;1239;0
4694;2675;3573;0
4695;2675;3574;0
4696;2675;3575;0
4697;2675;3576;0
4698;2675;3577;0
4699;2675;3578;0
4700;2675;3579;0
4701;2675;3580;0
4702;2675;3581;0
4704;2675;3582;0
4705;2675;2414;0
4706;2675;3583;0
4707;2675;2416;0
4708;2675;3584;0
4709;2675;3585;0
4710;2675;3586;0
4711;2675;3587;0
4712;2675;1997;0
4713;2675;3588;0
4714;2675;2627;1
4715;2675;3589;0
4716;2675;3189;0
4718;2675;3590;0
4719;2675;1243;0
4721;2675;3592;0
4723;2675;3593;0
4724;2675;3594;0
4725;2675;2007;1
4726;2675;1609;0
4727;2675;1246;0
4728;2675;3595;0
4729;2675;3596;0
4731;2675;3598;0
4732;2675;1249;0
4733;2675;3032;0
4734;2675;3193;0
4735;2675;1250;0
4736;2675;1058;0
4737;2675;3599;0
4738;2675;2790;0
4741;2675;3600;0
4742;2675;3601;1
4744;2675;3603;0
4745;2675;3604;0
4746;2675;2432;0
4747;2675;3605;0
4748;2675;2027;0
4749;2675;3606;0
4750;2675;3607;0
4751;2675;2792;0
4752;2675;3608;0
4753;2675;3609;0
4754;2675;3610;0
4755;2675;1063;1
4757;2675;3612;0
4761;2675;3614;0
4762;2675;1767;0
4763;2675;3615;0
4764;2675;1257;1
4768;2675;1258;0
4769;2675;1620;0
4771;2675;1259;0
4772;2675;1260;0
4773;2675;1065;0
4774;2675;3619;0
4775;2675;2040;0
4776;2675;3620;0
4777;2675;1261;0
4778;2675;3621;0
4779;2675;3622;0
4781;2675;1262;0
4782;2675;2900;0
4783;2675;1263;1
4784;2675;3623;1
4785;2675;1264;0
4786;2675;3624;0
4787;2675;1901;0
4788;2675;2054;0
4789;2675;3625;0
4790;2675;3626;0
4793;2675;1070;1
4794;2675;126;0
4797;2675;3629;0
4798;2675;3630;0
4799;2675;1071;0
4805;2675;2447;0
4808;2675;3635;0
4811;2675;3220;0
4814;2675;3640;0
4859;2675;1832;0
4865;2675;3668;0
4866;2675;770;0
4869;2675;3671;0
4895;3165;2616;1
4897;3165;3525;1
4898;3165;3690;0
4899;3165;3537;1
4900;3165;3546;0
4901;3165;3691;0
4902;3165;3550;0
4903;3165;3692;0
4904;3165;3559;0
4906;3165;1599;0
4907;3165;3565;0
4908;3165;3693;1
4909;3165;3576;0
4910;3165;3584;0
4911;3165;3589;1
4912;3165;3694;0
4913;3165;3695;0
4914;3165;3609;0
4915;3165;3619;0
4916;3165;2838;0
4918;3165;126;0
4919;3165;1071;0
4926;3165;1302;0
4940;3136;3706;0
4941;3136;3707;1
4942;3136;3708;1
4943;3136;3156;0
4944;3136;3709;1
4945;3136;3710;1
4954;3136;3719;1
4955;3136;3720;0
4956;3136;3721;0
4957;3136;3722;0
4958;3136;1946;0
4959;3136;3723;0
4960;3136;3537;1
4964;3136;93;0
4965;3136;3726;0
4966;3136;3181;1
4967;3136;2623;1
4968;3136;3727;0
4969;3136;1973;0
4970;3136;3728;0
4971;3136;2781;1
4973;3136;3730;0
4974;3136;3731;0
4975;3136;1053;0
4978;3136;3589;0
4979;3136;1057;1
4980;3136;2788;1
4981;3136;1058;0
4983;3136;3732;0
4984;3136;3733;0
4985;3136;3734;0
4987;3136;3736;0
4988;3136;3621;0
4990;3136;2054;0
4991;3136;126;0
5010;3136;2150;0
5025;3762;3763;0
5026;3762;3764;0
5027;3762;3765;0
5028;3762;1152;1
5029;3762;3766;0
5030;3762;3767;0
5031;3762;3768;0
5032;3762;3769;0
5033;3762;3770;0
5035;3762;1168;0
5036;3762;3771;0
5038;3762;2040;1
5040;3762;3773;0
5048;2520;3778;0
5049;2520;3779;0
5050;2520;3780;0
5051;2520;3781;1
5052;2520;3014;0
5053;2520;3782;0
5054;2520;3783;1
5055;2520;3784;0
5056;2520;3785;0
5057;2520;3786;0
5058;2520;3787;1
5059;2520;3788;0
5060;2520;3789;0
5061;2520;3790;0
5062;2520;3791;1
5064;2520;3793;0
5065;2520;3794;0
5066;2520;3795;1
5067;2520;3796;0
5068;2520;3797;0
5069;2520;3798;0
5070;2520;3799;0
5071;2520;2527;1
5073;2520;3801;0
5074;2520;3802;0
5075;2520;2529;1
5077;2520;3804;1
5079;2520;3806;0
5081;2520;3808;0
5082;2520;3809;0
5083;2520;3810;0
5084;2520;3811;0
5085;2520;3812;0
5086;2520;3813;0
5087;2520;3814;1
5088;2520;3815;1
5089;2520;3816;1
5090;2520;3817;0
5091;2520;3818;0
5092;2520;3819;1
5093;2520;3820;1
5094;2520;1457;1
5095;2520;3821;0
5096;2520;3822;1
5097;2520;3823;0
5098;2520;3824;1
5099;2520;3825;0
5100;2520;3826;0
5101;2520;3827;0
5102;2520;3828;0
5103;2520;3829;0
5104;2520;2660;1
5105;2520;3830;0
5106;2520;3831;1
5107;2520;3832;1
5108;2520;3833;0
5109;2520;721;0
5111;2520;3834;1
5112;2520;3835;0
5113;2520;3836;0
5114;2520;3837;1
5117;2520;3840;0
5119;2520;3842;0
5120;2520;3843;1
5121;2520;3100;1
5122;2520;3844;0
5123;2520;3845;0
5124;2520;3846;1
5125;2520;3847;0
5126;2520;3848;0
5127;2520;3849;0
5128;2520;3850;0
5129;2520;2241;0
5130;2520;3851;0
5132;2520;3102;0
5133;2520;3852;1
5134;2520;3853;0
5135;2520;739;0
5136;2520;2272;0
5137;2520;3104;1
5138;2520;3854;1
5139;2520;3855;1
5140;2520;2687;1
5141;2520;3105;0
5142;2520;2276;1
5143;2520;3856;1
5144;2520;3106;1
5145;2520;1479;0
5146;2520;3857;0
5147;2520;3858;0
5148;2520;2572;0
5149;2520;1877;0
5150;2520;1484;0
5151;2520;3108;1
5152;2520;3859;0
5153;2520;3860;0
5154;2520;3861;0
5155;2520;3404;0
5156;2520;3115;1
5157;2520;3862;1
5158;2520;2310;0
5159;2520;3863;0
5160;2520;3864;0
5161;2520;3865;0
5162;2520;2313;0
5163;2520;3866;0
5164;2520;3118;0
5165;2520;743;0
5166;2520;3867;0
5168;2520;2488;0
5169;2520;3119;0
5170;2520;744;0
5171;2520;2716;0
5172;2520;3869;1
5173;2520;3870;1
5174;2520;2721;0
5175;2520;2720;0
5176;2520;2722;0
5177;2520;2592;0
5180;2520;2343;1
5182;2520;1548;1
5183;2520;3873;1
5184;2520;3874;0
5185;2520;3875;0
5187;2520;3877;0
5188;2520;982;0
5189;2520;2368;0
5190;2520;749;0
5191;2520;1885;0
5192;2520;3878;0
5193;2520;1553;1
5194;2520;3879;0
5196;2520;3881;0
5197;2520;3882;0
5198;2520;3883;0
5199;2520;3884;0
5200;2520;1560;0
5202;2520;1207;0
5203;2520;2374;0
5204;2520;1703;0
5205;2520;3479;1
5206;2520;3484;0
5207;2520;1507;1
5209;2520;999;1
5211;2520;1001;0
5212;2520;1003;0
5213;2520;3887;0
5214;2520;3888;0
5215;2520;3889;1
5216;2520;1210;0
5217;2520;2610;0
5218;2520;3890;1
5220;2520;3891;0
5222;2520;1016;0
5223;2520;3893;0
5224;2520;1427;0
5225;2520;3517;0
5226;2520;3894;0
5228;2520;3896;0
5229;2520;3897;0
5230;2520;1029;0
5231;2520;3533;1
5233;2520;2394;0
5234;2520;2395;1
5235;2520;93;1
5236;2520;3549;0
5237;2520;3899;0
5238;2520;3900;0
5239;2520;3901;0
5240;2520;2406;1
5241;2520;1044;0
5242;2520;1231;0
5243;2520;3902;0
5244;2520;2784;0
5246;2520;3903;0
5250;2520;2426;0
5252;2520;1251;0
5253;2520;3906;1
5254;2520;2432;0
5255;2520;2027;0
5257;2520;1256;0
5258;2520;2436;0
5259;2520;1260;1
5260;2520;3619;0
5261;2520;1070;0
5262;2520;126;0
5293;2520;770;0
5297;3934;3935;0
5298;3934;3936;0
5300;3934;3938;0
5302;3934;3940;0
5304;3934;3941;0
5305;3934;3942;1
5306;3934;3943;0
5308;3934;3945;0
5309;3934;3946;0
5310;3934;2674;0
5315;3934;3853;0
5316;3934;739;1
5317;3934;2685;1
5319;3934;3952;0
5320;3934;3953;1
5321;3934;3954;0
5322;3934;3955;0
5323;3934;3956;0
5324;3934;1483;0
5325;3934;3957;1
5326;3934;3958;0
5330;3934;3962;1
5332;3934;2488;1
5333;3934;3963;1
5334;3934;3964;1
5335;3934;3965;1
5336;3934;3966;0
5337;3934;3421;0
5338;3934;3967;0
5339;3934;3968;1
5340;3934;3969;0
5341;3934;3970;0
5342;3934;3971;1
5343;3934;3972;1
5345;3934;3974;0
5346;3934;3126;1
5347;3934;3434;0
5348;3934;966;0
5349;3934;3975;1
5352;3934;748;0
5355;3934;3980;0
5357;3934;3982;0
5359;3934;3884;0
5360;3934;3984;0
5361;3934;3985;1
5362;3934;3986;1
5363;3934;3987;0
5364;3934;3988;1
5365;3934;3989;1
5367;3934;3991;0
5370;3934;3994;1
5371;3934;3995;0
5373;3934;3997;1
5375;3934;3999;0
5376;3934;3896;1
5377;3934;1027;0
5378;3934;4000;0
5379;3934;4001;0
5381;3934;4003;0
5387;3934;93;0
5388;3934;3180;0
5389;3934;4009;0
5390;3934;4010;0
5391;3934;3901;0
5392;3934;4011;0
5393;3934;250;0
5394;3934;1045;0
5395;3934;4012;0
5396;3934;1055;0
5399;3934;1997;0
5400;3934;2627;1
5401;3934;105;1
5403;3934;2423;0
5404;3934;4013;0
5408;3934;4017;1
5409;3934;2040;0
5412;3934;126;0
5420;3934;770;1
5434;4035;4036;0
5435;4035;3570;0
5436;4035;4037;0
5438;4035;4039;0
5446;4035;2067;0
5449;4035;4048;0
5451;4035;4050;0
5456;4052;4053;0
5457;4052;4054;0
5458;4052;4055;0
5459;4052;4056;0
5465;4052;4062;0
5466;4052;4063;0
5467;4052;4064;0
5471;4052;4068;0
5472;4052;4069;0
5473;4052;1;0
5474;4052;4070;0
5478;4052;4074;0
5483;4052;4079;0
5484;4052;4080;0
5485;4052;4081;0
5486;4052;4082;0
5487;4052;4083;0
5488;4052;20;0
5489;4052;4084;0
5490;4052;4085;0
5491;4052;4086;0
5492;4052;4087;0
5493;4052;4088;0
5503;4052;4098;0
5504;4052;4099;0
5505;4052;4100;0
5506;4052;4101;0
5507;4052;4102;1
5509;4052;4104;0
5510;4052;2960;0
5511;4052;4105;0
5520;4052;4114;0
5522;4052;4116;0
5523;4052;38;0
5524;4052;4117;0
5525;4052;4118;0
5526;4052;4119;0
5528;4052;4121;0
5530;4052;4123;0
5531;4052;4124;0
5532;4052;4125;0
5533;4052;4126;0
5534;4052;4127;0
5539;4052;4132;0
5540;4052;2578;0
5541;4052;4133;0
5542;4052;4134;0
5544;4052;4136;0
5552;4052;4144;0
5553;4052;4145;1
5554;4052;4146;0
5555;4052;4147;0
5558;4052;4150;0
5559;4052;4151;0
5560;4052;426;0
5561;4052;4152;0
5563;4052;4154;0
5565;4052;4156;0
5568;4052;4159;0
5569;4052;4160;0
5570;4052;4161;0
5573;4052;4164;0
5575;4052;4166;0
5576;4052;2367;0
5578;4052;4168;0
5580;4052;4170;0
5582;4052;4172;0
5583;4052;4173;0
5584;4052;4174;0
5586;4052;4176;0
5592;4052;4182;0
5595;4052;4185;0
5596;4052;4186;0
5597;4052;4187;0
5601;4052;4191;0
5602;4052;1027;0
5603;4052;4192;0
5606;4052;4195;0
5608;4052;4197;0
5609;4052;4198;0
5614;4052;4203;0
5616;4052;93;0
5619;4052;2407;0
5628;4052;105;0
5631;4052;4216;0
5633;4052;4218;0
5647;4052;4232;0
5691;4052;770;0
5731;4292;4050;0
5781;4360;4362;0
5783;4360;4363;0
5785;4360;4365;0
5787;4360;4367;0
5788;4360;4368;0
5789;4360;3449;0
5792;4360;4371;0
5795;4360;4374;0
5796;4360;4375;0
5797;4360;4376;0
5799;4360;4378;0
5800;4360;4379;1
5803;4360;4382;0
5815;4391;4365;0
5816;4391;4392;0
5818;4391;4394;1
5820;4391;4395;0
5822;4391;4397;0
5823;4391;3449;1
5824;4391;4164;1
5826;4391;4399;0
5827;4391;4400;0
5829;4391;752;0
5830;4391;4402;1
5831;4391;4375;0
5833;4391;4376;0
5836;4391;4405;0
5837;4391;4406;0
5840;4391;4409;0
5841;4391;4410;0
5842;4391;229;0
5848;4391;4415;0
5849;4391;4035;0
5850;4391;3181;0
5851;4391;2623;0
5852;4391;2781;0
5853;4391;4416;0
5856;4391;4039;0
5857;4391;4418;0
5862;4391;1057;0
5865;4391;2431;0
5867;4391;4424;0
5868;4391;4425;0
5870;4391;4426;0
5879;4391;4050;0
5885;4391;770;0
5893;4438;4439;0
5894;4438;4440;1
5896;4438;4442;0
5898;4438;4444;0
5899;4438;4445;0
5907;4438;4453;1
5917;4438;4463;1
5919;4438;4465;0
5920;4438;4466;0
5923;4438;4469;1
5926;4438;2591;0
5932;4438;4477;0
5933;4438;4478;0
5935;4438;4480;0
5936;4438;4481;0
5939;4438;4484;0
5944;4438;865;0
5945;4438;4489;0
5946;4438;4490;0
5952;4438;4496;0
5955;4438;93;0
5957;4438;3901;0
5962;4438;1997;0
5965;4438;4506;0
5966;4438;818;0
5967;4438;4507;0
5970;4438;4510;0
5971;4438;4511;0
5973;4438;4017;0
5982;4438;4521;0
5984;4438;126;0
5987;4438;827;0
5988;4438;2067;0
5993;4438;879;0
6000;4438;4534;0
6008;4438;4542;0
6059;4438;770;0
6097;229;4623;0
6231;4496;4744;0
6329;4496;4831;0
7059;5327;5345;0
7070;5356;2528;0
7071;5356;5357;1
7072;5356;5358;1
7073;5356;5359;1
7074;5356;5360;0
7075;5356;5361;1
7076;5356;5362;0
7077;5356;5363;0
7078;5356;5364;0
7079;5356;5365;0
7080;5356;5366;1
7081;5356;5367;1
7083;5356;5369;0
7085;5356;5371;0
7086;5356;5372;1
7087;5356;5373;0
7088;5356;5374;1
7091;5356;5377;0
7092;5356;5378;1
7093;5356;5379;0
7094;5356;5380;0
7095;5356;5381;1
7096;5356;5382;1
7097;5356;2653;0
7098;5356;5383;0
7099;5356;5384;1
7100;5356;2668;0
7101;5356;5040;1
7102;5356;5385;1
7103;5356;2671;1
7104;5356;5386;0
7105;5356;2674;0
7106;5356;5387;1
7107;5356;5388;0
7108;5356;2556;0
7109;5356;3389;0
7110;5356;3392;0
7113;5356;739;1
7114;5356;5391;0
7115;5356;5392;0
7116;5356;5393;0
7118;5356;5395;1
7119;5356;5396;1
7120;5356;5397;1
7121;5356;5398;1
7122;5356;2699;0
7123;5356;5399;0
7124;5356;5400;1
7125;5356;5401;1
7126;5356;3404;1
7127;5356;2824;1
7128;5356;5402;1
7129;5356;5403;1
7130;5356;2707;1
7131;5356;3409;1
7132;5356;2709;0
7133;5356;5404;1
7134;5356;2581;0
7135;5356;5405;1
7136;5356;5406;1
7138;5356;5407;1
7139;5356;5408;0
7140;5356;5409;0
7141;5356;2488;0
7142;5356;744;0
7143;5356;5410;0
7144;5356;5411;0
7145;5356;2718;1
7146;5356;5412;1
7147;5356;5413;1
7148;5356;2721;1
7149;5356;2966;1
7150;5356;5414;0
7151;5356;3130;0
7152;5356;966;0
7153;5356;5076;0
7154;5356;2351;1
7155;5356;3449;1
7156;5356;2600;1
7158;5356;5416;0
7160;5356;5418;0
7161;5356;5419;0
7164;5356;5422;0
7165;5356;1722;0
7166;5356;1027;0
7168;5356;93;0
7169;5356;868;0
7175;5356;2067;0
7187;5356;770;0
7188;5356;2993;0
7621;5809;5812;0
7622;5809;1478;0
7623;5809;5813;0
7624;5809;5814;0
7626;5809;5816;0
7627;5809;5817;0
7628;5809;5818;0
7630;5809;5820;0
7631;5809;5821;0
7632;5809;5822;0
7633;5809;5823;0
7634;5809;5824;0
7635;5809;5825;0
7636;5809;5826;0
7637;5809;5827;0
7638;5809;5828;0
7639;5809;5829;0
7640;5809;5830;0
7641;5809;5831;0
7642;5809;5832;0
7643;5809;5833;0
7644;5809;5064;0
7645;5809;5834;0
7646;5809;5835;1
7647;5809;5836;0
7648;5809;5837;0
7649;5809;5838;0
7650;5809;5839;0
7653;5809;5842;1
7654;5809;5843;0
7655;5809;5844;0
7656;5809;5845;0
7657;5809;5846;0
7658;5809;5847;0
7659;5809;5848;1
7660;5809;5849;0
7661;5809;5850;0
7662;5809;5851;0
7663;5809;5852;1
7664;5809;3972;0
7665;5809;5853;0
7666;5809;2967;0
7667;5809;2723;0
7669;5809;971;0
7670;5809;2349;0
7671;5809;5855;0
7672;5809;975;0
7673;5809;5856;0
7674;5809;5857;0
7675;5809;5858;1
7676;5809;5859;1
7677;5809;5860;0
7678;5809;5861;0
7679;5809;5862;0
7680;5809;5863;0
7681;5809;5864;0
7682;5809;5865;0
7683;5809;990;0
7684;5809;5866;1
7685;5809;3470;0
7687;5809;5868;1
7688;5809;1001;1
7689;5809;2753;0
7690;5809;1008;0
7691;5809;1011;1
7692;5809;5869;0
7693;5809;5870;0
7695;5809;5871;0
7696;5809;2975;1
7697;5809;5872;0
7699;5809;5874;0
7700;5809;1941;0
7701;5809;3897;0
7702;5809;1027;0
7703;5809;5875;0
7704;5809;1727;0
7705;5809;1036;0
7706;5809;5876;0
7708;5809;93;0
7709;5809;5878;0
7710;5809;5879;0
7712;5809;1055;0
7713;5809;1057;0
7714;5809;5880;0
7715;5809;5881;1
7718;5809;4017;0
7720;5809;5884;0
7726;5809;770;0
7727;5809;5887;0
7728;5809;5888;0
7729;5809;2993;0
7731;5809;5889;0
7737;5894;5896;0
7738;5894;5897;0
7739;5894;5898;0
7740;5894;5899;0
7741;5894;5900;0
7742;5894;5901;0
7745;5894;5903;0
7746;5894;5904;0
7747;5894;5905;1
7748;5894;5906;0
7749;5894;5907;0
7750;5894;5908;0
7753;5894;5911;0
7754;5894;5912;0
7755;5894;5913;0
7756;5894;5914;0
7758;5894;5916;1
7759;5894;5917;0
7760;5894;739;0
7761;5894;5812;0
7762;5894;5918;1
7763;5894;405;0
7764;5894;5814;0
7765;5894;5919;0
7766;5894;5820;0
7767;5894;5920;0
7769;5894;5922;1
7770;5894;5923;1
7772;5894;5399;0
7773;5894;5925;1
7774;5894;3406;0
7775;5894;5833;0
7777;5894;5927;0
7780;5894;744;0
7781;5894;5930;0
7782;5894;5931;0
7783;5894;5932;0
7784;5894;5933;1
7785;5894;5934;1
7786;5894;5935;0
7787;5894;429;0
7788;5894;5936;1
7789;5894;5937;0
7790;5894;966;0
7792;5894;5712;0
7793;5894;5938;0
7794;5894;5939;0
7795;5894;5858;1
7796;5894;5940;0
7797;5894;5941;0
7798;5894;5942;0
7799;5894;5943;0
7800;5894;5944;0
7801;5894;5945;0
7803;5894;5728;1
7806;5894;3470;1
7807;5894;5949;0
7808;5894;5950;0
7809;5894;5951;0
7810;5894;5868;0
7812;5894;5952;1
7813;5894;3988;0
7818;5894;5955;0
7820;5894;5957;1
7821;5894;5958;0
7822;5894;5959;0
7823;5894;5960;0
7825;5894;1722;0
7826;5894;5961;0
7834;5894;5968;0
7836;5894;5969;1
7837;5894;5970;0
7838;5894;3901;0
7840;5894;5972;1
7842;5894;5973;0
7844;5894;5975;0
7845;5894;485;0
7846;5894;5976;0
7847;5894;5772;1
7849;5894;3197;0
7852;5894;5979;1
7854;5894;126;1
7858;5894;879;0
7863;5894;5984;0
7873;5894;770;1
7874;5894;2993;0
7882;5904;5996;0
7883;5904;5997;1
7885;5904;5999;0
7886;5904;6000;0
7887;5904;5905;0
7888;5904;5908;0
7889;5904;6001;0
7890;5904;6002;0
7891;5904;6003;1
7892;5904;722;0
7893;5904;6004;0
7896;5904;6007;0
7897;5904;6008;0
7900;5904;6011;0
7901;5904;6012;0
7902;5904;6013;0
7904;5904;3941;0
7905;5904;6015;0
7906;5904;6016;1
7907;5904;6017;0
7908;5904;6018;0
7909;5904;6019;0
7910;5904;6020;1
7911;5904;6021;1
7912;5904;6022;0
7913;5904;6023;0
7914;5904;5809;0
7916;5904;2960;1
7917;5904;6025;1
7919;5904;6027;0
7920;5904;5812;0
7921;5904;6028;1
7922;5904;6029;0
7923;5904;6030;0
7924;5904;6031;0
7926;5904;3953;0
7927;5904;6032;0
7928;5904;3106;1
7929;5904;6033;1
7930;5904;5920;0
7932;5904;6034;0
7933;5904;420;0
7934;5904;3962;1
7935;5904;6035;0
7937;5904;6036;0
7939;5904;6037;0
7940;5904;6038;0
7941;5904;5842;1
7943;5904;5844;1
7945;5904;5845;1
7946;5904;5930;0
7947;5904;2967;0
7948;5904;6041;0
7949;5904;6042;1
7950;5904;2723;0
7951;5904;5936;0
7953;5904;6043;0
7955;5904;2343;0
7956;5904;5858;1
7957;5904;5859;0
7958;5904;6044;0
7959;5904;445;0
7960;5904;6045;0
7963;5904;3144;0
7964;5904;6048;0
7965;5904;5868;1
7968;5904;1001;1
7970;5904;6050;1
7971;5904;6051;0
7972;5904;1008;0
7973;5904;1011;1
7976;5904;6054;0
7977;5904;6055;0
7979;5904;6056;0
7980;5904;6057;0
7981;5904;3893;0
7982;5904;6058;0
7983;5904;756;0
7985;5904;6060;0
7986;5904;3896;1
7987;5904;3897;0
7988;5904;6061;0
7989;5904;6062;0
7990;5904;5875;0
7991;5904;1727;0
7995;5904;6064;0
7996;5904;3901;0
7997;5904;1973;1
8000;5904;1057;0
8001;5904;5976;0
8002;5904;5772;0
8003;5904;6066;0
8006;5904;4017;0
8012;5904;6071;1
8013;5904;1188;0
8028;6079;6080;0
8029;6079;6081;0
8031;6079;6083;0
8032;6079;739;1
8033;6079;6084;0
8034;6079;6085;0
8035;6079;1123;0
8036;6079;4121;0
8037;6079;6086;0
8038;6079;1480;0
8039;6079;6087;0
8040;6079;2572;0
8041;6079;6088;0
8043;6079;6090;0
8044;6079;6091;0
8045;6079;6092;0
8046;6079;6093;0
8047;6079;6094;0
8048;6079;6095;0
8049;6079;5399;1
8050;6079;6096;0
8051;6079;6097;0
8052;6079;2824;0
8053;6079;6098;0
8054;6079;3406;0
8055;6079;2579;0
8057;6079;2580;0
8058;6079;6100;0
8059;6079;6101;0
8060;6079;6102;0
8061;6079;6103;0
8063;6079;6105;0
8064;6079;6106;0
8065;6079;6107;0
8066;6079;6108;0
8069;6079;2488;0
8070;6079;6111;0
8071;6079;744;1
8072;6079;6112;0
8073;6079;6113;0
8074;6079;6114;0
8075;6079;6115;0
8076;6079;6116;0
8078;6079;5071;0
8079;6079;6118;0
8080;6079;1496;1
8081;6079;6119;1
8082;6079;6120;0
8083;6079;6121;0
8084;6079;6122;0
8085;6079;2322;0
8086;6079;5934;0
8087;6079;6123;0
8088;6079;3428;0
8089;6079;6124;0
8091;6079;6126;0
8093;6079;6128;0
8094;6079;2327;0
8095;6079;5936;0
8096;6079;6129;0
8097;6079;6130;0
8098;6079;3130;0
8099;6079;966;1
8101;6079;6132;0
8104;6079;748;0
8106;6079;5939;0
8107;6079;441;0
8108;6079;5077;0
8109;6079;6136;0
8110;6079;3452;0
8112;6079;5941;0
8113;6079;6138;0
8114;6079;5942;0
8115;6079;5943;0
8116;6079;1500;0
8117;6079;1697;1
8118;6079;5944;0
8119;6079;3982;0
8120;6079;3458;0
8121;6079;6139;0
8122;6079;6140;0
8123;6079;6141;0
8124;6079;6142;0
8125;6079;451;0
8126;6079;6143;0
8127;6079;617;0
8128;6079;4478;1
8129;6079;6144;0
8130;6079;5728;0
8131;6079;6145;0
8132;6079;6146;0
8133;6079;3465;0
8134;6079;3469;0
8135;6079;3141;1
8136;6079;2604;0
8137;6079;6147;0
8139;6079;5951;0
8140;6079;6149;0
8143;6079;1709;0
8144;6079;6152;0
8145;6079;3991;0
8146;6079;6153;0
8147;6079;6154;0
8148;6079;1425;0
8150;6079;5959;0
8151;6079;633;0
8152;6079;6155;0
8153;6079;1722;0
8154;6079;6156;0
8155;6079;1027;0
8157;6079;6158;0
8160;6079;1957;0
8162;6079;93;0
8163;6079;3180;0
8164;6079;6162;0
8166;6079;1973;0
8167;6079;4012;0
8171;6079;6166;0
8172;6079;6167;0
8173;6079;1057;0
8174;6079;5772;0
8175;6079;6168;0
8176;6079;2790;0
8177;6079;5109;0
8178;6079;1520;0
8183;6079;6171;0
8189;6079;770;1
8201;6183;6184;0
8203;6183;6186;0
8204;6183;6187;0
8205;6183;6188;0
8206;6183;6189;0
8209;6183;6192;0
8210;6183;6193;0
8211;6183;2591;0
8212;6183;6194;0
8215;6183;6197;0
8216;6183;6198;0
8217;6183;4402;1
8219;6183;6200;0
8220;6183;6201;0
8221;6183;6202;0
8224;6183;6205;0
8226;6183;6207;0
8227;6183;3167;0
8228;6183;1027;0
8230;6183;6208;0
8231;6183;6209;0
8232;6183;6210;1
8235;6183;6213;0
8237;6183;6215;0
8240;6183;93;0
8242;6183;3180;0
8243;6183;3560;0
8244;6183;6219;0
8245;6183;6220;0
8246;6183;6221;0
8247;6183;6222;0
8249;6183;105;0
8250;6183;4507;0
8252;6183;2985;0
8253;6183;6225;0
8254;6183;2042;0
8255;6183;6226;1
8256;6183;283;0
8258;6183;6227;1
8259;6183;2050;0
8261;6183;1070;0
8266;6183;6229;0
8267;6183;879;0
8273;6183;770;0
8278;6237;6238;1
8279;6237;6239;1
8280;6237;6240;1
8281;6237;6241;1
8283;6237;6243;1
8284;6237;6244;0
8285;6237;3706;0
8286;6237;6245;1
8287;6237;6246;0
8288;6237;5418;1
8290;6237;6247;0
8291;6237;6248;0
8292;6237;6249;1
8293;6237;89;1
8294;6237;6250;0
8295;6237;6215;0
8296;6237;6251;0
8297;6237;807;0
8298;6237;2782;1
8299;6237;2783;1
8300;6237;6252;0
8302;6237;2050;0
8308;2305;6258;0
8309;2305;6259;1
8310;2305;6260;0
8311;2305;6261;1
8313;2305;6263;0
8314;2305;6264;0
8316;2305;6266;0
8318;2305;6268;0
8320;2305;5395;0
8325;2305;6186;0
8326;2305;6274;0
8328;2305;6275;0
8330;2305;6238;0
8331;2305;6277;0
8333;2305;6279;0
8334;2305;6280;0
8335;2305;6189;0
8336;2305;6281;1
8337;2305;5406;0
8338;2305;6282;0
8339;2305;6283;0
8340;2305;4145;0
8341;2305;4392;0
8342;2305;2718;0
8344;2305;5413;0
8345;2305;5851;0
8346;2305;2721;0
8347;2305;6284;1
8350;2305;6287;0
8352;2305;3130;0
8353;2305;6289;0
8358;2305;6293;0
8360;2305;4367;0
8361;2305;6294;1
8362;2305;6295;0
8363;2305;2731;0
8364;2305;3449;0
8365;2305;6296;0
8366;2305;6243;0
8367;2305;6297;0
8368;2305;6298;1
8370;2305;6244;0
8371;2305;6300;0
8372;2305;2600;0
8373;2305;5863;0
8374;2305;2367;0
8375;2305;6301;0
8377;2305;6139;0
8378;2305;6303;0
8379;2305;2742;0
8380;2305;6304;0
8383;2305;6305;0
8385;2305;6307;0
8386;2305;6308;1
8388;2305;6310;1
8390;2305;6312;0
8392;2305;6313;0
8393;2305;6245;1
8394;2305;4375;0
8396;2305;4376;0
8398;2305;5418;1
8399;2305;4378;0
8400;2305;2753;0
8402;2305;6317;0
8403;2305;6318;0
8404;2305;6319;0
8405;2305;6202;0
8406;2305;6320;0
8407;2305;6321;0
8414;2305;6327;0
8415;2305;5870;0
8416;2305;4405;1
8417;2305;4406;0
8419;2305;6329;0
8426;2305;6334;0
8428;2305;6336;0
8430;2305;6249;1
8431;2305;6338;0
8433;2305;6339;0
8434;2305;1949;1
8435;2305;6340;1
8436;2305;6208;0
8437;2305;6341;0
8439;2305;6343;0
8440;2305;6344;0
8443;2305;6213;1
8445;2305;1959;0
8446;2305;6215;1
8447;2305;4415;1
8450;2305;6347;0
8452;2305;6349;0
8453;2305;6350;1
8454;2305;5097;0
8456;2305;6352;1
8457;2305;2783;1
8461;2305;6355;0
8462;2305;4037;0
8463;2305;868;0
8469;2305;2410;0
8470;2305;6222;0
8473;2305;6362;0
8474;2305;4039;0
8476;2305;105;0
8480;2305;6366;0
8485;2305;6369;0
8486;2305;6252;1
8487;2305;6370;0
8489;2305;2428;1
8490;2305;6372;1
8491;2305;6373;0
8492;2305;6374;0
8496;2305;6377;0
8498;2305;2433;1
8499;2305;6379;1
8500;2305;6380;1
8502;2305;4424;0
8506;2305;5224;0
8509;2305;6383;0
8510;2305;2044;0
8511;2305;283;0
8513;2305;2050;1
8528;2305;2455;1
8550;2305;6399;0
8565;6411;6414;0
8566;6411;6415;0
8567;6411;6416;0
8569;6411;6418;0
8571;6411;6420;0
8573;6411;2506;0
8574;6411;6422;1
8575;6411;6423;0
8578;6411;6426;0
8583;6411;2507;0
8584;6411;6431;0
8587;6411;6434;0
8589;6411;6436;0
8590;6411;6437;1
8591;6411;6438;1
8592;6411;6439;0
8593;6411;6440;1
8594;6411;6441;1
8596;6411;6443;0
8597;6411;6444;1
8598;6411;6445;0
8600;6411;6447;0
8601;6411;2520;0
8602;6411;6448;0
8610;6411;6456;0
8611;6411;6457;0
8613;6411;6459;0
8614;6411;6460;0
8615;6411;6461;0
8621;6411;6467;0
8622;6411;6468;0
8627;6411;6473;0
8628;6411;6474;0
8629;6411;6475;0
8630;6411;6476;1
8634;6411;6480;0
8636;6411;6482;0
8637;6411;6483;1
8643;6411;6489;1
8644;6411;2668;0
8647;6411;6492;0
8648;6411;6261;0
8649;6411;6493;0
8650;6411;5046;0
8653;6411;3392;0
8656;6411;739;0
8659;6411;6268;1
8661;6411;5395;0
8662;6411;6501;0
8664;6411;6274;0
8668;6411;2305;0
8670;6411;6279;0
8671;6411;2581;0
8672;6411;6189;0
8674;6411;6281;1
8675;6411;5406;0
8676;6411;6507;0
8677;6411;6282;0
8678;6411;2488;0
8679;6411;744;0
8680;6411;5413;0
8681;6411;5851;0
8682;6411;2721;0
8683;6411;6289;0
8685;6411;6297;1
8686;6411;6244;0
8687;6411;6300;0
8688;6411;2600;0
8689;6411;6301;0
8691;6411;6304;1
8692;6411;6308;0
8693;6411;6310;0
8697;6411;6512;1
8698;6411;6245;0
8699;6411;5418;1
8702;6411;6515;0
8704;6411;6517;0
8705;6411;6518;0
8706;6411;6519;0
8707;6411;6520;0
8710;6411;6340;1
8713;6411;1959;0
8714;6411;6215;1
8716;6411;93;0
8717;6411;6524;0
8718;6411;6350;0
8719;6411;2783;1
8720;6411;6525;0
8722;6411;6355;0
8724;6411;1995;0
8726;6411;105;0
8730;6411;6252;1
8731;6411;6530;0
8734;6411;6531;1
8736;6411;2433;1
8737;6411;6380;1
8745;6411;6226;0
8746;6411;283;0
8748;6411;2050;1
8749;6411;6535;0
8752;6411;1071;0
8757;6411;6538;0
8759;6411;2455;0
8786;6411;770;0
9058;6571;6573;0
9060;6571;3785;0
9077;6571;2815;0
9080;6571;6593;0
9087;6571;5911;0
9088;6571;6599;0
9090;6571;6601;0
9096;6571;2260;0
9097;6571;6606;0
9103;6571;2293;0
9107;6571;6614;0
9111;6571;6618;0
9113;6571;6620;0
9116;6571;2318;0
9119;6571;2327;0
9121;6571;2328;0
9130;6571;6633;1
9137;6571;6640;1
9140;6571;5957;0
9141;6571;6643;0
9158;6571;6659;0
9162;6571;6663;1
9173;6571;1245;0
9175;6571;6673;0
9179;6571;2431;0
9180;6571;3734;0
9187;6571;6226;0
9190;6571;3621;0
9194;6571;1263;0
9196;6571;2054;0
9197;6571;6685;0
9202;6571;2444;0
9257;6723;6724;0
9258;6723;6725;0
9259;6723;6726;0
9261;6723;6728;0
9264;6723;6731;1
9265;6723;6732;0
9267;6723;6734;0
9269;6723;6736;0
9271;6723;6738;0
9272;6723;6739;0
9273;6723;6740;0
9275;6723;6742;0
9278;6723;6745;0
9279;6723;6746;0
9282;6723;6749;0
9284;6723;6751;0
9285;6723;6752;0
9287;6723;6754;1
9288;6723;6755;0
9289;6723;6756;0
9290;6723;6757;0
9291;6723;6758;0
9292;6723;2806;0
9297;6723;6763;0
9302;6723;6767;0
9303;6723;2528;0
9306;6723;6769;0
9307;6723;6770;0
9310;6723;6773;0
9314;6723;5364;0
9317;6723;5365;0
9318;6723;2815;0
9320;6723;2816;0
9323;6723;6781;0
9326;6723;6000;0
9327;6723;6783;0
9328;6723;2545;0
9329;6723;5372;0
9336;6723;6789;0
9338;6723;6016;0
9339;6723;5382;1
9340;6723;5385;0
9342;6723;6606;0
9343;6723;739;1
9346;6723;6793;0
9347;6723;2293;0
9348;6723;6794;0
9349;6723;2305;0
9350;6723;6620;0
9351;6723;2581;0
9352;6723;6795;0
9353;6723;5407;0
9354;6723;5408;0
9355;6723;2488;0
9356;6723;744;0
9358;6723;2721;0
9360;6723;2330;0
9366;6723;6799;0
9368;6723;6801;0
9369;6723;2748;0
9375;6723;6806;0
9378;6723;93;0
9379;6723;6663;0
9380;6723;868;1
9381;6723;1245;1
9391;6723;2067;0
9396;6723;2642;0
9399;6723;770;0
9400;6723;2993;0
9408;6818;6820;1
9411;6818;2374;0
9412;6818;995;0
9414;6818;6824;0
9417;6818;1209;1
9423;6818;1579;0
9425;6818;1029;0
9428;6818;1218;0
9429;6818;1739;0
9430;6818;6831;0
9434;6818;1229;0
9435;6818;1230;1
9437;6818;1172;0
9438;6818;1058;0
9441;6818;1257;0
9442;6818;1259;0
9444;6818;1262;0
9445;6818;6838;0
9446;6818;6839;0
9727;7038;2506;0
9728;7038;7040;0
9729;7038;7041;0
9731;7038;7043;0
9732;7038;6725;0
9736;7038;7047;0
9738;7038;7049;0
9739;7038;7050;0
9740;7038;7051;0
9741;7038;7052;0
9742;7038;7053;1
9743;7038;2507;0
9744;7038;7054;0
9746;7038;7056;0
9748;7038;7057;0
9749;7038;7058;1
9750;7038;7059;1
9751;7038;7060;0
9754;7038;7063;0
9755;7038;7064;1
9757;7038;3781;0
9759;7038;3012;1
9760;7038;7067;0
9761;7038;7068;0
9762;7038;3014;1
9763;7038;7069;0
9765;7038;2514;0
9766;7038;7071;0
9767;7038;6751;0
9768;7038;7072;0
9769;7038;7073;0
9770;7038;7074;0
9771;7038;2517;1
9772;7038;7075;0
9774;7038;7077;0
9775;7038;7078;0
9776;7038;6754;0
9777;7038;3786;0
9778;7038;7079;0
9779;7038;3016;1
9780;7038;7080;0
9781;7038;7081;0
9785;7038;3787;0
9786;7038;1451;0
9787;7038;7085;1
9789;7038;7087;0
9790;7038;7088;0
9791;7038;7089;0
9793;7038;3799;0
9794;7038;7091;0
9796;7038;4982;0
9797;7038;2528;0
9800;7038;7093;0
9801;7038;3018;1
9803;7038;7095;0
9804;7038;7096;0
9806;7038;7098;0
9807;7038;6467;0
9808;7038;1098;0
9810;7038;7100;0
9813;7038;7103;0
9814;7038;7104;0
9816;7038;7106;0
9820;7038;2815;1
9822;7038;7109;1
9825;7038;716;0
9826;7038;5371;1
9827;7038;7111;0
9828;7038;721;0
9829;7038;7112;0
9830;7038;7113;0
9832;7038;7114;0
9834;7038;2554;0
9836;7038;3022;0
9841;7038;7120;1
9842;7038;7121;0
9843;7038;739;1
9844;7038;3023;0
9845;7038;1480;0
9846;7038;410;0
9847;7038;6090;0
9848;7038;2297;0
9849;7038;2699;0
9850;7038;7122;0
9851;7038;2704;0
9852;7038;7123;0
9853;7038;1536;0
9854;7038;2580;0
9857;7038;2488;1
9858;7038;744;0
9859;7038;3120;0
9860;7038;7126;0
9861;7038;5410;0
9862;7038;5071;0
9863;7038;7127;0
9864;7038;1496;0
9865;7038;2320;1
9866;7038;7128;0
9867;7038;3424;0
9868;7038;5412;0
9869;7038;5413;0
9870;7038;2721;0
9871;7038;746;0
9873;7038;2327;0
9874;7038;2329;1
9875;7038;2330;0
9876;7038;6129;0
9877;7038;966;1
9878;7038;6132;0
9879;7038;7129;0
9880;7038;7130;0
9881;7038;2343;0
9882;7038;748;0
9883;7038;7131;0
9884;7038;3875;0
9885;7038;7132;0
9886;7038;2601;0
9887;7038;1500;0
9888;7038;6139;0
9890;7038;2742;0
9891;7038;7134;0
9894;7038;7137;0
9895;7038;752;0
9896;7038;995;0
9900;7038;7141;0
9903;7038;7144;0
9904;7038;7145;0
9905;7038;7146;0
9907;7038;7148;0
9908;7038;7149;0
9909;7038;1936;0
9911;7038;7151;0
9912;7038;7152;0
9913;7038;7153;0
9914;7038;7154;0
9915;7038;1027;0
9916;7038;7155;0
9919;7038;7158;0
9920;7038;7159;0
9921;7038;7160;0
9922;7038;89;0
9924;7038;7162;0
9925;7038;7163;0
9928;7038;93;0
9930;7038;7167;0
9934;7038;3559;0
9939;7038;7174;0
9940;7038;3580;0
9941;7038;7175;0
9947;7038;818;0
9948;7038;3592;0
9949;7038;7180;0
9951;7038;7182;0
9952;7038;7183;0
9953;7038;7184;0
9954;7038;7185;0
9955;7038;7186;0
9956;7038;5109;0
9959;7038;3625;0
9960;7038;7188;0
9963;7038;2067;0
9979;7038;2642;0
9984;7038;770;0
9994;7207;7210;0
9995;7207;7211;0
9998;7207;6416;0
9999;7207;7214;0
10000;7207;7215;0
10001;7207;7216;0
10004;7207;7219;0
10005;7207;7220;0
10007;7207;7222;0
10008;7207;7223;0
10011;7207;7226;0
10014;7207;7229;1
10015;7207;7230;0
10016;7207;7231;0
10017;7207;7232;0
10018;7207;7233;0
10020;7207;7235;0
10021;7207;7236;0
10023;7207;7238;0
10025;7207;7240;0
10028;7207;7243;0
10029;7207;7244;0
10031;7207;7246;0
10032;7207;7247;0
10033;7207;7248;0
10034;7207;7249;0
10035;7207;7250;0
10037;7207;7252;0
10038;7207;7253;0
10040;7207;7255;0
10042;7207;7257;0
10045;7207;6423;0
10046;7207;7043;0
10048;7207;7260;0
10049;7207;7261;0
10050;7207;7262;0
10051;7207;7263;0
10052;7207;7264;0
10053;7207;7265;0
10056;7207;7268;0
10060;7207;7272;0
10062;7207;7274;0
10063;7207;7275;0
10064;7207;7276;0
10065;7207;7277;0
10066;7207;7053;0
10068;7207;7279;0
10069;7207;7280;0
10070;7207;7281;0
10071;7207;7282;0
10072;7207;7283;0
10073;7207;7056;0
10074;7207;7284;0
10076;7207;7286;0
10078;7207;7288;0
10081;7207;7291;0
10082;7207;7292;0
10083;7207;7293;0
10084;7207;7294;0
10085;7207;3012;0
10086;7207;7295;0
10087;7207;7296;0
10090;7207;7299;0
10092;7207;7300;0
10093;7207;2514;0
10094;7207;7301;0
10095;7207;7302;0
10096;7207;7303;0
10097;7207;2517;0
10098;7207;7304;0
10099;7207;7305;0
10101;7207;6754;0
10102;7207;7079;0
10105;7207;1451;0
10106;7207;6758;0
10107;7207;7087;0
10110;7207;7309;0
10111;7207;7310;1
10112;7207;7311;0
10114;7207;7313;0
10115;7207;7314;0
10116;7207;7315;0
10118;7207;3018;0
10119;7207;7317;0
10120;7207;7318;0
10123;7207;7321;0
10125;7207;7323;0
10126;7207;6467;0
10127;7207;7324;0
10128;7207;7325;0
10129;7207;7326;0
10130;7207;7327;0
10131;7207;1457;0
10133;7207;7329;0
10134;7207;7330;0
10138;7207;7333;0
10139;7207;5371;0
10140;7207;7334;0
10142;7207;7336;0
10143;7207;7337;0
10147;7207;7341;0
10148;7207;7342;0
10149;7207;7343;0
10150;7207;7344;0
10151;7207;7345;0
10152;7207;7346;0
10153;7207;7347;0
10155;7207;7349;0
10156;7207;739;1
10157;7207;7350;1
10158;7207;7351;0
10159;7207;7352;0
10160;7207;7353;0
10161;7207;3401;0
10162;7207;1486;0
10163;7207;7354;0
10164;7207;7355;0
10165;7207;7356;0
10166;7207;3406;0
10167;7207;7357;0
10168;7207;1130;0
10169;7207;7358;0
10171;7207;7360;0
10173;7207;7362;0
10174;7207;7363;0
10175;7207;2488;0
10176;7207;7364;0
10177;7207;744;0
10179;7207;1496;0
10180;7207;7366;0
10181;7207;2589;1
10182;7207;7367;0
10183;7207;7368;0
10184;7207;7369;0
10185;7207;7370;0
10186;7207;7371;0
10187;7207;966;0
10189;7207;748;0
10191;7207;7374;0
10194;7207;7376;1
10199;7207;7381;0
10201;7207;7383;0
10202;7207;5416;0
10205;7207;7386;0
10206;7207;7387;0
10208;7207;7389;0
10215;7207;7396;0
10216;7207;7397;0
10217;7207;7398;0
10218;7207;2491;0
10219;7207;7399;0
10220;7207;3896;0
10221;7207;7400;0
10222;7207;7401;0
10229;7207;7408;0
10232;7207;7410;0
10233;7207;7411;0
10237;7207;1958;0
10238;7207;7415;0
10239;7207;7416;0
10242;7207;93;0
10243;7207;7418;0
10245;7207;1595;1
10246;7207;1599;0
10248;7207;7421;0
10249;7207;7422;0
10250;7207;1170;0
10252;7207;7423;0
10254;7207;3197;0
10257;7207;1068;0
10260;7207;1630;0
10293;7207;770;1
10305;7468;7469;0
10306;7468;7470;0
10307;7468;7471;0
10308;7468;7472;0
10309;7468;7473;1
10310;7468;7474;1
10311;7468;7475;0
10312;7468;7476;0
10313;7468;7477;0
10314;7468;7478;0
10315;7468;7479;0
10316;7468;7480;0
10317;7468;7481;0
10318;7468;7482;0
10319;7468;7483;0
10320;7468;7484;0
10321;7468;7485;0
10322;7468;7486;0
10323;7468;7487;0
10324;7468;7488;0
10325;7468;7489;0
10326;7468;7490;0
10327;7468;7491;0
10328;7468;7492;0
10329;7468;7493;0
10330;7468;7494;0
10331;7468;7495;0
10332;7468;7496;0
10333;7468;7497;0
10336;7468;7500;0
10337;7468;7501;1
10338;7468;7502;0
10339;7468;7503;0
10340;7468;7504;0
10341;7468;7505;0
10342;7468;7506;0
10343;7468;7507;0
10344;7468;7508;1
10345;7468;7509;0
10346;7468;7510;1
10347;7468;7511;0
10348;7468;7512;0
10350;7468;7514;0
10351;7468;7515;0
10352;7468;7516;1
10354;7468;7518;0
10356;7468;7520;1
10357;7468;7521;0
10361;7468;7525;0
10363;7468;7527;0
10364;7468;7528;0
10365;7468;7529;0
10366;7468;7530;1
10367;7468;7531;0
10368;7468;7532;0
10369;7468;2506;1
10370;7468;7533;1
10371;7468;7534;0
10372;7468;7535;0
10373;7468;7536;0
10374;7468;7537;1
10375;7468;7538;0
10376;7468;4883;0
10379;7468;7540;1
10380;7468;7541;0
10381;7468;7542;0
10382;7468;7543;0
10383;7468;7544;1
10384;7468;7545;0
10385;7468;7546;0
10386;7468;7547;0
10387;7468;7548;0
10388;7468;7549;0
10389;7468;7550;0
10390;7468;7551;1
10391;7468;7552;1
10393;7468;7554;0
10394;7468;7555;1
10395;7468;7556;1
10396;7468;7557;1
10397;7468;7558;0
10398;7468;7559;0
10399;7468;7560;1
10400;7468;7561;0
10401;7468;7562;0
10402;7468;7563;1
10403;7468;7564;0
10404;7468;7565;0
10405;7468;7566;1
10406;7468;7567;0
10408;7468;7569;0
10409;7468;7570;1
10410;7468;7571;1
10411;7468;6746;0
10412;7468;7572;0
10413;7468;7573;1
10414;7468;7574;1
10415;7468;7575;1
10416;7468;3014;0
10417;7468;7576;0
10418;7468;7577;0
10419;7468;7578;0
10420;7468;2514;0
10421;7468;7579;0
10422;7468;7580;1
10423;7468;7304;1
10424;7468;7581;0
10425;7468;6754;0
10426;7468;3016;0
10427;7468;7582;0
10428;7468;7583;1
10429;7468;2521;0
10430;7468;7584;1
10431;7468;7585;1
10432;7468;2526;1
10433;7468;7586;0
10434;7468;4982;0
10435;7468;7587;1
10436;7468;2528;1
10438;7468;7588;1
10439;7468;7589;0
10440;7468;7590;0
10441;7468;7591;1
10442;7468;7592;1
10443;7468;739;0
10444;7468;5402;0
10445;7468;5412;0
10446;7468;2600;0
10447;7468;1697;0
10448;7468;749;0
10450;7468;1425;0
10451;7468;5778;0
10452;7468;4017;0
10464;7468;770;0
10466;7468;2993;0
10473;7238;7611;0
10474;7238;7612;0
10475;7238;7613;0
10478;7238;7615;1
10479;7238;7243;0
10481;7238;7616;0
10482;7238;7617;0
10483;7238;7618;0
10484;7238;7619;0
10485;7238;7620;0
10486;7238;7621;0
10487;7238;7622;1
10488;7238;7623;0
10489;7238;7248;0
10490;7238;7624;0
10492;7238;7626;0
10493;7238;7627;0
10494;7238;7038;0
10495;7238;7628;1
10497;7238;7630;0
10498;7238;7631;0
10499;7238;7632;0
10501;7238;7634;0
10503;7238;2506;1
10504;7238;7533;0
10505;7238;7534;0
10506;7238;7636;0
10507;7238;7637;0
10509;7238;7255;0
10510;7238;7040;0
10511;7238;7639;0
10512;7238;7640;0
10513;7238;7641;1
10514;7238;7642;0
10515;7238;7643;0
10516;7238;6423;0
10517;7238;7043;0
10518;7238;7644;0
10519;7238;7645;0
10520;7238;6725;0
10521;7238;7646;0
10522;7238;7647;0
10523;7238;7648;0
10524;7238;7649;0
10527;7238;7268;0
10528;7238;7652;0
10529;7238;7541;1
10530;7238;7542;0
10531;7238;7544;1
10532;7238;6731;0
10533;7238;7653;0
10534;7238;7654;0
10537;7238;3001;0
10538;7238;7547;0
10539;7238;7657;0
10540;7238;7658;0
10541;7238;7548;0
10542;7238;7549;0
10543;7238;7550;0
10544;7238;7274;0
10545;7238;7659;0
10546;7238;7660;0
10547;7238;7554;0
10549;7238;7275;0
10550;7238;7276;1
10552;7238;7053;1
10553;7238;2507;1
10554;7238;7556;0
10555;7238;7662;0
10556;7238;7280;0
10557;7238;2508;1
10558;7238;7663;1
10559;7238;7664;0
10560;7238;7559;0
10561;7238;7665;0
10562;7238;7054;0
10563;7238;7666;0
10564;7238;7561;0
10565;7238;7560;0
10566;7238;7562;1
10567;7238;7667;1
10568;7238;7564;0
10569;7238;7563;0
10570;7238;7058;1
10571;7238;7565;0
10572;7238;4889;0
10574;7238;7669;0
10576;7238;7671;0
10578;7238;7567;0
10579;7238;7060;0
10580;7238;7288;0
10581;7238;7673;0
10582;7238;7674;0
10583;7238;7675;1
10584;7238;7569;0
10587;7238;7678;0
10588;7238;7679;0
10589;7238;7680;0
10590;7238;7064;0
10591;7238;7570;0
10592;7238;6745;1
10593;7238;7681;0
10594;7238;6746;1
10595;7238;7682;0
10596;7238;7294;0
10597;7238;7683;1
10598;7238;7684;0
10599;7238;7685;0
10600;7238;7574;0
10601;7238;7686;1
10602;7238;7687;1
10603;7238;7688;0
10604;7238;7067;1
10605;7238;7576;0
10606;7238;7577;0
10607;7238;7578;1
10608;7238;7299;1
10610;7238;7690;1
10611;7238;7300;1
10612;7238;2514;1
10614;7238;6751;1
10615;7238;7072;1
10616;7238;7302;0
10617;7238;7692;1
10618;7238;7693;0
10619;7238;7580;0
10620;7238;7694;0
10621;7238;2517;1
10622;7238;7695;0
10624;7238;7304;0
10625;7238;7077;0
10627;7238;7698;0
10628;7238;3015;1
10629;7238;7699;0
10630;7238;7700;0
10631;7238;7701;1
10632;7238;7702;0
10633;7238;7703;0
10634;7238;6754;1
10635;7238;7079;1
10636;7238;7704;0
10637;7238;3016;1
10638;7238;7705;0
10639;7238;7706;0
10640;7238;7707;1
10641;7238;3787;1
10642;7238;7583;0
10643;7238;6758;1
10644;7238;2806;0
10645;7238;7087;1
10646;7238;7708;1
10647;7238;7709;0
10648;7238;7088;0
10649;7238;2521;1
10650;7238;7584;0
10651;7238;7710;0
10653;7238;7311;1
10654;7238;7712;1
10655;7238;7713;0
10656;7238;7714;0
10657;7238;7715;1
10658;7238;3799;1
10659;7238;2526;1
10660;7238;7716;1
10661;7238;7717;0
10663;7238;7719;0
10665;7238;2528;0
10666;7238;3802;0
10667;7238;3018;1
10668;7238;7317;0
10670;7238;7722;0
10673;7238;7725;0
10675;7238;6467;0
10677;7238;7326;1
10679;7238;7729;0
10680;7238;7588;0
10681;7238;7589;0
10682;7238;7730;0
10683;7238;7731;0
10684;7238;7732;0
10685;7238;7733;0
10686;7238;7734;0
10687;7238;7103;1
10689;7238;7736;0
10691;7238;7738;1
10692;7238;7739;0
10693;7238;7740;0
10694;7238;7591;0
10695;7238;715;0
10696;7238;7741;0
10697;7238;7592;1
10698;7238;5371;1
10699;7238;6000;1
10700;7238;7742;1
10701;7238;7743;0
10702;7238;721;0
10703;7238;7744;0
10704;7238;7745;0
10705;7238;7746;0
10706;7238;395;0
10707;7238;2239;0
10709;7238;7748;0
10710;7238;2554;0
10711;7238;7749;0
10712;7238;2241;0
10713;7238;7750;0
10715;7238;7751;0
10716;7238;7344;0
10717;7238;739;1
10718;7238;2685;0
10719;7238;3105;0
10720;7238;1479;0
10721;7238;7752;0
10722;7238;2699;0
10723;7238;7753;0
10724;7238;7122;0
10725;7238;7754;0
10726;7238;7755;0
10727;7238;3404;0
10728;7238;2824;0
10729;7238;3406;1
10731;7238;7757;0
10733;7238;7759;1
10734;7238;7760;0
10735;7238;2488;1
10737;7238;5842;0
10738;7238;744;1
10739;7238;7762;0
10742;7238;2589;1
10743;7238;3424;1
10744;7238;2721;0
10747;7238;966;0
10748;7238;7764;0
10750;7238;7765;0
10751;7238;3875;1
10752;7238;6799;0
10753;7238;2970;0
10754;7238;2601;0
10755;7238;1697;0
10756;7238;3982;0
10757;7238;7766;0
10758;7238;3458;0
10759;7238;749;0
10760;7238;990;0
10761;7238;3141;0
10763;7238;2755;0
10764;7238;7768;0
10765;7238;1011;1
10767;7238;2974;0
10769;7238;7771;0
10770;7238;7772;1
10771;7238;633;0
10772;7238;1722;0
10773;7238;7773;0
10774;7238;1941;0
10775;7238;1027;0
10776;7238;7774;0
10777;7238;7775;0
10778;7238;7776;0
10779;7238;7415;1
10781;7238;6215;0
10782;7238;93;1
10784;7238;6064;0
10785;7238;1970;1
10786;7238;1045;0
10787;7238;3570;0
10789;7238;7778;0
10791;7238;7780;0
10793;7238;7781;0
10794;7238;6167;0
10795;7238;1057;0
10797;7238;2421;0
10798;7238;7783;0
10799;7238;2790;0
10801;7238;3612;0
10802;7238;1520;0
10805;7238;7784;0
10806;7238;126;0
10808;7238;2067;0
10810;7238;879;0
10812;7238;4048;0
10852;7238;770;1
10853;7238;2993;1
10866;7820;7821;0
10867;7820;7822;0
10868;7820;7823;0
10869;7820;7824;0
10870;7820;7825;0
10871;7820;7826;0
10872;7820;7827;0
10873;7820;7828;0
10874;7820;7829;0
10875;7820;7622;0
10876;7820;7637;0
10877;7820;7830;0
10880;7820;7833;0
10881;7820;7834;0
10882;7820;7835;0
10884;7820;7837;0
10885;7820;7838;0
10886;7820;7839;1
10887;7820;7666;0
10888;7820;7058;1
10890;7820;7841;0
10892;7820;3010;0
10893;7820;7843;1
10894;7820;7844;0
10896;7820;7846;0
10897;7820;7847;0
10898;7820;7848;0
10899;7820;7849;0
10900;7820;7850;0
10901;7820;7851;1
10902;7820;7852;0
10903;7820;7853;0
10905;7820;7855;0
10906;7820;7856;1
10907;7820;7300;0
10908;7820;7857;0
10909;7820;7858;0
10910;7820;2517;0
10911;7820;7859;1
10912;7820;7860;0
10913;7820;7699;0
10915;7820;3016;0
10916;7820;7862;0
10917;7820;7708;0
10918;7820;7863;0
10919;7820;7864;0
10920;7820;7865;0
10921;7820;7866;0
10923;7820;7714;0
10924;7820;7868;0
10925;7820;4982;0
10926;7820;7869;0
10927;7820;7870;0
10929;7820;7872;1
10930;7820;7873;0
10931;7820;7874;0
10932;7820;7103;0
10933;7820;7875;0
10935;7820;7876;0
10936;7820;7877;0
10937;7820;6022;0
10938;7820;7878;0
10939;7820;2554;1
10940;7820;7879;0
10942;7820;7881;0
10943;7820;3103;0
10944;7820;7882;0
10946;7820;1877;0
10947;7820;2589;1
10948;7820;427;0
10949;7820;3432;1
10950;7820;3444;0
10951;7820;7884;0
10952;7820;7885;0
10953;7820;1885;0
10954;7820;2374;0
10955;7820;7886;0
10956;7820;7887;0
10957;7820;1568;0
10960;7820;1429;0
10961;7820;7890;1
10965;7820;7415;1
10966;7820;3551;0
10968;7820;1992;0
10970;7820;485;0
10971;7820;7895;0
10972;7820;7896;0
10973;7820;7897;0
10976;7820;1069;0
11004;7820;7924;0
11010;7928;7929;0
11011;7928;7615;0
11012;7928;7622;1
11013;7928;7630;0
11014;7928;7930;0
11015;7928;2506;1
11018;7928;7830;0
11019;7928;7933;0
11020;7928;7934;0
11022;7928;7641;0
11025;7928;7938;0
11026;7928;7834;0
11027;7928;7050;0
11028;7928;7939;1
11029;7928;7940;0
11030;7928;7941;0
11031;7928;7942;0
11032;7928;2508;0
11033;7928;7558;0
11034;7928;7841;0
11035;7928;7943;0
11036;7928;7060;0
11037;7928;7944;0
11038;7928;7945;0
11039;7928;7946;0
11040;7928;7947;0
11042;7928;6745;0
11043;7928;7849;0
11044;7928;6746;1
11045;7928;7683;0
11046;7928;7574;0
11047;7928;7949;0
11048;7928;7950;0
11049;7928;3014;0
11050;7928;7300;1
11051;7928;2514;1
11053;7928;7692;0
11054;7928;7952;0
11055;7928;2517;0
11057;7928;7954;0
11058;7928;6754;0
11059;7928;3787;0
11060;7928;7709;0
11061;7928;7955;0
11062;7928;7956;0
11063;7928;7957;0
11064;7928;7958;0
11065;7928;7959;0
11067;7928;7961;0
11068;7928;4982;0
11069;7928;7962;0
11070;7928;3;0
11072;7928;7964;0
11073;7928;7965;0
11074;7928;7966;0
11075;7928;7103;0
11077;7928;2815;0
11078;7928;7967;0
11079;7928;7968;0
11080;7928;7969;0
11082;7928;2554;0
11084;7928;7971;0
11085;7928;739;1
11086;7928;3401;0
11088;7928;3406;0
11089;7928;7972;0
11090;7928;744;0
11091;7928;2589;0
11092;7928;7973;0
11093;7928;7974;0
11094;7928;5728;0
11095;7928;3470;0
11096;7928;7975;0
11099;7928;7895;0
11105;7928;7980;0
11109;7928;770;0
11113;7220;7984;0
11114;7220;7985;0
11115;7220;7986;0
11116;7220;7987;0
11117;7220;7988;0
11118;7220;7989;0
11119;7220;7990;1
11120;7220;7500;0
11122;7220;7991;0
11123;7220;7992;0
11124;7220;7238;0
11125;7220;7240;0
11126;7220;7993;0
11127;7220;7613;0
11128;7220;7994;0
11129;7220;7627;0
11130;7220;7995;0
11132;7220;7996;0
11133;7220;2506;0
11134;7220;7253;0
11135;7220;7255;0
11136;7220;7040;0
11137;7220;7997;0
11138;7220;7643;0
11139;7220;7998;0
11140;7220;7260;0
11141;7220;7648;0
11142;7220;7999;0
11143;7220;8000;0
11144;7220;7545;0
11145;7220;6731;0
11146;7220;7050;0
11147;7220;7941;0
11148;7220;8001;0
11149;7220;2507;1
11151;7220;8003;1
11152;7220;2508;0
11153;7220;7667;0
11154;7220;8004;0
11156;7220;8006;0
11157;7220;3780;0
11158;7220;7674;0
11159;7220;7675;0
11160;7220;6745;0
11161;7220;8007;1
11162;7220;6746;0
11163;7220;8008;0
11164;7220;8009;0
11165;7220;8010;0
11166;7220;7067;1
11167;7220;7690;0
11168;7220;2514;1
11170;7220;7858;0
11171;7220;6751;0
11172;7220;8012;0
11173;7220;2517;1
11174;7220;8013;0
11175;7220;8014;0
11176;7220;6754;0
11177;7220;7079;0
11178;7220;3016;0
11179;7220;8015;0
11180;7220;6758;0
11181;7220;7087;0
11182;7220;8016;0
11183;7220;7311;0
11184;7220;7712;0
11185;7220;4959;0
11187;7220;2526;0
11188;7220;7961;0
11189;7220;4982;0
11191;7220;3018;0
11192;7220;8018;0
11193;7220;7321;1
11194;7220;8019;0
11195;7220;8020;0
11196;7220;7588;0
11197;7220;8021;0
11198;7220;7738;0
11199;7220;8022;0
11200;7220;7591;0
11201;7220;6000;0
11202;7220;8023;0
11205;7220;739;1
11206;7220;8025;0
11208;7220;6095;0
11209;7220;3406;0
11210;7220;7358;0
11211;7220;7363;0
11212;7220;2488;0
11213;7220;744;0
11214;7220;8027;0
11215;7220;5071;0
11216;7220;1496;0
11217;7220;8028;0
11219;7220;966;1
11220;7220;748;0
11222;7220;1697;0
11223;7220;8029;0
11224;7220;1506;0
11225;7220;2604;0
11226;7220;2755;0
11227;7220;1008;0
11228;7220;1009;0
11229;7220;1425;0
11230;7220;1722;1
11231;7220;1941;1
11232;7220;1027;0
11234;7220;6064;0
11235;7220;1970;0
11237;7220;8031;0
11240;7220;2790;0
11241;7220;4017;0
11246;7220;8033;0
11256;7220;2642;0
11258;7220;770;0
11263;8045;7622;0
11264;8045;7641;0
11265;8045;6726;0
11266;8045;8046;0
11267;8045;8047;0
11268;8045;8048;0
11270;8045;8050;0
11271;8045;8051;0
11272;8045;7541;0
11273;8045;8052;0
11274;8045;7938;0
11275;8045;8053;0
11276;8045;7834;0
11277;8045;8054;0
11278;8045;8055;0
11279;8045;8056;0
11280;8045;8057;0
11281;8045;8058;0
11282;8045;8059;0
11283;8045;8060;0
11284;8045;3002;0
11285;8045;6732;0
11286;8045;8061;0
11287;8045;8062;0
11288;8045;8063;0
11289;8045;8064;0
11290;8045;8065;0
11291;8045;8066;0
11292;8045;8067;0
11293;8045;8068;0
11294;8045;8069;0
11295;8045;8070;0
11296;8045;8071;0
11297;8045;8003;0
11298;8045;8072;0
11299;8045;8073;0
11300;8045;8074;0
11301;8045;8075;0
11302;8045;8076;0
11303;8045;8077;0
11304;8045;8078;0
11305;8045;8079;0
11306;8045;7559;0
11307;8045;8080;0
11308;8045;8081;0
11309;8045;8082;0
11310;8045;8083;0
11311;8045;3004;0
11312;8045;7561;0
11313;8045;8084;0
11315;8045;8086;0
11316;8045;8087;0
11317;8045;8088;0
11318;8045;8089;0
11319;8045;7564;0
11320;8045;8090;0
11321;8045;8091;0
11322;8045;8092;0
11323;8045;8093;0
11324;8045;8094;0
11325;8045;7565;0
11326;8045;8095;0
11327;8045;8096;0
11328;8045;8097;0
11329;8045;8098;0
11330;8045;8006;0
11331;8045;7060;0
11332;8045;8099;0
11333;8045;8100;0
11334;8045;7946;0
11335;8045;8101;0
11336;8045;8102;0
11337;8045;8103;0
11339;8045;8104;0
11340;8045;8105;0
11341;8045;6745;0
11342;8045;8106;0
11343;8045;8107;0
11344;8045;8108;0
11345;8045;8109;0
11346;8045;7683;0
11347;8045;8110;0
11348;8045;8111;0
11349;8045;8112;0
11350;8045;7686;0
11351;8045;8113;0
11352;8045;8114;0
11353;8045;8115;0
11354;8045;8116;0
11355;8045;8117;0
11356;8045;7950;0
11357;8045;8118;0
11358;8045;7067;0
11359;8045;8119;0
11360;8045;8120;0
11361;8045;8121;0
11362;8045;8122;0
11363;8045;8123;0
11364;8045;2514;0
11365;8045;8124;0
11366;8045;8125;0
11367;8045;6751;0
11368;8045;8126;0
11369;8045;8127;0
11370;8045;8128;0
11371;8045;8129;0
11372;8045;8130;0
11373;8045;8131;0
11374;8045;8132;0
11375;8045;8133;0
11376;8045;8134;0
11377;8045;8135;0
11378;8045;2517;0
11379;8045;7304;0
11380;8045;8136;0
11382;8045;8138;0
11383;8045;7077;0
11387;8045;7698;0
11388;8045;7699;0
11390;8045;6754;0
11391;8045;3016;0
11392;8045;2504;0
11394;8045;8142;0
11395;8045;8143;0
11396;8045;2806;0
11397;8045;7087;0
11399;8045;8145;0
11400;8045;8146;0
11401;8045;8147;0
11402;8045;7956;0
11403;8045;8148;0
11404;8045;8149;0
11405;8045;8150;0
11406;8045;8151;0
11407;8045;8152;0
11408;8045;8153;0
11409;8045;8154;0
11410;8045;8155;0
11411;8045;7958;0
11412;8045;8156;0
11413;8045;8157;0
11414;8045;8158;0
11415;8045;8159;0
11416;8045;8160;0
11417;8045;8161;0
11418;8045;8162;0
11419;8045;8163;0
11420;8045;8164;0
11421;8045;8165;0
11422;8045;3799;0
11423;8045;8166;0
11424;8045;2526;0
11425;8045;7717;0
11426;8045;8167;0
11427;8045;4982;0
11428;8045;8168;0
11429;8045;8169;0
11430;8045;8170;0
11433;8045;8173;0
11434;8045;3802;0
11435;8045;3018;0
11436;8045;8174;0
11437;8045;7870;0
11438;8045;8175;0
11439;8045;5357;0
11440;8045;8176;0
11441;8045;8177;0
11442;8045;8178;0
11443;8045;8179;0
11444;8045;1453;0
11445;8045;8180;0
11446;8045;8181;0
11447;8045;8182;0
11452;8045;8184;0
11453;8045;6467;0
11455;8045;8186;0
11456;8045;5;0
11457;8045;3812;0
11458;8045;8187;0
11459;8045;8188;0
11461;8045;8189;0
11463;8045;8191;0
11464;8045;2537;0
11465;8045;8192;0
11466;8045;8193;0
11467;8045;8194;0
11468;8045;8195;0
11470;8045;8197;0
11471;8045;8198;0
11472;8045;5903;0
11473;8045;8199;0
11474;8045;8200;0
11475;8045;8201;0
11476;8045;5366;0
11477;8045;8202;0
11478;8045;716;0
11479;8045;8203;0
11480;8045;718;0
11481;8045;5371;0
11482;8045;8204;0
11483;8045;8205;0
11485;8045;8207;0
11488;8045;8210;0
11489;8045;8211;0
11492;8045;8214;0
11493;8045;8215;0
11494;8045;8216;0
11495;8045;394;0
11496;8045;8217;0
11497;8045;8218;0
11498;8045;8219;0
11499;8045;8220;0
11500;8045;395;0
11501;8045;6080;0
11507;8045;4;0
11508;8045;739;0
11509;8045;6084;0
11510;8045;8223;0
11511;8045;8224;0
11512;8045;5393;0
11515;8045;410;0
11517;8045;741;0
11518;8045;411;0
11519;8045;5398;0
11520;8045;5399;0
11521;8045;2824;0
11522;8045;3406;0
11523;8045;8228;0
11524;8045;6101;0
11525;8045;2581;0
11526;8045;3117;0
11528;8045;5408;0
11529;8045;8230;0
11530;8045;3414;0
11531;8045;2826;0
11532;8045;744;0
11533;8045;6114;0
11534;8045;5071;0
11535;8045;8231;0
11536;8045;6123;0
11537;8045;427;0
11538;8045;2721;0
11539;8045;2966;0
11540;8045;8232;0
11541;8045;8233;0
11542;8045;429;0
11543;8045;8234;0
11544;8045;6130;0
11545;8045;966;0
11546;8045;438;0
11547;8045;8235;0
11548;8045;5939;0
11549;8045;8236;0
11550;8045;5940;0
11551;8045;441;0
11552;8045;5941;0
11553;8045;2600;0
11554;8045;5943;0
11555;8045;1697;0
11556;8045;749;0
11557;8045;1885;0
11558;8045;5728;0
11559;8045;3470;0
11560;8045;6147;0
11561;8045;752;0
11562;8045;8237;0
11563;8045;3767;0
11564;8045;8238;0
11567;8045;93;0
11568;8045;3901;0
11569;8045;8241;0
11570;8045;8242;0
11571;8045;1520;0
11597;8045;8267;0
11629;8045;770;0
12013;8529;8530;0
12015;8529;7628;0
12016;8529;2506;0
12017;8529;7040;0
12018;8529;8531;0
12020;8529;8533;0
12021;8529;8534;0
12022;8529;8535;0
12023;8529;8536;0
12024;8529;8537;1
12026;8529;8539;0
12027;8529;8540;1
12030;8529;8543;0
12031;8529;8544;0
12032;8529;8545;0
12034;8529;7662;0
12035;8529;8547;0
12037;8529;8549;0
12038;8529;8550;0
12041;8529;8553;0
12042;8529;8554;0
12046;8529;8558;0
12047;8529;8559;0
12048;8529;3780;0
12049;8529;8560;0
12055;8529;6745;0
12056;8529;8566;1
12057;8529;8567;0
12060;8529;8570;0
12061;8529;7682;0
12065;8529;7299;0
12066;8529;8574;0
12067;8529;2514;0
12070;8529;8577;0
12071;8529;8578;0
12072;8529;8579;0
12074;8529;7079;1
12076;8529;8582;0
12078;8529;7087;0
12082;8529;8587;0
12086;8529;8590;0
12087;8529;7710;1
12088;8529;8591;0
12089;8529;8592;1
12091;8529;8594;0
12093;8529;8596;0
12094;8529;8597;0
12095;8529;8598;0
12097;8529;4982;0
12098;8529;8600;0
12099;8529;8601;0
12100;8529;3802;0
12101;8529;8602;0
12102;8529;8603;1
12103;8529;8604;0
12104;8529;8605;0
12105;8529;8606;0
12106;8529;8607;0
12111;8529;8610;0
12115;8529;8019;0
12118;8529;8614;0
12121;8529;8617;0
12122;8529;8618;1
12124;8529;7734;1
12126;8529;7739;0
12128;8529;8622;0
12129;8529;2815;0
12131;8529;8623;0
12132;8529;8624;0
12133;8529;8625;0
12134;8529;8626;0
12136;8529;5371;0
12137;8529;8628;0
12138;8529;7742;0
12140;8529;8629;0
12141;8529;8630;0
12142;8529;8631;0
12143;8529;8632;0
12144;8529;7745;0
12146;8529;8633;0
12147;8529;8634;0
12148;8529;8635;0
12149;8529;2239;0
12153;8529;8638;0
12154;8529;8639;0
12155;8529;8640;0
12157;8529;739;1
12158;8529;8642;0
12159;8529;2699;0
12161;8529;8644;0
12162;8529;5061;0
12163;8529;7754;0
12164;8529;8645;0
12165;8529;3406;1
12167;8529;2580;0
12171;8529;744;0
12172;8529;7762;0
12175;8529;8650;0
12177;8529;3424;0
12178;8529;966;1
12182;8529;8655;0
12187;8529;8660;0
12188;8529;8661;0
12189;8529;6139;0
12190;8529;6197;0
12191;8529;8662;0
12192;8529;8663;0
12194;8529;8665;0
12195;8529;8666;0
12200;8529;8670;0
12201;8529;8671;0
12202;8529;8672;0
12205;8529;8675;0
12206;8529;8676;0
12207;8529;6156;0
12208;8529;8677;0
12209;8529;8678;0
12212;8529;8680;0
12214;8529;8681;0
12215;8529;8682;0
12216;8529;7775;0
12219;8529;8685;0
12227;8529;93;1
12228;8529;8692;0
12230;8529;8694;0
12232;8529;8696;0
12233;8529;8697;0
12234;8529;8698;0
12235;8529;7781;0
12237;8529;7783;0
12239;8529;2431;1
12241;8529;8700;0
12243;8529;2791;0
12244;8529;8702;0
12245;8529;8703;0
12246;8529;5778;0
12251;8529;8707;0
12252;8529;8708;0
12254;8529;7784;1
12257;8529;2443;0
12258;8529;2444;0
12263;8529;8716;0
12288;8529;8733;0
12290;8529;770;1
12491;8431;8880;0
12492;8431;2506;0
12493;8431;8108;1
12494;8431;7578;0
12495;8431;7690;1
12496;8431;2517;0
12497;8431;7305;0
12498;8431;7701;0
12499;8431;7087;1
12500;8431;8881;0
12501;8431;7712;0
12502;8431;4957;0
12503;8431;8882;0
12504;8431;3799;0
12505;8431;8883;0
12506;8431;2526;1
12507;8431;7961;0
12509;8431;2528;0
12510;8431;3018;0
12511;8431;7317;0
12512;8431;8885;0
12514;8431;8886;0
12515;8431;8887;0
12516;8431;8888;0
12517;8431;4063;0
12518;8431;8889;0
12519;8431;8890;0
12520;8431;8891;0
12521;8431;8892;0
12522;8431;8893;1
12523;8431;5358;0
12524;8431;8894;0
12525;8431;8895;0
12526;8431;8896;0
12529;8431;8898;0
12530;8431;8899;0
12532;8431;5360;0
12533;8431;6467;0
12535;8431;8901;0
12536;8431;8902;0
12537;8431;8903;1
12538;8431;8614;0
12539;8431;8904;0
12540;8431;7589;1
12541;8431;7588;0
12542;8431;8905;0
12543;8431;2537;0
12544;8431;7874;0
12545;8431;8906;0
12546;8431;8907;1
12547;8431;8618;0
12548;8431;5362;0
12549;8431;4080;0
12550;8431;5364;0
12551;8431;8908;0
12552;8431;8909;0
12553;8431;8910;0
12556;8431;8912;1
12557;8431;5365;0
12558;8431;8913;0
12560;8431;713;0
12561;8431;7591;1
12562;8431;7967;0
12563;8431;8914;0
12564;8431;8915;0
12565;8431;7592;0
12566;8431;8916;1
12567;8431;8917;0
12568;8431;8918;0
12569;8431;5905;0
12570;8431;2545;1
12571;8431;8919;0
12572;8431;7742;0
12573;8431;8920;0
12574;8431;8921;0
12575;8431;5908;0
12576;8431;8922;0
12577;8431;8923;0
12578;8431;8924;0
12579;8431;7336;0
12580;8431;8925;1
12581;8431;8926;0
12582;8431;8927;0
12583;8431;8210;0
12584;8431;8928;0
12587;8431;2549;0
12590;8431;8930;0
12591;8431;8931;0
12593;8431;8933;0
12594;8431;8934;0
12595;8431;8935;0
12596;8431;8936;0
12597;8431;8937;0
12599;8431;8939;0
12600;8431;5381;0
12601;8431;5382;0
12602;8431;5038;0
12603;8431;8940;0
12604;8431;8941;0
12605;8431;2653;0
12606;8431;8942;0
12607;8431;8943;0
12608;8431;5040;0
12609;8431;6080;0
12610;8431;8944;0
12611;8431;8945;0
12612;8431;8946;0
12613;8431;6081;1
12614;8431;8947;1
12615;8431;8473;0
12616;8431;8948;0
12618;8431;8950;0
12619;8431;8951;0
12620;8431;8952;0
12627;8431;739;0
12628;8431;8958;0
12629;8431;5812;0
12630;8431;2564;0
12631;8431;8959;0
12632;8431;1122;0
12633;8431;3396;0
12634;8431;5392;0
12635;8431;1404;0
12636;8431;8960;0
12637;8431;8961;0
12638;8431;8962;0
12639;8431;8963;0
12640;8431;8964;0
12641;8431;4124;0
12643;8431;8966;0
12644;8431;8967;0
12645;8431;8968;0
12646;8431;8969;0
12647;8431;3401;0
12648;8431;8970;0
12649;8431;8971;0
12650;8431;4127;0
12651;8431;8972;0
12652;8431;8973;0
12653;8431;8974;0
12654;8431;8975;0
12655;8431;8976;0
12656;8431;8977;0
12657;8431;2699;0
12659;8431;8978;0
12660;8431;5399;0
12661;8431;7122;0
12662;8431;8979;0
12663;8431;8980;0
12664;8431;5401;0
12665;8431;8981;0
12666;8431;3406;0
12667;8431;2579;0
12668;8431;8982;0
12669;8431;8983;0
12670;8431;5403;0
12671;8431;8984;0
12673;8431;3409;0
12674;8431;8986;0
12675;8431;8987;0
12676;8431;8988;0
12677;8431;8989;0
12678;8431;8990;0
12679;8431;4134;0
12680;8431;6101;0
12681;8431;2581;0
12683;8431;8991;0
12685;8431;8993;0
12686;8431;8994;0
12687;8431;1407;0
12688;8431;6106;1
12689;8431;8995;0
12690;8431;5409;0
12692;8431;7363;0
12693;8431;8997;0
12694;8431;2488;1
12695;8431;4145;0
12696;8431;744;0
12697;8431;8998;0
12698;8431;8999;0
12699;8431;5071;0
12700;8431;9000;0
12701;8431;1496;0
12702;8431;9001;0
12703;8431;9002;0
12704;8431;9003;0
12705;8431;9004;0
12707;8431;2721;0
12708;8431;2966;0
12709;8431;8028;0
12710;8431;8232;0
12711;8431;8233;0
12712;8431;429;0
12713;8431;9006;0
12714;8431;3434;0
12715;8431;9007;0
12716;8431;6130;0
12717;8431;966;0
12718;8431;6132;1
12720;8431;9008;0
12721;8431;748;1
12722;8431;2351;0
12723;8431;5939;0
12724;8431;3449;0
12725;8431;441;0
12726;8431;5078;0
12727;8431;9009;0
12728;8431;7132;0
12729;8431;4400;0
12730;8431;9010;0
12731;8431;5943;0
12732;8431;9011;0
12733;8431;2367;0
12734;8431;3982;0
12735;8431;9012;0
12736;8431;9013;0
12737;8431;9014;0
12738;8431;1503;0
12739;8431;9015;0
12740;8431;9016;0
12741;8431;1504;0
12742;8431;9017;0
12743;8431;3464;0
12744;8431;6145;0
12745;8431;5416;0
12746;8431;1506;0
12747;8431;2604;0
12748;8431;6147;0
12749;8431;752;0
12750;8431;5868;0
12751;8431;3991;0
12754;8431;1425;0
12755;8431;2974;0
12756;8431;9018;0
12757;8431;9019;0
12758;8431;2491;0
12759;8431;9020;0
12760;8431;9021;0
12761;8431;3896;0
12762;8431;9022;0
12763;8431;9023;0
12764;8431;6062;0
12765;8431;1027;0
12767;8431;9024;0
12768;8431;9025;0
12769;8431;93;1
12770;8431;5969;0
12771;8431;6064;0
12772;8431;3901;0
12773;8431;1045;0
12774;8431;9026;0
12775;8431;3570;0
12776;8431;5973;0
12779;8431;3197;0
12780;8431;4013;0
12781;8431;4017;0
12783;8431;2040;0
12786;8431;9029;0
12791;8431;879;0
12811;8431;2642;0
12819;8431;9048;0
12821;8431;770;0
12827;8431;9053;0
12985;9058;9059;0
12986;9058;9060;0
12987;9058;9061;0
12988;9058;9062;0
12990;9058;9063;0
12991;9058;9064;0
12992;9058;9065;0
12994;9058;7233;0
12998;9058;7263;0
12999;9058;9069;0
13000;9058;9070;0
13001;9058;8048;0
13002;9058;7268;1
13004;9058;8051;0
13005;9058;9072;0
13006;9058;9073;0
13007;9058;9074;1
13009;9058;2514;0
13010;9058;9075;0
13011;9058;3799;0
13013;9058;5;0
13014;9058;8211;1
13016;9058;9078;0
13017;9058;739;0
13018;9058;9079;0
13019;9058;9080;0
13020;9058;8991;0
13021;9058;6106;0
13022;9058;3414;0
13023;9058;5071;0
13024;9058;746;0
13025;9058;2343;0
13026;9058;3135;0
13027;9058;2970;0
13028;9058;1946;0
13029;9058;5969;0
13030;9058;1057;0
13032;9058;9082;0
13036;9058;770;0
13042;9086;7616;0
13046;9086;9091;0
13049;9086;9094;0
13052;9086;7652;0
13053;9086;9097;0
13055;9086;9098;0
13058;9086;9101;0
13059;9086;9102;0
13064;9086;9106;0
13065;9086;6745;0
13066;9086;9107;0
13067;9086;7293;0
13073;9086;9113;0
13074;9086;7077;0
13075;9086;6754;0
13078;9086;9116;0
13079;9086;9117;0
13080;9086;9118;0
13082;9086;9120;0
13084;9086;4982;1
13085;9086;9122;0
13087;9086;9124;0
13088;9086;9125;0
13095;9086;739;0
13096;9086;9132;0
13097;9086;9133;0
13099;9086;6793;0
13102;9086;9137;0
13103;9086;8027;0
13117;9086;9149;0
13127;6731;9159;0
13128;6731;6423;0
13129;6731;9160;0
13130;6731;9161;0
13131;6731;9162;0
13132;6731;7938;0
13133;6731;9163;0
13134;6731;7547;0
13135;6731;7548;0
13136;6731;9164;0
13137;6731;9165;1
13138;6731;9166;0
13139;6731;9167;0
13140;6731;9168;0
13141;6731;7276;0
13142;6731;7053;0
13143;6731;7555;1
13144;6731;2507;0
13145;6731;8073;0
13146;6731;2508;0
13147;6731;7664;1
13148;6731;7559;1
13149;6731;9169;1
13150;6731;9170;0
13151;6731;7054;0
13152;6731;9171;1
13153;6731;7560;0
13154;6731;7561;0
13155;6731;7562;0
13156;6731;9172;0
13157;6731;7564;1
13158;6731;7563;1
13159;6731;9173;0
13160;6731;6742;0
13161;6731;9174;0
13162;6731;9175;1
13163;6731;9176;1
13164;6731;9177;0
13165;6731;7945;0
13166;6731;8100;0
13168;6731;7678;1
13169;6731;7064;0
13170;6731;6745;1
13171;6731;6746;1
13172;6731;8107;0
13173;6731;7683;1
13174;6731;9179;0
13175;6731;7574;1
13176;6731;9180;1
13177;6731;9181;0
13178;6731;8009;0
13179;6731;9182;0
13180;6731;9183;0
13181;6731;7067;0
13183;6731;2514;1
13184;6731;8124;0
13185;6731;9185;0
13186;6731;7302;1
13187;6731;7580;1
13188;6731;9186;0
13189;6731;6754;1
13190;6731;6755;0
13191;6731;7704;0
13192;6731;7705;1
13193;6731;9187;0
13194;6731;7087;0
13195;6731;7709;0
13196;6731;7311;1
13197;6731;9188;1
13198;6731;4982;0
13199;6731;3018;0
13200;6731;7964;0
13201;6731;9189;0
13202;6731;7738;0
13203;6731;8198;0
13204;6731;9190;0
13205;6731;7592;0
13206;6731;6000;0
13208;6731;7751;0
13211;6731;739;0
13212;6731;5830;0
13213;6731;9192;0
13215;6731;9193;0
13216;6731;2488;0
13217;6731;744;0
13218;6731;3424;0
13219;6731;966;0
13220;6731;5857;0
13221;6731;5858;0
13222;6731;6799;0
13223;6731;1026;0
13224;6731;1941;0
13226;6731;6064;0
13227;6731;7780;0
13228;6731;2034;0
13241;6731;2993;1
13242;6731;770;0
13252;9209;9211;1
13253;9209;9212;0
13255;9209;6106;0
13256;9209;5077;0
13258;9209;9215;0
13268;9209;9225;1
13270;9209;3575;0
13271;9209;9227;0
13324;9209;770;1
13360;9308;9315;0
13363;9308;8959;0
13364;9308;9318;0
13367;9308;2488;0
13368;9308;744;0
13369;9308;5071;0
13370;9308;1496;0
13371;9308;3424;0
13372;9308;2322;0
13374;9308;6129;0
13375;9308;3130;0
13376;9308;966;0
13377;9308;6132;0
13378;9308;748;0
13379;9308;2601;0
13380;9308;1500;0
13381;9308;6139;0
13382;9308;8818;0
13383;9308;1504;0
13384;9308;1506;0
13385;9308;2604;1
13387;9308;9323;0
13391;9308;1027;0
13395;9308;9328;0
13397;9308;9330;0
13401;9308;1957;0
13402;9308;9334;0
13403;9308;9335;0
13404;9308;93;0
13406;9308;9337;0
13407;9308;9338;0
13410;9308;813;0
13411;9308;9341;0
13413;9308;868;0
13417;9308;485;0
13418;9308;818;0
13419;9308;4507;0
13427;9308;2434;0
13435;9308;1264;0
13437;9308;9359;0
13439;9308;9361;0
13440;9308;2496;0
13443;9308;1071;0
13447;9308;827;0
13448;9308;2067;1
13451;9308;9367;0
13455;9308;9371;1
13457;9308;2458;0
13461;9308;9376;0
13465;9308;9380;0
13471;9308;4048;0
13484;9308;5345;0
13485;9308;9394;0
13489;9308;9397;0
13496;9308;770;1
13518;8614;9416;0
13519;8614;9417;0
13520;8614;9418;0
13522;8614;9420;0
13523;8614;9421;0
13524;8614;9422;0
13526;8614;9424;0
13528;8614;9426;0
13530;8614;8630;1
13531;8614;2549;1
13532;8614;9428;1
13535;8614;9431;0
13536;8614;9432;0
13538;8614;9434;0
13539;8614;9435;0
13540;8614;9436;0
13541;8614;9437;0
13542;8614;9438;0
13543;8614;5036;1
13544;8614;9439;0
13545;8614;9440;1
13546;8614;9441;0
13547;8614;9442;0
13548;8614;9443;0
13549;8614;9444;0
13550;8614;9445;0
13552;8614;9447;0
13556;8614;9451;0
13557;8614;9452;0
13561;8614;9456;0
13563;8614;1476;0
13564;8614;9458;0
13565;8614;7351;0
13567;8614;2277;0
13568;8614;9460;0
13569;8614;2292;0
13570;8614;9461;0
13573;8614;9463;0
13574;8614;9464;0
13575;8614;8975;0
13576;8614;9465;0
13577;8614;9466;0
13578;8614;5061;0
13579;8614;9467;0
13580;8614;9468;0
13581;8614;9469;0
13582;8614;8994;1
13583;8614;9470;0
13586;8614;9473;0
13588;8614;2488;0
13589;8614;9475;0
13590;8614;9476;0
13591;8614;9477;0
13592;8614;9478;0
13595;8614;9480;0
13596;8614;5930;0
13597;8614;9481;1
13598;8614;7369;0
13599;8614;580;0
13600;8614;9482;1
13601;8614;9483;1
13602;8614;9484;0
13603;8614;9485;0
13609;8614;9491;0
13611;8614;9492;0
13612;8614;596;0
13613;8614;9493;0
13616;8614;9496;0
13618;8614;9497;0
13619;8614;9498;0
13620;8614;9499;1
13622;8614;9501;0
13623;8614;9502;0
13624;8614;9503;0
13625;8614;5945;1
13627;8614;9505;0
13628;8614;9506;0
13629;8614;8663;1
13630;8614;9507;0
13633;8614;9510;0
13635;8614;3152;1
13636;8614;9512;0
13637;8614;9513;0
13638;8614;9514;0
13640;8614;631;0
13641;8614;9516;0
13646;8614;9519;0
13647;8614;9520;1
13648;8614;9521;0
13650;8614;9523;0
13651;8614;636;0
13652;8614;2491;0
13653;8614;9021;0
13654;8614;9524;0
13655;8614;9525;0
13657;8614;8682;1
13662;8614;2395;0
13664;8614;9530;1
13665;8614;9531;0
13668;8614;7182;0
13669;8614;2791;1
13671;8614;5778;0
13673;8614;1065;0
13682;8614;770;0
13688;8614;9546;0
13694;9550;818;0
13695;9550;4507;0
13696;9550;1254;0
13697;9550;5111;0
13699;9550;827;0
13700;9550;2067;1
13703;9550;879;1
13705;9550;4048;0
13709;9553;9554;1
13710;9553;9555;1
13711;9553;9556;0
13713;9553;93;1
13714;9553;4036;0
13717;9553;9559;0
13719;9553;9561;0
13721;9553;3626;0
13722;9553;1071;0
13734;9571;4159;0
13735;9571;749;0
13736;9571;9572;0
13737;9571;9573;0
13739;9571;1555;0
13741;9571;2603;0
13742;9571;3464;0
13743;9571;3470;0
13744;9571;9574;0
13745;9571;3141;0
13746;9571;9575;0
13747;9571;2604;0
13748;9571;752;0
13750;9571;9577;0
13751;9571;3489;0
13752;9571;9578;0
13754;9571;2751;0
13756;9571;2608;0
13758;9571;3154;0
13759;9571;9582;0
13760;9571;3498;0
13761;9571;9583;0
13765;9571;9587;0
13766;9571;9588;0
13767;9571;9589;0
13769;9571;9590;0
13770;9571;1934;0
13772;9571;3893;0
13773;9571;755;0
13775;9571;9593;0
13776;9571;9594;0
13777;9571;9595;0
13778;9571;9596;0
13779;9571;1722;0
13781;9571;9598;0
13782;9571;1027;0
13783;9571;9599;0
13784;9571;5961;0
13786;9571;1032;0
13787;9571;9601;0
13791;9571;9604;0
13794;9571;3537;0
13797;9571;1743;0
13799;9571;9610;0
13800;9571;9611;0
13802;9571;9612;0
13804;9571;93;1
13805;9571;3546;0
13806;9571;2979;0
13807;9571;1224;0
13808;9571;9614;0
13809;9571;3549;0
13810;9571;3550;0
13812;9571;3551;0
13813;9571;2399;0
13814;9571;9616;0
13815;9571;9617;0
13816;9571;3901;0
13817;9571;3554;0
13818;9571;1231;0
13819;9571;9618;0
13820;9571;9619;0
13821;9571;1599;0
13822;9571;9620;0
13823;9571;3566;0
13824;9571;9621;0
13825;9571;3569;0
13827;9571;6997;0
13829;9571;3575;0
13833;9571;9625;0
13835;9571;1997;0
13838;9571;3594;0
13840;9571;2786;0
13843;9571;9630;0
13845;9571;1249;0
13846;9571;9631;0
13847;9571;9632;0
13848;9571;113;0
13849;9571;6373;0
13850;9571;1614;0
13851;9571;5207;0
13852;9571;9633;0
13853;9571;3906;0
13854;9571;9634;0
13855;9571;2431;0
13856;9571;6377;0
13857;9571;2027;0
13860;9571;9636;0
13862;9571;9638;0
13865;9571;3612;0
13870;9571;1520;0
13871;9571;5216;0
13879;9571;9649;0
13880;9571;5111;0
13881;9571;9650;0
13882;9571;9651;0
13884;9571;9653;0
13885;9571;9654;0
13890;9571;2900;1
13891;9571;1263;0
13892;9571;9659;0
13893;9571;3623;0
13895;9571;1264;0
13896;9571;1624;0
13897;9571;2838;0
13899;9571;2054;0
13900;9571;9661;0
13903;9571;1070;0
13905;9571;286;0
13906;9571;126;0
13907;9571;2496;0
13912;9571;1071;0
13916;9571;827;0
13917;9571;9669;0
13918;9571;1267;0
13920;9571;5244;0
13924;9571;9672;0
13928;9571;2067;0
13935;9571;3640;0
13936;9571;879;0
13937;9571;2455;0
13949;9571;4048;1
13974;9571;9705;0
13976;9571;8033;0
14020;9571;770;0
14072;6093;9768;0
14073;6093;6106;0
14074;6093;6107;0
14075;6093;2488;0
14076;6093;6111;0
14077;6093;744;1
14078;6093;5071;0
14079;6093;1496;1
14080;6093;7128;0
14081;6093;6122;0
14082;6093;2322;0
14083;6093;5934;0
14084;6093;6126;1
14085;6093;8233;0
14087;6093;429;0
14088;6093;6129;1
14089;6093;9770;0
14090;6093;3130;0
14092;6093;966;1
14093;6093;6132;0
14094;6093;748;0
14095;6093;5940;0
14096;6093;9772;0
14098;6093;2970;0
14099;6093;2600;0
14100;6093;5942;1
14101;6093;5943;1
14102;6093;2601;0
14103;6093;1500;1
14104;6093;6139;1
14105;6093;9774;0
14106;6093;4478;1
14107;6093;9775;0
14108;6093;6144;0
14109;6093;3141;1
14110;6093;2604;1
14111;6093;752;0
14113;6093;4402;0
14114;6093;1008;0
14115;6093;1722;1
14116;6093;1027;1
14117;6093;9776;0
14118;6093;3524;0
14120;6093;9777;0
14121;6093;1957;0
14123;6093;3177;1
14124;6093;93;1
14125;6093;3547;0
14127;6093;3180;0
14128;6093;8031;0
14129;6093;3577;1
14130;6093;6167;0
14131;6093;8826;0
14132;6093;5207;0
14133;6093;1062;0
14134;6093;5109;0
14135;6093;9780;0
14136;6093;1520;0
14138;6093;2985;0
14140;6093;9781;0
14142;6093;879;0
14148;6093;770;0
14152;9783;739;0
14154;9783;3404;0
14156;9783;744;1
14157;9783;9785;0
14158;9783;1496;0
14159;9783;8028;0
14160;9783;966;0
14161;9783;748;0
14162;9783;2601;0
14163;9783;1697;0
14164;9783;5416;0
14165;9783;3141;1
14166;9783;752;0
14167;9783;9786;0
14168;9783;9787;0
14169;9783;1150;0
14170;9783;9788;0
14171;9783;1425;0
14172;9783;1722;0
14174;9783;1027;0
14175;9783;9790;0
14177;9783;9792;0
14178;9783;1957;0
14179;9783;93;1
14180;9783;9793;1
14182;9783;1973;0
14183;9783;9795;0
14185;9783;9797;0
14186;9783;9798;1
14187;9783;3569;0
14188;9783;3570;0
14189;9783;1240;1
14191;9783;9800;0
14192;9783;9801;0
14195;9783;9803;1
14196;9783;113;0
14198;9783;5778;0
14199;9783;4017;0
14200;9783;9805;0
14203;9783;1263;1
14206;9783;286;0
14207;9783;126;0
14208;9783;2496;0
14209;9783;3640;0
14210;9783;879;1
14221;9783;8033;0
14229;9783;770;0
14237;9817;9819;0
14238;9817;7367;0
14240;9817;9821;0
14242;9817;429;0
14243;9817;7374;0
14245;9817;9822;0
14246;9817;9823;0
14247;9817;9824;0
14248;9817;9825;0
14251;9817;5951;0
14253;9817;9827;0
14254;9817;9828;0
14256;9817;9830;0
14257;9817;7398;0
14258;9817;7399;0
14260;9817;9831;0
14261;9817;7408;0
14262;9817;9832;0
14265;9817;9834;0
14266;9817;7410;0
14267;9817;7411;0
14270;9817;1958;0
14271;9817;9837;0
14272;9817;7416;0
14274;9817;7421;0
14276;9817;9839;0
14277;9817;1997;0
14278;9817;9840;0
14281;9817;1068;0
14283;9817;1630;0
14285;9817;879;0
14297;9850;9855;0
14301;9850;9859;0
14307;9850;9865;1
14308;9850;9866;1
14310;9850;9868;1
14313;9850;5830;0
14319;9850;8999;0
14334;9850;617;0
14354;9850;9907;0
14355;9850;1930;0
14364;9850;9916;1
14379;9850;9931;0
14381;9850;9933;0
14407;9850;9959;0
14419;9850;9971;0
14421;9850;3640;0
14427;9850;9977;0
14512;10049;10050;0
14513;10049;10051;0
14514;10049;10052;0
14517;10049;10055;0
14520;10049;10058;0
14522;10049;10060;0
14523;10049;8475;0
14524;10049;10061;1
14525;10049;10062;0
14526;10049;10063;1
14527;10049;10064;0
14528;10049;10065;0
14529;10049;10066;0
14530;10049;10067;0
14532;10049;10069;0
14533;10049;10070;0
14534;10049;10071;0
14535;10049;10072;0
14536;10049;10073;0
14540;10049;10077;1
14541;10049;10078;0
14542;10049;10079;1
14544;10049;10081;0
14546;10049;10083;0
14547;10049;10084;1
14548;10049;10085;0
14549;10049;10086;0
14550;10049;10087;1
14552;10049;10089;0
14557;10049;10094;0
14558;10049;10095;0
14564;10049;1071;0
14785;10285;10286;0
14791;10285;10291;0
14804;10298;10305;0
14806;10298;10307;0
14809;10298;2704;0
14810;10298;8980;0
14811;10298;2579;0
14815;10298;8995;0
14817;10298;10314;0
14819;10298;10316;0
14820;10298;10317;0
14823;10298;7374;0
14824;10298;10320;0
14826;10298;10322;0
14830;10298;10325;0
14832;10298;10327;1
14833;10298;6143;0
14834;10298;10328;0
14836;10298;10330;0
14838;10298;10332;0
14839;10298;10333;0
14840;10298;3149;0
14841;10298;10334;1
14844;10298;10336;0
14845;10298;10337;0
14847;10298;3163;0
14848;10298;3510;0
14849;10298;10338;1
14850;10298;9018;1
14851;10298;10339;0
14852;10298;10340;1
14854;10298;10341;1
14855;10298;9020;0
14857;10298;3767;1
14858;10298;3166;0
14859;10298;1027;1
14861;10298;10344;0
14864;10298;9601;0
14865;10298;10346;1
14866;10298;9604;1
14869;10298;10348;0
14870;10298;1743;0
14871;10298;10349;0
14872;10298;10350;1
14873;10298;9611;1
14878;10298;93;0
14879;10298;10355;0
14880;10298;3551;0
14881;10298;2399;1
14883;10298;1044;0
14884;10298;6525;0
14885;10298;1049;0
14886;10298;3693;1
14887;10298;1235;0
14888;10298;10357;0
14890;10298;10358;1
14891;10298;10359;0
14892;10298;1240;0
14893;10298;10360;1
14894;10298;10361;0
14896;10298;2982;0
14897;10298;1997;0
14898;10298;3589;0
14902;10298;818;0
14905;10298;7180;1
14908;10298;1246;0
14909;10298;2015;0
14910;10298;1368;0
14911;10298;10366;0
14912;10298;1172;0
14913;10298;1059;0
14914;10298;9631;0
14915;10298;10367;0
14916;10298;10368;0
14917;10298;6373;0
14918;10298;2790;0
14920;10298;1764;0
14921;10298;3605;0
14922;10298;6377;0
14923;10298;2027;0
14924;10298;7186;1
14925;10298;3607;0
14927;10298;5778;1
14928;10298;3612;0
14930;10298;9805;1
14931;10298;10371;0
14936;10298;1064;0
14937;10298;1258;0
14938;10298;2985;0
14939;10298;1260;0
14940;10298;1065;0
14941;10298;3619;0
14943;10298;1261;0
14944;10298;9650;0
14947;10298;3621;0
14949;10298;10378;0
14951;10298;1623;0
14954;10298;10381;0
14955;10298;1624;0
14956;10298;9359;0
14958;10298;1070;0
14959;10298;286;0
14960;10298;126;1
14961;10298;1628;0
14962;10298;2496;0
14965;10298;3629;1
14970;10298;10386;0
14971;10298;1071;0
14972;10298;827;0
14973;10298;9669;0
14974;10298;5244;0
14975;10298;2067;0
14980;10298;879;0
14989;10298;4048;0
14995;10298;8033;0
14999;10298;5345;0
15008;10298;770;1
15020;10399;10401;0
15021;10399;10402;0
15023;10399;10404;0
15024;10399;10405;0
15025;10399;10406;0
15026;10399;10407;0
15028;10399;7295;1
15030;10399;10410;0
15031;10399;10411;0
15033;10399;10413;0
15034;10399;10414;0
15035;10399;10415;0
15036;10399;10416;0
15037;10399;10417;0
15038;10399;8887;0
15039;10399;10418;1
15040;10399;10419;0
15041;10399;10420;0
15042;10399;10421;0
15043;10399;10422;0
15044;10399;10423;0
15045;10399;10424;0
15046;10399;10425;0
15047;10399;10426;0
15049;10399;10428;0
15050;10399;10429;0
15051;10399;10430;0
15052;10399;8946;0
15053;10399;10431;0
15054;10399;10432;0
15056;10399;405;1
15057;10399;10434;1
15058;10399;10435;1
15060;10399;10437;0
15061;10399;10438;1
15063;10399;10440;0
15064;10399;10441;0
15067;10399;3414;0
15069;10399;744;0
15070;10399;5845;0
15071;10399;10443;1
15073;10399;3971;0
15074;10399;2591;0
15075;10399;7371;1
15077;10399;10445;1
15080;10399;1885;0
15081;10399;9824;0
15082;10399;10447;0
15083;10399;10448;0
15087;10399;10451;0
15089;10399;9830;1
15090;10399;10452;0
15091;10399;7398;1
15092;10399;7401;1
15093;10399;7408;0
15096;10399;7410;0
15097;10399;7411;0
15098;10399;1958;0
15099;10399;7416;0
15100;10399;5969;0
15104;10399;10196;0
15105;10399;3197;0
15107;10399;10456;0
15108;10399;1068;0
15123;10399;770;0
15131;10471;818;1
15132;10471;4507;1
15134;10471;10474;1
15135;10471;2985;0
15139;10471;827;0
15141;10471;2067;0
15144;10471;879;1
15146;10471;10478;0
15153;10471;5260;0
15164;10471;10486;0
15180;3116;10495;0
15183;3116;10498;0
15184;3116;10499;0
15185;3116;9002;1
15186;3116;10500;0
15187;3116;10501;0
15188;3116;10502;0
15189;3116;10503;0
15190;3116;10504;1
15191;3116;10505;0
15194;3116;10508;0
15195;3116;10509;1
15196;3116;10510;1
15197;3116;10511;1
15198;3116;5077;0
15200;3116;10513;0
15202;3116;10515;0
15203;3116;10516;1
15204;3116;3878;0
15205;3116;10517;0
15206;3116;10518;1
15207;3116;10330;0
15208;3116;10519;0
15209;3116;10520;0
15210;3116;10521;0
15211;3116;10522;0
15212;3116;2604;0
15213;3116;4402;0
15214;3116;10523;0
15215;3116;9787;0
15216;3116;10524;0
15217;3116;10525;0
15219;3116;9510;0
15221;3116;10528;0
15222;3116;3991;0
15223;3116;10529;0
15224;3116;10530;1
15225;3116;10531;0
15226;3116;10532;0
15227;3116;7768;0
15228;3116;10533;0
15229;3116;10534;0
15231;3116;10536;0
15232;3116;10537;0
15233;3116;10538;0
15234;3116;10539;0
15235;3116;10540;0
15236;3116;10541;0
15237;3116;10542;0
15238;3116;10543;0
15239;3116;10544;1
15240;3116;10545;0
15241;3116;10546;0
15243;3116;10548;0
15244;3116;6210;0
15245;3116;10549;0
15246;3116;10550;0
15249;3116;10553;0
15252;3116;93;0
15253;3116;3549;0
15254;3116;2399;1
15255;3116;10555;0
15256;3116;10556;0
15257;3116;10557;0
15258;3116;2407;0
15259;3116;10558;0
15260;3116;10559;0
15261;3116;10560;1
15263;3116;10562;0
15264;3116;10563;0
15265;3116;3575;0
15266;3116;3577;0
15267;3116;10564;0
15269;3116;10565;0
15270;3116;10566;1
15271;3116;10567;0
15272;3116;1997;0
15273;3116;10568;0
15274;3116;6166;0
15275;3116;10569;0
15276;3116;10570;0
15279;3116;10573;1
15280;3116;10574;1
15281;3116;10575;1
15282;3116;2791;0
15283;3116;1520;0
15285;3116;824;0
15288;3116;1070;0
15289;3116;286;0
15290;3116;126;1
15292;3116;10578;0
15293;3116;6229;0
15336;2704;10611;0
15337;2704;10612;0
15338;2704;10613;0
15339;2704;10614;0
15340;2704;4477;0
15341;2704;10615;0
15342;2704;10616;0
15343;2704;10617;0
15345;2704;3473;1
15346;2704;752;0
15347;2704;10618;0
15348;2704;10619;0
15349;2704;6154;0
15351;2704;8237;0
15352;2704;9593;0
15353;2704;10621;0
15354;2704;9022;0
15355;2704;3767;0
15356;2704;1027;0
15357;2704;10622;0
15358;2704;10623;0
15359;2704;1743;0
15360;2704;10624;0
15361;2704;93;0
15362;2704;10625;0
15363;2704;9614;0
15364;2704;3549;0
15365;2704;2399;0
15366;2704;10626;0
15367;2704;10627;0
15368;2704;10628;0
15369;2704;9619;1
15370;2704;10629;0
15371;2704;3569;0
15372;2704;3570;0
15374;2704;3577;0
15375;2704;10631;0
15376;2704;10632;0
15377;2704;3582;0
15378;2704;10633;0
15379;2704;10566;0
15380;2704;10634;0
15381;2704;10635;0
15382;2704;1997;0
15383;2704;10636;0
15384;2704;10637;0
15389;2704;3593;0
15390;2704;10641;0
15391;2704;10642;0
15392;2704;2423;0
15394;2704;3596;0
15395;2704;10644;0
15396;2704;10645;0
15397;2704;2788;1
15398;2704;1059;0
15399;2704;9632;0
15400;2704;10646;0
15401;2704;10647;0
15403;2704;3906;0
15404;2704;10649;0
15405;2704;10574;0
15406;2704;10650;0
15407;2704;2431;0
15408;2704;10651;0
15410;2704;1520;1
15411;2704;5216;0
15412;2704;1767;1
15413;2704;9805;0
15414;2704;10653;0
15416;2704;1261;0
15417;2704;10654;0
15418;2704;10655;0
15419;2704;1263;0
15421;2704;1264;0
15422;2704;3624;0
15424;2704;9661;0
15426;2704;1070;0
15427;2704;286;0
15428;2704;126;1
15429;2704;1071;1
15435;2704;3220;0
15437;2704;879;0
15441;2704;10478;0
15446;2704;4048;0
15469;2704;770;0
15487;10687;10688;0
15488;10687;10539;0
15489;10687;6205;0
15490;10687;9019;0
15492;10687;10622;0
15494;10687;3540;0
15495;10687;93;1
15496;10687;3575;0
15497;10687;3577;0
15499;10687;10692;0
15501;10687;2791;0
15502;10687;3606;0
15503;10687;1520;0
15504;10687;10694;1
15505;10687;126;0
15506;10687;6229;0
15514;10698;10701;0
15515;10698;10702;1
15516;10698;10703;1
15517;10698;10704;1
15518;10698;2579;0
15519;10698;10705;0
15521;10698;10707;0
15526;10698;10712;0
15528;10698;2488;0
15529;10698;9475;0
15530;10698;10714;0
15531;10698;10715;0
15533;10698;10717;0
15535;10698;10719;0
15536;10698;10720;0
15537;10698;10721;0
15538;10698;10722;0
15539;10698;10611;0
15540;10698;10723;0
15544;10698;10726;0
15546;10698;10728;0
15547;10698;10729;0
15548;10698;10730;0
15549;10698;1500;0
15550;10698;1885;0
15551;10698;10616;0
15552;10698;10731;0
15553;10698;10732;0
15554;10698;10733;0
15555;10698;2604;0
15556;10698;10734;0
15557;10698;10735;0
15558;10698;10736;0
15559;10698;10737;0
15562;10698;10740;1
15563;10698;10741;0
15564;10698;3340;0
15565;10698;10742;0
15566;10698;10743;1
15567;10698;6154;0
15568;10698;10744;1
15569;10698;10745;1
15570;10698;3516;0
15571;10698;10746;1
15573;10698;10621;0
15574;10698;3168;0
15576;10698;10748;1
15577;10698;10749;1
15578;10698;10750;1
15580;10698;3171;0
15585;10698;2978;0
15586;10698;10755;0
15587;10698;93;1
15589;10698;2399;0
15591;10698;10627;0
15594;10698;10760;0
15595;10698;3575;0
15596;10698;1997;0
15600;10698;10763;0
15601;10698;2431;0
15602;10698;7897;0
15606;10698;1070;0
15607;10698;126;0
15640;10698;10784;0
15647;10698;770;1
15651;10698;10790;0
15673;10806;10807;0
15675;10806;10809;0
15678;10806;10812;0
15679;10806;10813;0
15680;10806;10814;0
15681;10806;10815;0
15683;10806;10817;0
15684;10806;10818;0
15685;10806;10819;0
15686;10806;10820;0
15687;10806;10821;0
15688;10806;10822;0
15691;10806;10825;0
15692;10806;10826;0
15693;10806;10827;0
15694;10806;10828;0
15696;10806;10830;0
15697;10806;10831;0
15698;10806;10832;0
15703;10806;10837;0
15705;10806;10839;0
15707;10806;10841;0
15708;10806;10842;0
15709;10806;10843;0
15710;10806;10844;0
15711;10806;10845;0
15712;10806;2511;0
15713;10806;10846;0
15714;10806;10847;0
15715;10806;10848;0
15716;10806;10849;0
15717;10806;3012;0
15718;10806;10850;0
15719;10806;10851;0
15720;10806;10852;1
15722;10806;10854;0
15723;10806;10855;0
15727;10806;10858;0
15729;10806;10860;0
15730;10806;10861;0
15732;10806;10863;0
15737;10806;2504;0
15738;10806;10868;0
15739;10806;10869;0
15741;10806;10870;0
15743;10806;10872;0
15744;10806;10873;0
15745;10806;10874;0
15747;10806;10876;0
15749;10806;10878;0
15750;10806;10879;0
15752;10806;10881;0
15754;10806;10883;0
15755;10806;10884;0
15757;10806;10886;0
15759;10806;10888;0
15761;10806;10890;0
15762;10806;10891;0
15766;10806;8610;0
15767;10806;10895;0
15768;10806;10896;0
15769;10806;10897;0
15770;10806;10898;0
15771;10806;10899;0
15773;10806;10901;0
15774;10806;10902;0
15775;10806;10903;0
15777;10806;10905;0
15779;10806;10907;0
15784;10806;10912;0
15786;10806;10914;0
15787;10806;7109;0
15788;10806;10915;0
15789;10806;10916;0
15790;10806;10917;0
15794;10806;10920;0
15795;10806;10921;1
15796;10806;10922;0
15797;10806;10923;1
15798;10806;10924;0
15801;10806;10927;0
15802;10806;10928;0
15803;10806;10929;0
15807;10806;10933;0
15808;10806;10934;1
15810;10806;10936;0
15811;10806;10937;0
15812;10806;1115;0
15814;10806;7878;0
15815;10806;10939;0
15816;10806;10940;1
15818;10806;10942;0
15819;10806;7120;0
15820;10806;10943;0
15822;10806;10945;1
15828;10806;2566;0
15829;10806;10951;0
15830;10806;6909;0
15831;10806;10952;1
15832;10806;10953;0
15833;10806;3400;1
15834;10806;10954;0
15835;10806;10955;0
15836;10806;10956;0
15838;10806;10958;0
15839;10806;10959;0
15840;10806;8980;0
15841;10806;10960;0
15842;10806;10961;0
15843;10806;3407;0
15844;10806;10962;1
15847;10806;10964;0
15848;10806;10965;0
15849;10806;5067;0
15850;10806;10966;0
15851;10806;10967;0
15852;10806;10968;0
15853;10806;10969;0
15854;10806;10970;0
15855;10806;3427;0
15856;10806;10971;0
15857;10806;10972;0
15858;10806;10973;0
15859;10806;10974;1
15860;10806;10320;0
15861;10806;10975;0
15862;10806;3452;0
15864;10806;3455;1
15867;10806;10978;0
15868;10806;10979;0
15869;10806;751;0
15870;10806;3465;1
15871;10806;3466;0
15872;10806;3469;0
15873;10806;3475;1
15874;10806;3482;0
15875;10806;3484;0
15876;10806;10980;0
15877;10806;10981;0
15878;10806;6154;0
15879;10806;1023;0
15880;10806;10982;0
15881;10806;1581;0
15882;10806;1582;1
15883;10806;1586;1
15884;10806;93;1
15885;10806;10983;0
15886;10806;3730;0
15887;10806;1997;0
15888;10806;6166;0
15889;10806;2027;0
15891;10806;1520;0
15892;10806;1767;0
15893;10806;10984;0
15895;10806;1070;0
15896;10806;126;1
15897;10806;1071;0
15919;10806;770;0
15920;10806;2399;0
15931;11004;9618;0
15934;11004;3569;0
15935;11004;11013;0
15937;11004;3582;0
15939;11004;10634;0
15940;11004;1997;0
15943;11004;10641;0
15944;11004;11017;0
15945;11004;3192;0
15948;11004;10646;0
15951;11004;11022;1
15954;11004;11025;0
15955;11004;286;0
15956;11004;126;0
15959;11004;1267;0
15961;11004;11027;1
16015;10558;11071;0
16017;10558;10563;0
16018;10558;3575;0
16019;10558;10564;0
16021;10558;3582;0
16022;10558;10635;0
16023;10558;11072;0
16024;10558;1997;0
16025;10558;10568;0
16026;10558;1998;0
16027;10558;11073;0
16028;10558;10637;0
16030;10558;5976;0
16032;10558;10642;0
16033;10558;11074;0
16034;10558;3595;0
16035;10558;11075;0
16037;10558;9632;0
16039;10558;8356;0
16040;10558;11077;0
16041;10558;9633;0
16042;10558;3906;0
16043;10558;10574;0
16044;10558;10649;0
16045;10558;2431;0
16046;10558;7897;0
16047;10558;2027;0
16048;10558;5109;0
16049;10558;1254;0
16050;10558;3612;0
16051;10558;1520;0
16052;10558;11078;0
16053;10558;1767;0
16054;10558;11079;0
16055;10558;1260;0
16056;10558;3619;0
16057;10558;11080;0
16058;10558;5979;0
16059;10558;9650;0
16061;10558;1262;0
16062;10558;11081;0
16063;10558;2900;0
16066;10558;7784;0
16067;10558;1264;0
16068;10558;2838;0
16069;10558;2054;0
16070;10558;9661;0
16071;10558;1070;1
16072;10558;286;0
16073;10558;126;1
16074;10558;2496;0
16077;10558;5244;0
16078;10558;2067;0
16082;10558;879;0
16084;10558;10478;0
16088;10558;4048;0
16091;10558;5260;0
16100;10558;11092;0
16101;10558;10486;0
16106;10558;11095;0
16137;11114;11115;0
16138;11114;11116;1
16139;11114;11117;0
16140;11114;11118;0
16142;11114;11120;0
16143;11114;11121;0
16144;11114;11122;0
16148;11114;8910;0
16152;11114;11129;1
16153;11114;11130;1
16154;11114;11131;0
16155;11114;11132;0
16156;11114;11133;0
16157;11114;11134;0
16158;11114;11135;0
16160;11114;11137;0
16161;11114;11138;0
16162;11114;3101;0
16164;11114;11140;0
16165;11114;11141;0
16168;11114;11144;0
16173;11114;11149;0
16175;11114;4;0
16176;11114;11151;0
16177;11114;11152;0
16178;11114;8961;0
16180;11114;9460;0
16181;11114;11154;0
16182;11114;11155;0
16183;11114;11156;0
16184;11114;11157;1
16185;11114;11158;0
16188;11114;11161;0
16189;11114;9461;0
16190;11114;11162;0
16191;11114;411;1
16192;11114;11163;0
16193;11114;11164;0
16194;11114;6092;0
16197;11114;2704;0
16198;11114;8980;0
16199;11114;11167;0
16200;11114;2579;1
16201;11114;10698;0
16202;11114;11168;0
16203;11114;11169;0
16204;11114;10495;1
16205;11114;11170;0
16206;11114;6106;0
16211;11114;11173;0
16213;11114;10687;0
16215;11114;10499;0
16216;11114;11176;0
16217;11114;11177;0
16218;11114;10502;0
16219;11114;11178;0
16221;11114;11180;0
16222;11114;11181;0
16224;11114;10504;1
16225;11114;10505;0
16226;11114;11183;0
16231;11114;10509;0
16232;11114;9492;0
16233;11114;11187;0
16234;11114;11188;0
16235;11114;9493;0
16236;11114;10511;0
16237;11114;598;0
16238;11114;10513;0
16239;11114;11189;0
16241;11114;10515;0
16243;11114;10516;1
16244;11114;1500;0
16245;11114;9498;0
16246;11114;6197;0
16247;11114;11190;0
16248;11114;11191;0
16249;11114;10330;1
16250;11114;10520;0
16251;11114;10521;0
16252;11114;11192;1
16253;11114;10522;0
16254;11114;11193;0
16255;11114;10733;0
16256;11114;2604;0
16257;11114;11194;1
16258;11114;9787;1
16259;11114;10525;0
16260;11114;10524;0
16262;11114;9510;0
16263;11114;10529;1
16264;11114;10530;1
16265;11114;10688;0
16266;11114;11196;1
16267;11114;10980;0
16268;11114;10532;1
16269;11114;10533;1
16270;11114;9514;0
16272;11114;10534;0
16273;11114;11198;0
16277;11114;10536;0
16278;11114;11201;0
16279;11114;10537;0
16280;11114;11202;0
16281;11114;10538;0
16282;11114;10539;0
16283;11114;10540;0
16284;11114;11203;0
16285;11114;11204;0
16286;11114;10541;0
16287;11114;11205;0
16288;11114;10543;0
16289;11114;9019;0
16290;11114;11206;0
16291;11114;10746;0
16292;11114;10621;0
16293;11114;11207;0
16295;11114;11208;0
16296;11114;10544;0
16298;11114;11210;0
16301;11114;10546;0
16305;11114;10548;0
16306;11114;10622;0
16307;11114;6210;0
16308;11114;11004;0
16311;11114;10553;1
16312;11114;11214;0
16315;11114;93;0
16316;11114;3549;1
16317;11114;10555;0
16318;11114;9530;0
16319;11114;3562;0
16320;11114;3569;0
16322;11114;10562;0
16323;11114;10563;1
16324;11114;3575;0
16325;11114;3577;0
16326;11114;10632;0
16328;11114;10692;0
16329;11114;10570;0
16330;11114;10573;1
16331;11114;10574;0
16332;11114;10575;0
16333;11114;2791;0
16335;11114;10694;0
16336;11114;286;0
16337;11114;126;0
16346;11114;770;0
16356;11157;3111;0
16357;11157;8980;0
16358;11157;11228;0
16360;11157;11229;0
16361;11157;11230;0
16362;11157;10495;0
16366;11157;11232;0
16368;11157;3419;0
16369;11157;11234;0
16370;11157;11235;0
16371;11157;10720;0
16372;11157;10722;0
16373;11157;11178;0
16374;11157;11236;0
16375;11157;10503;0
16376;11157;11181;0
16378;11157;11237;0
16379;11157;10973;0
16380;11157;11238;0
16381;11157;7374;0
16382;11157;10320;0
16383;11157;11239;0
16384;11157;10975;0
16385;11157;10612;0
16386;11157;11240;0
16388;11157;11241;0
16389;11157;11242;0
16390;11157;1500;0
16391;11157;11243;0
16393;11157;11245;0
16394;11157;11246;0
16395;11157;10731;0
16396;11157;11247;0
16398;11157;10978;0
16399;11157;3465;0
16400;11157;3469;0
16401;11157;11192;0
16402;11157;3473;0
16403;11157;11249;0
16404;11157;2604;0
16405;11157;3475;0
16407;11157;10734;1
16408;11157;11251;0
16413;11157;10737;1
16415;11157;11255;0
16416;11157;10740;0
16417;11157;11256;0
16418;11157;10981;0
16419;11157;10742;0
16420;11157;3501;0
16421;11157;11257;0
16422;11157;10534;0
16425;11157;10537;0
16426;11157;10539;0
16427;11157;11259;0
16428;11157;10745;0
16429;11157;11260;0
16430;11157;11261;0
16431;11157;9593;0
16432;11157;11205;0
16433;11157;9019;0
16434;11157;11262;1
16435;11157;11207;0
16436;11157;1582;0
16437;11157;11263;0
16438;11157;11264;0
16439;11157;11265;0
16441;11157;11266;0
16442;11157;10748;0
16443;11157;10749;0
16444;11157;1586;0
16446;11157;10750;0
16447;11157;10548;0
16448;11157;6210;0
16454;11157;11271;0
16455;11157;11272;0
16456;11157;10755;0
16457;11157;10624;0
16458;11157;2775;0
16462;11157;93;0
16463;11157;3549;0
16464;11157;11274;0
16465;11157;2399;0
16467;11157;10627;0
16469;11157;10628;0
16470;11157;11276;0
16471;11157;11277;0
16473;11157;11279;0
16474;11157;10562;0
16475;11157;3575;0
16476;11157;10632;0
16478;11157;10634;0
16479;11157;10635;0
16480;11157;1997;0
16481;11157;2835;0
16483;11157;11281;0
16485;11157;10692;1
16486;11157;11283;0
16489;11157;10573;0
16490;11157;3906;0
16491;11157;10574;0
16492;11157;10575;0
16493;11157;7897;0
16494;11157;2791;0
16496;11157;1520;0
16498;11157;10694;0
16499;11157;1070;0
16500;11157;126;0
16503;11157;6229;0
16518;11157;770;0
16616;10333;11384;0
16617;10333;11385;0
16618;10333;11386;0
16619;10333;11387;1
16620;10333;11388;0
16622;10333;4145;1
16623;10333;11390;0
16624;10333;11391;0
16625;10333;11392;0
16626;10333;11393;0
16627;10333;11394;0
16633;10333;11400;0
16634;10333;4367;0
16635;10333;11401;0
16637;10333;11403;0
16638;10333;2600;0
16640;10333;6197;0
16641;10333;6143;1
16642;10333;10617;0
16644;10333;11406;0
16648;10333;10336;1
16650;10333;11410;0
16658;10333;11418;0
16660;10333;11420;1
16663;10333;11423;0
16665;10333;11425;0
16666;10333;4185;1
16667;10333;10340;0
16668;10333;11426;0
16670;10333;6155;0
16672;10333;11428;0
16673;10333;11429;0
16674;10333;1027;1
16678;10333;3524;0
16684;10333;10348;0
16690;10333;11443;0
16693;10333;11446;0
16694;10333;11447;1
16696;10333;11449;0
16697;10333;93;0
16698;10333;6347;1
16701;10333;9793;0
16702;10333;10355;0
16703;10333;11452;0
16704;10333;11453;1
16706;10333;9795;1
16707;10333;11455;1
16709;10333;11457;0
16710;10333;11458;1
16714;10333;11462;1
16715;10333;10360;0
16718;10333;11465;0
16722;10333;11468;0
16729;10333;11474;0
16730;10333;11475;1
16732;10333;10368;1
16733;10333;6373;1
16734;10333;11477;1
16735;10333;6377;1
16738;10333;10371;1
16739;10333;2040;0
16747;10333;879;0
16755;10333;4048;1
16780;10333;8033;1
16797;10333;4831;0
16799;10333;2150;0
16804;10333;770;1
16828;11544;5827;1
16829;11544;11547;1
16830;11544;11548;1
16831;11544;11549;1
16832;11544;11550;1
16833;11544;11551;0
16834;11544;11552;0
16835;11544;11553;0
16836;11544;11554;0
16839;11544;11556;1
16841;11544;11557;1
16844;11544;11560;0
16845;11544;7363;1
16846;11544;11561;0
16847;11544;744;0
16849;11544;11563;1
16850;11544;5930;0
16851;11544;1496;0
16853;11544;7367;0
16854;11544;11565;0
16855;11544;11566;1
16856;11544;7369;0
16857;11544;11567;1
16858;11544;11568;1
16859;11544;5853;0
16860;11544;2967;1
16861;11544;11569;0
16862;11544;5935;0
16863;11544;429;0
16864;11544;11570;0
16865;11544;3126;0
16867;11544;11571;0
16868;11544;11572;1
16871;11544;11574;0
16872;11544;11575;0
16873;11544;11576;1
16874;11544;11577;0
16875;11544;5856;1
16876;11544;11578;0
16877;11544;5861;1
16878;11544;11579;1
16880;11544;7766;0
16881;11544;11581;1
16882;11544;11582;1
16883;11544;990;0
16884;11544;3470;1
16885;11544;3472;0
16887;11544;11583;1
16888;11544;11584;0
16889;11544;1709;0
16890;11544;11585;0
16891;11544;1000;1
16892;11544;11586;0
16893;11544;11587;0
16894;11544;11588;0
16895;11544;11589;1
16896;11544;11590;0
16897;11544;11591;0
16898;11544;1009;1
16899;11544;6806;0
16900;11544;1011;0
16901;11544;5869;0
16903;11544;5870;0
16904;11544;11593;1
16905;11544;5872;0
16906;11544;7771;0
16907;11544;5958;0
16908;11544;11594;0
16909;11544;9519;1
16910;11544;9521;1
16911;11544;1722;0
16912;11544;7399;0
16913;11544;11595;0
16914;11544;1941;0
16915;11544;3897;1
16916;11544;1946;0
16917;11544;1036;0
16918;11544;11596;0
16919;11544;1958;1
16921;11544;93;0
16922;11544;1970;0
16923;11544;3901;1
16924;11544;1972;0
16926;11544;2980;0
16927;11544;1053;0
16928;11544;1055;0
16930;11544;11598;0
16931;11544;11599;0
16933;11544;11601;0
16934;11544;1057;0
16935;11544;2009;1
16936;11544;1172;0
16937;11544;11602;0
16939;11544;4017;1
16941;11544;1065;0
16944;11544;1630;0
16948;11544;5889;1
16949;11544;770;0
16954;11609;11610;0
16955;11609;5071;0
16956;11609;1496;0
16957;11609;8491;1
16958;11609;2967;0
16959;11609;2723;1
16960;11609;966;0
16962;11609;7764;1
16964;11609;11572;0
16965;11609;11611;0
16966;11609;748;1
16967;11609;2351;0
16968;11609;441;0
16969;11609;11578;1
16970;11609;2970;1
16971;11609;2600;0
16972;11609;1697;1
16973;11609;4168;0
16974;11609;7766;1
16975;11609;11612;0
16977;11609;990;1
16978;11609;4478;0
16981;11609;994;1
16982;11609;3141;0
16984;11609;752;0
16985;11609;1149;0
16988;11609;11584;0
16989;11609;1709;1
16991;11609;11618;0
16993;11609;11620;1
16994;11609;1000;0
16995;11609;2753;0
16997;11609;11622;0
16998;11609;6153;0
16999;11609;11623;0
17000;11609;1008;1
17001;11609;1009;1
17002;11609;6806;1
17003;11609;1011;1
17008;11609;11627;0
17010;11609;1425;1
17012;11609;10452;1
17013;11609;11629;1
17014;11609;11630;0
17015;11609;7771;1
17016;11609;11631;0
17017;11609;9519;0
17018;11609;3893;1
17019;11609;4186;1
17020;11609;11632;1
17022;11609;633;1
17023;11609;1722;1
17024;11609;4191;0
17025;11609;11634;0
17026;11609;11635;1
17027;11609;2976;1
17028;11609;1941;1
17029;11609;3897;1
17030;11609;1027;1
17031;11609;11636;0
17032;11609;1946;1
17037;11609;11640;0
17038;11609;11641;1
17040;11609;11643;1
17041;11609;11644;0
17043;11609;1035;0
17047;11609;11596;1
17049;11609;3177;0
17050;11609;1958;1
17053;11609;93;1
17054;11609;11649;0
17055;11609;3901;1
17056;11609;1973;1
17059;11609;2980;1
17061;11609;868;1
17063;11609;11654;1
17064;11609;11655;1
17066;11609;11657;0
17069;11609;1997;0
17070;11609;2627;0
17071;11609;11658;0
17074;11609;11659;0
17076;11609;818;0
17077;11609;6167;1
17078;11609;1057;1
17085;11609;3734;0
17086;11609;1062;1
17090;11609;4017;1
17094;11609;3621;0
17096;11609;1066;1
17097;11609;1069;0
17101;11609;286;0
17102;11609;126;0
17111;11609;9672;0
17121;11609;879;1
17161;11609;8033;0
17199;11609;770;1
17200;11609;2993;1
17245;11754;3955;0
17246;11754;11755;0
17247;11754;966;1
17248;11754;6132;0
17249;11754;11756;1
17252;11754;11759;0
17253;11754;11760;0
17254;11754;4168;1
17255;11754;11761;1
17257;11754;11618;1
17261;11754;2974;1
17262;11754;633;0
17263;11754;636;0
17264;11754;9020;0
17265;11754;1027;1
17266;11754;11766;0
17267;11754;11767;0
17268;11754;2982;1
17271;11754;11770;0
17293;11754;770;0
17298;11788;11789;0
17299;11788;11790;1
17300;11788;9004;0
17301;11788;11791;1
17304;11788;11793;1
17311;11788;11800;0
17312;11788;9491;1
17314;11788;11802;1
17315;11788;11803;1
17316;11788;9503;1
17317;11788;11804;0
17318;11788;11805;0
17320;11788;11807;1
17321;11788;11808;1
17322;11788;11809;0
17324;11788;11811;1
17328;11788;11814;0
17329;11788;11815;1
17330;11788;11816;1
17331;11788;11817;0
17332;11788;11818;0
17333;11788;1581;0
17334;11788;11819;1
17336;11788;11820;0
17338;11788;10548;0
17343;11788;10755;0
17344;11788;11826;0
17345;11788;11827;0
17346;11788;11828;0
17348;11788;93;0
17349;11788;2399;0
17351;11788;11830;0
17352;11788;3577;0
17354;11788;11832;0
17357;11788;11835;1
17358;11788;11836;1
17361;11788;11839;1
17362;11788;11840;1
17363;11788;2788;0
17364;11788;2791;0
17366;11788;1520;0
17369;11788;2040;0
17371;11788;126;0
17372;11788;1071;0
17391;11788;879;0
17421;11788;770;0
17431;11896;8880;0
17433;11896;11898;1
17435;11896;11900;1
17436;11896;11901;0
17437;11896;11902;0
17438;11896;11903;0
17439;11896;11904;0
17440;11896;11905;1
17441;11896;11906;0
17442;11896;11907;0
17444;11896;11909;1
17445;11896;8991;0
17446;11896;6106;0
17449;11896;11912;0
17450;11896;5071;0
17459;11896;6197;0
17460;11896;2604;0
17471;11896;11927;0
17473;11896;11929;0
17481;11896;93;0
17482;11896;3549;0
17486;11896;11938;0
17494;11896;10368;1
17495;11896;6373;1
17502;11896;1520;0
17503;11896;10371;1
17505;11896;7784;0
17506;11896;11949;0
17510;11896;1071;1
17548;11896;11984;0
17552;11896;11986;0
17560;11896;770;0
17614;12033;12035;0
17617;12033;12038;0
17618;12033;12039;0
17622;12033;2528;0
17628;12033;12048;0
17629;12033;12049;0
17630;12033;12050;0
17631;12033;12051;0
17637;12033;12057;0
17642;12033;739;0
17645;12033;10952;1
17651;12033;744;0
17656;12033;12072;0
17658;12033;12074;0
17660;12033;2333;0
17664;12033;748;0
17665;12033;4402;0
17666;12033;12078;0
17668;12033;12080;0
17669;12033;12081;0
17672;12033;12084;0
17676;12033;12088;0
17681;12033;12093;0
17688;12033;93;0
17690;12033;12101;0
17691;12033;12102;1
17693;12033;12104;0
17701;12033;12112;1
17715;12033;12124;0
17716;12033;6373;0
17717;12033;12125;0
17719;12033;12127;0
17721;12033;9636;0
17723;12033;6379;0
17727;12033;5216;0
17728;12033;9805;0
17736;12033;824;0
17741;12033;2496;0
17750;12033;5244;0
17754;12033;2067;0
17761;12033;879;0
17814;12033;770;0
17830;12202;523;0
17831;12202;421;0
17832;12202;579;0
17836;12202;437;0
17837;12202;615;0
17838;12202;451;0
17839;12202;617;1
17840;12202;619;0
17841;12202;624;0
17842;12202;630;0
17843;12202;633;0
17844;12202;636;1
17845;12202;640;0
17846;12202;468;0
17847;12202;473;1
17848;12202;482;0
17849;12202;485;0
17851;12205;12206;1
17852;12205;12207;0
17853;12205;7702;0
17854;12205;12208;0
17855;12205;12209;0
17856;12205;6758;1
17857;12205;12210;0
17858;12205;12211;1
17859;12205;12212;0
17860;12205;12213;0
17862;12205;12215;1
17864;12205;12216;1
17866;12205;12218;1
17867;12205;12219;0
17868;12205;12220;1
17869;12205;12221;1
17870;12205;12222;1
17871;12205;7736;0
17872;12205;8463;1
17873;12205;12223;1
17874;12205;5371;1
17875;12205;12224;1
17878;12205;12227;1
17879;12205;7344;0
17880;12205;12228;1
17881;12205;739;0
17883;12205;12230;1
17884;12205;12231;0
17885;12205;6090;1
17886;12205;6098;0
17888;12205;3406;0
17889;12205;5405;0
17890;12205;744;0
17891;12205;12233;0
17892;12205;6114;0
17893;12205;5071;0
17894;12205;1496;1
17897;12205;12236;0
17898;12205;12237;0
17902;12205;1722;0
17903;12205;12241;1
17904;12205;12242;0
17905;12205;93;0
17906;12205;12243;1
17907;12205;10629;1
17910;12205;1056;0
17911;12205;12246;1
17914;12205;1263;0
17915;12205;827;0
17927;12205;770;0
18097;12207;2507;0
18098;12207;12206;0
18099;12207;12262;0
18100;12207;7693;0
18101;12207;12263;1
18102;12207;12264;0
18103;12207;12265;0
18104;12207;12210;0
18105;12207;12266;0
18106;12207;12267;0
18107;12207;12213;1
18109;12207;12215;0
18111;12207;12268;0
18112;12207;12269;0
18113;12207;12270;0
18115;12207;12218;0
18116;12207;12220;0
18117;12207;12221;0
18118;12207;12271;0
18120;12207;12223;0
18121;12207;12272;0
18122;12207;12273;0
18123;12207;12274;0
18124;12207;12275;0
18125;12207;12276;0
18126;12207;8923;0
18127;12207;12277;0
18129;12207;12279;0
18130;12207;12227;0
18131;12207;12280;0
18132;12207;12281;0
18133;12207;12282;0
18134;12207;8950;0
18135;12207;12228;1
18136;12207;12283;1
18137;12207;12284;0
18138;12207;8960;0
18139;12207;12230;1
18140;12207;12231;0
18141;12207;6088;0
18142;12207;6090;1
18143;12207;12285;0
18144;12207;2699;0
18145;12207;8644;0
18146;12207;12286;0
18147;12207;6096;0
18148;12207;6098;0
18151;12207;7757;0
18152;12207;12288;0
18153;12207;744;0
18155;12207;12290;0
18156;12207;6114;0
18157;12207;12291;0
18158;12207;5071;0
18159;12207;1496;1
18160;12207;6119;0
18162;12207;7128;0
18163;12207;6122;0
18164;12207;12293;0
18165;12207;6126;1
18166;12207;12294;0
18168;12207;12296;0
18169;12207;12297;0
18170;12207;1697;1
18171;12207;5944;0
18173;12207;9774;0
18176;12207;12300;0
18177;12207;12301;0
18178;12207;1722;1
18179;12207;6156;0
18180;12207;1027;0
18181;12207;12302;0
18183;12207;12304;0
18184;12207;8682;0
18186;12207;93;1
18187;12207;12306;0
18188;12207;2407;0
18190;12207;1057;0
18191;12207;12307;0
18195;12207;3635;0
18210;12207;770;0
18212;12320;1027;0
18213;12320;93;0
18214;12320;8821;0
18215;12320;1239;0
18216;12320;3578;0
18217;12320;12321;0
18218;12320;6366;0
18219;12320;8825;0
18221;12320;12322;0
18222;12320;5216;0
18223;12320;12323;0
18224;12320;126;0
18228;12320;879;0
18242;12320;770;0
18254;12342;12343;0
18255;12342;12344;0
18256;12342;8328;0
18258;12342;8013;1
18259;12342;7706;0
18260;12342;12346;0
18261;12342;12347;0
18262;12342;12348;0
18263;12342;12349;0
18264;12342;12350;1
18265;12342;12351;0
18266;12342;12352;1
18267;12342;12353;0
18268;12342;12354;0
18269;12342;12355;0
18270;12342;12356;1
18271;12342;3018;0
18272;12342;12357;0
18273;12342;12358;1
18274;12342;12359;0
18275;12342;12360;0
18276;12342;12361;0
18277;12342;12362;0
18278;12342;12363;0
18279;12342;12364;1
18280;12342;12365;0
18281;12342;12366;0
18282;12342;12367;1
18283;12342;12368;0
18284;12342;12369;0
18286;12342;12371;0
18288;12342;12373;0
18290;12342;12374;1
18291;12342;12375;0
18292;12342;12376;0
18293;12342;12377;0
18294;12342;12378;0
18295;12342;12379;0
18296;12342;12380;0
18297;12342;9443;1
18298;12342;9445;1
18299;12342;12381;1
18300;12342;3106;0
18301;12342;12382;0
18302;12342;12383;1
18304;12342;12384;0
18305;12342;2578;0
18306;12342;12385;0
18307;12342;2488;1
18308;12342;744;1
18309;12342;12386;0
18310;12342;3763;0
18311;12342;9482;1
18312;12342;12387;0
18313;12342;966;0
18314;12342;3765;1
18315;12342;12388;1
18316;12342;12389;0
18317;12342;12390;1
18318;12342;12391;0
18319;12342;1152;1
18320;12342;12392;0
18322;12342;12394;0
18323;12342;3767;0
18324;12342;3770;1
18325;12342;1163;1
18327;12342;93;0
18328;12342;12396;0
18329;12342;1168;0
18330;12342;1044;0
18334;12342;12400;0
18336;12342;1767;0
18337;12342;2034;0
18339;12342;1070;0
18341;12342;12403;0
18353;12342;770;1
18356;3467;5931;0
18357;3467;5936;0
18359;3467;12414;0
18360;3467;12415;0
18361;3467;5939;0
18363;3467;5941;0
18364;3467;12297;0
18365;3467;5944;0
18368;3467;5728;0
18370;3467;12420;0
18371;3467;12421;0
18373;3467;6246;0
18374;3467;12422;0
18377;3467;12424;0
18378;3467;12425;0
18379;3467;12426;0
18380;3467;6051;0
18381;3467;12427;0
18382;3467;12428;0
18384;3467;12430;0
18387;3467;10619;0
18388;3467;12433;0
18397;3467;12441;0
18398;3467;12442;0
18399;3467;10745;0
18402;3467;12444;0
18403;3467;12445;0
18404;3467;12446;0
18405;3467;10340;0
18406;3467;12447;0
18415;3467;10341;1
18416;3467;12454;0
18417;3467;12455;0
18419;3467;12457;0
18420;3467;11636;0
18421;3467;12458;0
18422;3467;1727;0
18423;3467;12459;0
18425;3467;12461;0
18426;3467;12462;0
18428;3467;4000;0
18429;3467;12464;0
18431;3467;9601;0
18432;3467;12466;0
18435;3467;2773;0
18436;3467;12469;1
18441;3467;12472;0
18442;3467;12473;0
18443;3467;1743;0
18446;3467;12476;0
18447;3467;93;0
18448;3467;8692;0
18450;3467;1231;0
18451;3467;9619;0
18452;3467;3730;0
18453;3467;12478;0
18455;3467;3566;0
18457;3467;11071;0
18458;3467;10361;0
18462;3467;12481;0
18464;3467;1056;0
18465;3467;12483;0
18467;3467;10637;0
18468;3467;12485;0
18469;3467;12486;0
18471;3467;2012;1
18472;3467;2423;0
18473;3467;2014;0
18474;3467;1248;1
18475;3467;6066;0
18477;3467;12487;0
18478;3467;12488;0
18479;3467;12489;0
18480;3467;12490;0
18481;3467;10763;0
18482;3467;3601;0
18483;3467;3906;0
18484;3467;1518;0
18485;3467;9638;0
18486;3467;1062;0
18487;3467;9780;0
18488;3467;3612;0
18489;3467;1767;1
18490;3467;11079;0
18492;3467;1065;0
18493;3467;2040;0
18497;3467;1263;0
18498;3467;3623;0
18500;3467;3626;0
18501;3467;126;1
18502;3467;3629;0
18505;3467;12495;0
18510;3467;770;0
18541;12511;12526;0
18543;12511;12528;0
18547;12511;12532;0
18551;12511;12536;0
18554;12511;12539;0
18555;12511;865;0
18558;12511;4496;0
18575;12511;12558;0
18576;12511;12559;0
18578;12511;12561;1
18581;12511;5216;0
18587;12511;12568;0
18591;12511;2496;0
18600;12511;12577;0
18603;12511;879;0
18606;12511;2460;0
18656;12627;12628;0
18659;12627;12631;0
18660;12627;8880;1
18661;12627;7491;0
18663;12627;12633;0
18664;12627;12634;1
18665;12627;12635;1
18667;12627;12637;0
18669;12627;12639;0
18672;12627;12642;1
18673;12627;12643;0
18676;12627;12646;0
18677;12627;8207;1
18681;12627;12649;0
18683;12627;739;1
18686;12627;12653;0
18687;12627;6106;0
18688;12627;966;0
18690;12627;748;0
18692;12627;12656;0
18699;12627;12663;0
18701;12627;1027;0
18705;12627;818;0
18709;12627;12668;0
18715;12627;879;1
18738;12627;770;0
18743;8558;12693;0
18744;8558;12694;0
18745;8558;12695;0
18746;8558;12696;0
18747;8558;12697;0
18748;8558;12698;0
18749;8558;12699;1
18750;8558;12700;0
18751;8558;12701;0
18752;8558;12702;0
18753;8558;12703;0
18754;8558;12704;0
18755;8558;6745;0
18756;8558;12705;0
18757;8558;12706;0
18758;8558;8007;0
18759;8558;12707;0
18761;8558;1094;0
18762;8558;12708;0
18763;8558;7682;0
18764;8558;12709;0
18765;8558;12710;0
18766;8558;12711;0
18767;8558;12712;0
18768;8558;12713;0
18769;8558;12714;0
18770;8558;7067;0
18772;8558;12716;0
18773;8558;12717;0
18774;8558;2514;0
18775;8558;12718;0
18776;8558;12262;0
18777;8558;12719;0
18779;8558;12721;0
18781;8558;12723;0
18782;8558;8012;0
18784;8558;12725;0
18785;8558;8138;0
18786;8558;12726;0
18787;8558;12205;0
18788;8558;2805;0
18789;8558;7701;0
18790;8558;12727;0
18791;8558;12728;0
18792;8558;12208;1
18793;8558;12729;0
18794;8558;6758;0
18795;8558;2806;0
18796;8558;7087;0
18797;8558;12730;0
18799;8558;7088;0
18800;8558;12732;0
18801;8558;12733;0
18802;8558;12734;0
18803;8558;12735;0
18804;8558;12736;0
18805;8558;12737;0
18806;8558;12738;0
18807;8558;7712;0
18808;8558;12210;0
18809;8558;12739;0
18810;8558;8598;0
18811;8558;12740;0
18812;8558;12741;0
18813;8558;12742;0
18814;8558;4970;0
18815;8558;12743;0
18816;8558;12213;0
18817;8558;12744;0
18818;8558;2526;0
18819;8558;12745;0
18820;8558;7717;0
18821;8558;2528;0
18823;8558;3802;0
18824;8558;3018;0
18825;8558;12747;0
18827;8558;8888;0
18828;8558;7321;0
18829;8558;12749;0
18830;8558;12750;0
18831;8558;12268;0
18832;8558;12751;0
18833;8558;12752;0
18834;8558;12753;0
18835;8558;12754;0
18837;8558;12756;0
18839;8558;2812;0
18840;8558;12757;0
18841;8558;12758;0
18842;8558;12759;0
18843;8558;12760;0
18844;8558;2537;0
18845;8558;12761;0
18847;8558;8910;0
18850;8558;12764;0
18852;8558;12766;0
18853;8558;7739;0
18854;8558;5019;0
18855;8558;12767;0
18857;8558;12769;0
18858;8558;7741;0
18860;8558;5371;0
18861;8558;12272;0
18862;8558;12273;0
18863;8558;8628;0
18864;8558;12275;0
18865;8558;12770;0
18867;8558;8923;0
18868;8558;722;0
18871;8558;12774;0
18874;8558;12777;0
18875;8558;12778;0
18877;8558;12780;0
18878;8558;12781;0
18879;8558;12782;0
18880;8558;12783;0
18881;8558;12784;0
18882;8558;2817;0
18883;8558;8635;0
18884;8558;12282;0
18885;8558;12785;0
18886;8558;6081;0
18887;8558;2239;0
18889;8558;12787;0
18891;8558;12789;0
18892;8558;2241;0
18893;8558;8951;0
18896;8558;12792;0
18897;8558;12793;0
18904;8558;7344;0
18905;8558;12800;0
18906;8558;12801;0
18907;8558;12802;0
18908;8558;12803;0
18909;8558;7346;0
18911;8558;739;1
18912;8558;12804;0
18913;8558;2685;0
18914;8558;12283;0
18915;8558;12805;0
18916;8558;12284;0
18917;8558;12230;0
18918;8558;12806;0
18920;8558;12231;0
18921;8558;12808;0
18922;8558;12809;0
18923;8558;2572;0
18926;8558;6088;0
18927;8558;6090;0
18928;8558;12812;0
18929;8558;12813;0
18931;8558;12815;0
18932;8558;12816;0
18933;8558;12817;0
18934;8558;6096;0
18935;8558;12818;0
18936;8558;11548;0
18939;8558;3406;0
18941;8558;2580;0
18942;8558;3412;0
18943;8558;12821;0
18945;8558;2826;0
18946;8558;2488;0
18947;8558;744;0
18948;8558;12233;0
18950;8558;12290;0
18951;8558;6114;0
18952;8558;6116;0
18953;8558;5071;0
18954;8558;1496;0
18955;8558;6119;0
18956;8558;7128;0
18957;8558;9002;0
18958;8558;6122;0
18959;8558;12823;0
18960;8558;2721;0
18961;8558;8233;0
18962;8558;12824;0
18964;8558;12825;0
18965;8558;12826;0
18966;8558;12827;0
18967;8558;441;0
18968;8558;12828;0
18969;8558;12829;0
18970;8558;2363;0
18971;8558;12297;0
18972;8558;11242;0
18973;8558;12830;0
18974;8558;5944;0
18975;8558;3458;0
18976;8558;12831;0
18977;8558;12832;0
18978;8558;12833;0
18979;8558;5416;0
18980;8558;752;0
18982;8558;12835;0
18983;8558;6806;0
18984;8558;12836;0
18985;8558;6154;0
18986;8558;12837;0
18988;8558;756;0
18989;8558;3767;0
18990;8558;12839;0
18991;8558;1027;0
18993;8558;7775;0
18995;8558;12841;0
18996;8558;12842;0
18998;8558;12843;0
19001;8558;1595;0
19002;8558;12845;0
19003;8558;10629;0
19005;8558;6166;0
19007;8558;4017;0
19010;8558;12847;0
19018;8558;12851;0
19032;8558;2642;0
19046;8558;770;1
19060;12877;12879;0
19062;12877;739;0
19063;12877;12880;0
19065;12877;3396;0
19066;12877;1479;0
19067;12877;3109;0
19068;12877;12882;0
19069;12877;12883;0
19072;12877;12886;0
19073;12877;1536;0
19074;12877;12887;0
19076;12877;7760;0
19077;12877;12888;0
19080;12877;12891;0
19081;12877;5930;0
19082;12877;1496;0
19084;12877;2320;0
19086;12877;3424;0
19087;12877;2322;0
19088;12877;12893;0
19089;12877;12894;0
19090;12877;7973;0
19091;12877;12895;0
19092;12877;2329;0
19093;12877;2330;0
19094;12877;8234;0
19095;12877;12896;0
19096;12877;12897;0
19098;12877;748;0
19100;12877;1549;1
19101;12877;12900;0
19102;12877;3447;0
19103;12877;12901;0
19104;12877;12902;0
19105;12877;12903;0
19106;12877;1354;0
19109;12877;2970;1
19110;12877;12906;0
19111;12877;5943;0
19112;12877;1697;0
19113;12877;7766;0
19114;12877;749;0
19117;12877;2369;0
19118;12877;995;0
19120;12877;12908;0
19122;12877;12909;0
19125;12877;12912;0
19126;12877;12913;0
19127;12877;11623;1
19128;12877;6806;0
19132;12877;1929;0
19134;12877;1425;0
19136;12877;9519;0
19137;12877;1722;0
19139;12877;3897;0
19140;12877;1027;0
19141;12877;12918;0
19142;12877;12919;0
19147;12877;1739;0
19148;12877;1957;0
19151;12877;93;0
19152;12877;2979;0
19153;12877;1225;0
19154;12877;12922;0
19155;12877;11274;0
19158;12877;12925;0
19160;12877;6167;0
19163;12877;1368;0
19166;12877;7007;0
19167;12877;12930;0
19168;12877;1058;0
19171;12877;12933;0
19173;12877;12934;0
19175;12877;3621;0
19188;12877;2067;1
19209;12877;5260;0
19227;12877;11095;0
19253;12877;770;1
19298;13009;13022;0
19303;13009;13027;0
19324;13043;2554;1
19327;13043;4;0
19328;13043;739;0
19330;13043;5930;1
19333;13043;13048;0
19334;13043;2374;1
19335;13043;13049;0
19337;13043;1571;0
19338;13043;1429;1
19339;13043;7890;1
19342;13043;1992;1
19344;13043;13053;1
19346;13043;13054;1
19353;13058;11116;0
19357;13058;13063;0
19358;13058;13064;0
19363;13058;13069;0
19364;13058;13070;0
19367;13058;11122;0
19378;13058;13081;0
19379;13058;13082;0
19398;13058;13101;0
19400;13058;13103;0
19417;13058;7745;0
19418;13058;13120;0
19424;13058;13126;0
19425;13058;13127;1
19426;13058;8951;0
19432;13058;13132;0
19435;13058;8962;0
19436;13058;11154;0
19439;13058;2579;0
19444;13058;13141;0
19445;13058;6106;0
19459;13058;13155;0
19463;13058;6197;0
19469;13058;10521;0
19471;13058;5416;0
19504;13058;13197;0
19514;13058;10983;0
19517;13058;13208;0
19526;13058;818;0
19528;13058;4507;0
19533;13058;3197;0
19546;13058;13233;0
19549;13058;13236;0
19618;13058;13301;0
19624;13058;13306;0
19766;13393;13442;0
19806;13473;13474;1
19807;13473;13475;0
19808;13473;13476;0
19809;13473;13477;1
19811;13473;3397;0
19812;13473;13479;0
19813;13473;3857;0
19815;13473;13481;1
19817;13473;13483;0
19818;13473;6106;0
19819;13473;3870;1
19820;13473;13484;0
19822;13473;13486;0
19823;13473;13487;0
19824;13473;13488;0
19825;13473;13489;0
19827;13473;13491;0
19828;13473;13492;0
19832;13473;93;1
19835;13473;10558;0
19837;13473;13499;0
19838;13473;12483;0
19839;13473;10642;0
19840;13473;10644;0
19841;13473;10649;0
19842;13473;10650;0
19844;13473;1767;0
19845;13473;1070;0
19846;13473;126;0
19869;13473;770;1
19877;13521;4496;0
19878;13521;4744;0
20173;13785;13786;0
20174;13785;13787;0
20178;13785;13791;0
20180;13785;13793;0
20181;13785;13794;0
20182;13785;13795;0
20183;13785;13796;0
20184;13785;13797;1
20185;13785;13798;0
20186;13785;13799;0
20187;13785;13800;0
20188;13785;13801;1
20190;13785;13803;0
20191;13785;13804;0
20193;13785;13806;1
20195;13785;13808;1
20196;13785;13809;0
20197;13785;5999;1
20199;13785;13811;0
20204;13785;7745;0
20205;13785;13816;0
20206;13785;2241;0
20207;13785;7971;0
20208;13785;739;0
20209;13785;2272;0
20211;13785;13818;1
20213;13785;2572;0
20215;13785;13821;1
20219;13785;2579;0
20221;13785;2488;0
20222;13785;744;0
20223;13785;5071;0
20224;13785;13825;0
20225;13785;13826;1
20227;13785;966;0
20228;13785;13828;0
20231;13785;748;0
20232;13785;13831;1
20233;13785;13832;1
20236;13785;13835;0
20237;13785;13836;0
20239;13785;13838;0
20243;13785;13842;1
20246;13785;13845;0
20247;13785;13846;1
20249;13785;13848;0
20250;13785;13849;1
20252;13785;93;0
20258;13785;126;0
20270;13785;770;0
20462;13990;241;0
20464;13990;4009;0
20466;13990;255;0
20472;13818;14000;1
20473;13818;14001;1
20474;13818;14002;0
20475;13818;14003;1
20479;13818;5412;0
20480;13818;13826;1
20481;13818;14007;0
20483;13818;966;1
20486;13818;748;1
20487;13818;14010;0
20488;13818;13831;0
20489;13818;4161;0
20491;13818;2600;0
20495;13818;14015;0
20497;13818;13842;1
20498;13818;14016;0
20500;13818;1425;1
20501;13818;14018;0
20505;13818;13846;0
20506;13818;1027;0
20507;13818;14020;0
20510;13818;13849;1
20515;13818;14026;0
20517;13818;13208;0
20520;13818;1055;1
20522;13818;14029;0
20526;13818;6373;0
20527;13818;4013;0
20528;13818;5209;0
20533;13818;1623;0
20535;13818;2050;0
20536;13818;1624;1
20539;13818;2496;0
20548;13818;879;0
20568;13818;770;1
20928;14326;14332;0
20929;14326;14333;0
20930;14326;14334;0
20931;14326;14335;0
20932;14326;1351;0
20935;14326;14338;0
20936;14326;14339;0
20939;14326;780;0
20940;14326;2381;0
20941;14326;14342;0
20942;14326;14343;0
20946;14326;14346;0
20947;14326;14347;0
20948;14326;14348;0
20949;14326;14349;0
20950;14326;9831;0
20951;14326;89;0
20953;14326;14350;0
20961;14326;93;0
20962;14326;9617;0
20963;14326;14357;0
20966;14326;868;0
20967;14326;14360;0
20970;14326;14363;0
20971;14326;14364;0
20972;14326;105;0
20976;14326;12488;0
20978;14326;14369;1
20980;14326;1069;0
20981;14326;126;0
20985;14326;6839;0
20987;14326;879;0
20992;14326;2468;1
20993;14326;1188;0
20994;14326;5345;0
20997;14326;770;1
21019;14398;14399;0
21021;14398;14401;0
21025;14398;4442;0
21027;14398;2815;0
21028;14398;14405;0
21029;14398;14406;1
21030;14398;2816;0
21031;14398;14407;0
21032;14398;14408;1
21033;14398;5908;0
21035;14398;14410;0
21036;14398;14411;0
21039;14398;14413;0
21041;14398;14415;0
21042;14398;14416;0
21043;14398;14417;0
21044;14398;14418;0
21045;14398;14419;0
21046;14398;14420;0
21047;14398;14421;0
21048;14398;14422;0
21049;14398;14423;0
21050;14398;14424;0
21051;14398;14425;0
21052;14398;14426;0
21053;14398;14427;0
21054;14398;8642;0
21055;14398;2570;0
21056;14398;5057;0
21057;14398;14428;0
21059;14398;5061;0
21061;14398;14430;0
21062;14398;744;0
21063;14398;6112;0
21064;14398;14431;0
21067;14398;14433;0
21068;14398;966;1
21069;14398;14434;0
21070;14398;14435;0
21071;14398;14436;1
21074;14398;5086;0
21075;14398;14438;1
21076;14398;3167;0
21077;14398;2067;0
21078;14398;879;0
21079;14398;10478;0
21083;14398;14442;0
21087;6749;7700;1
21088;6749;14445;1
21089;6749;6754;0
21090;6749;14446;0
21091;6749;14447;1
21092;6749;7705;0
21093;6749;7709;0
21094;6749;14448;1
21095;6749;14449;0
21096;6749;14450;1
21097;6749;14451;0
21098;6749;14452;1
21099;6749;14453;0
21100;6749;14454;0
21101;6749;6460;0
21102;6749;3799;0
21103;6749;14455;0
21104;6749;6767;0
21105;6749;2528;0
21106;6749;14456;0
21107;6749;7093;1
21108;6749;14457;0
21109;6749;14458;0
21110;6749;8886;0
21111;6749;7095;0
21112;6749;14459;0
21113;6749;14460;0
21115;6749;8904;0
21116;6749;14461;0
21117;6749;2537;0
21118;6749;7590;1
21119;6749;8192;1
21120;6749;5362;1
21121;6749;6474;0
21122;6749;5356;1
21123;6749;5364;0
21124;6749;14462;0
21126;6749;14463;1
21127;6749;5019;0
21128;6749;14464;0
21129;6749;5366;1
21130;6749;5369;0
21131;6749;7592;1
21132;6749;14465;0
21133;6749;14466;0
21134;6749;2545;0
21135;6749;5025;0
21136;6749;5372;0
21137;6749;8205;0
21138;6749;7743;0
21139;6749;721;0
21141;6749;14467;0
21142;6749;14468;0
21143;6749;6789;0
21144;6749;14469;0
21145;6749;5381;0
21146;6749;14470;0
21147;6749;5385;0
21148;6749;5913;0
21149;6749;14471;0
21150;6749;6080;0
21151;6749;2672;0
21152;6749;6081;0
21153;6749;7748;0
21154;6749;5387;0
21155;6749;14472;0
21156;6749;3389;1
21158;6749;3392;0
21160;6749;739;1
21161;6749;2685;0
21162;6749;5918;0
21163;6749;6032;0
21164;6749;14473;0
21165;6749;5396;0
21166;6749;5399;0
21167;6749;5829;0
21168;6749;5400;1
21169;6749;2824;0
21170;6749;2305;0
21171;6749;8982;0
21172;6749;3409;0
21173;6749;2581;0
21174;6749;5405;0
21175;6749;5406;1
21176;6749;5407;0
21177;6749;5408;1
21178;6749;2488;0
21179;6749;744;1
21180;6749;5845;0
21181;6749;2718;0
21182;6749;5412;0
21183;6749;5934;0
21184;6749;5413;0
21185;6749;2966;1
21186;6749;2721;1
21187;6749;2967;0
21188;6749;2723;0
21189;6749;5936;0
21190;6749;6130;0
21192;6749;966;0
21193;6749;6295;0
21194;6749;8235;0
21195;6749;5939;0
21196;6749;8236;0
21197;6749;5941;0
21198;6749;9772;0
21200;6749;2600;0
21201;6749;5942;0
21202;6749;5943;0
21203;6749;2601;0
21204;6749;5944;0
21205;6749;6139;0
21206;6749;14474;0
21207;6749;5728;0
21208;6749;5416;0
21209;6749;6147;0
21210;6749;5868;0
21211;6749;14475;0
21214;6749;14476;0
21215;6749;9025;0
21216;6749;93;1
21218;6749;2407;0
21219;6749;6366;0
21220;6749;5976;0
21221;6749;5772;0
21222;6749;2791;0
21223;6749;4017;0
21224;6749;1264;0
21225;6749;3626;0
21226;6749;1069;0
21228;6749;126;0
21229;6749;2496;0
21238;6749;14482;1
21241;6749;2642;0
21246;6749;770;1
21247;6749;2993;0
21253;1491;9003;0
21254;1491;962;0
21255;1491;966;0
21256;1491;1543;0
21257;1491;14491;0
21258;1491;748;0
21259;1491;981;0
21260;1491;984;0
21261;1491;1154;0
21262;1491;1008;0
21263;1491;1009;0
21264;1491;1016;0
21265;1491;1027;0
21266;1491;1055;0
21267;1491;1057;1
21270;1491;770;0
21483;14495;14496;0
21485;14495;14498;0
21487;14495;14500;0
21488;14495;14501;0
21489;14495;14502;1
21490;14495;14503;0
21491;14495;14504;0
21493;14495;14506;0
21495;14495;14508;0
21496;14495;14509;0
21497;14495;14510;0
21498;14495;14511;0
21501;14495;14514;0
21502;14495;14515;1
21503;14495;14516;0
21504;14495;14517;0
21506;14495;14519;1
21507;14495;14520;1
21510;14495;14523;0
21511;14495;14524;0
21512;14495;14525;0
21513;14495;14526;0
21514;14495;14527;1
21515;14495;14528;0
21516;14495;14529;0
21517;14495;14530;0
21519;14495;14532;0
21520;14495;14533;0
21521;14495;14534;0
21522;14495;14535;0
21524;14495;14537;0
21527;14495;14540;0
21528;14495;14541;0
21529;14495;14542;1
21530;14495;14543;0
21531;14495;14544;0
21533;14495;14546;0
21536;14495;14548;0
21540;14495;14552;0
21541;14495;14553;0
21542;14495;14554;0
21543;14495;14555;0
21544;14495;7315;0
21545;14495;14556;0
21548;14495;14559;1
21549;14495;14560;0
21550;14495;14561;1
21551;14495;14562;1
21552;14495;14563;0
21556;14495;14567;0
21558;14495;14569;0
21560;14495;14571;0
21561;14495;14572;0
21562;14495;14573;1
21563;14495;14574;0
21565;14495;14576;0
21567;14495;14577;1
21570;14495;14580;0
21572;14495;9451;0
21574;14495;14583;0
21576;14495;14585;0
21579;14495;14588;0
21581;14495;2699;0
21582;14495;14590;0
21583;14495;14591;0
21585;14495;5061;1
21586;14495;14593;0
21587;14495;14594;0
21594;14495;14600;0
21597;14495;14603;0
21598;14495;14604;0
21600;14495;14606;0
21601;14495;14607;0
21605;14495;14610;0
21606;14495;14611;0
21607;14495;14612;0
21608;14495;14613;0
21610;14495;14615;1
21613;14495;1500;1
21614;14495;14618;0
21615;14495;14619;0
21616;14495;14620;0
21617;14495;14621;1
21618;14495;14622;1
21619;14495;14623;0
21620;14495;14624;1
21621;14495;14625;0
21626;14495;5086;0
21628;14495;14630;0
21629;14495;14631;0
21630;14495;14632;0
21631;14495;14633;0
21632;14495;14634;0
21634;14495;14636;0
21636;14495;14638;0
21640;14495;14642;0
21641;14495;93;0
21645;14495;4416;0
21646;14495;2407;1
21648;14495;14647;0
21651;14495;4216;0
21652;14495;14650;0
21661;14495;1264;0
21663;14495;1070;0
21666;14495;2067;1
21683;14495;770;1
21686;14495;199;0
21691;7315;8880;1
21693;7315;2528;0
21694;7315;14456;1
21695;7315;14676;1
21696;7315;14677;1
21697;7315;3802;0
21698;7315;14678;0
21699;7315;8018;1
21700;7315;14679;0
21701;7315;14680;0
21702;7315;7095;0
21703;7315;14681;1
21704;7315;8887;0
21706;7315;14682;0
21707;7315;14683;1
21709;7315;14684;0
21710;7315;14685;0
21711;7315;14686;1
21712;7315;14687;0
21713;7315;5000;0
21714;7315;14688;0
21715;7315;14689;1
21716;7315;14690;1
21717;7315;14691;1
21718;7315;14692;0
21719;7315;7326;0
21720;7315;14693;0
21721;7315;14694;1
21722;7315;14695;0
21723;7315;2537;0
21724;7315;4442;0
21725;7315;14696;0
21726;7315;14697;0
21727;7315;14698;0
21728;7315;14699;1
21729;7315;5013;0
21730;7315;14700;0
21731;7315;14701;0
21732;7315;14702;0
21733;7315;14703;0
21734;7315;14704;1
21735;7315;7106;0
21738;7315;8201;1
21739;7315;1872;0
21740;7315;5367;1
21741;7315;14706;0
21743;7315;5371;0
21744;7315;14708;0
21746;7315;2545;0
21747;7315;14709;0
21748;7315;14710;0
21749;7315;14711;0
21750;7315;14712;1
21751;7315;721;0
21752;7315;14713;0
21755;7315;14715;0
21756;7315;2664;0
21760;7315;14410;0
21761;7315;14719;1
21762;7315;14720;0
21767;7315;14724;1
21768;7315;12777;0
21769;7315;14725;1
21770;7315;14726;1
21771;7315;7745;1
21772;7315;14727;0
21773;7315;14728;0
21776;7315;14730;1
21777;7315;5381;1
21778;7315;14731;0
21780;7315;8216;0
21781;7315;8635;0
21782;7315;1117;0
21783;7315;12282;0
21784;7315;14733;1
21785;7315;14734;0
21787;7315;6081;1
21788;7315;14735;1
21789;7315;14736;0
21790;7315;14737;1
21791;7315;14738;1
21792;7315;14739;0
21793;7315;14083;1
21795;7315;2241;0
21798;7315;14418;0
21800;7315;14743;0
21801;7315;14744;0
21803;7315;7344;0
21804;7315;8475;0
21805;7315;7345;0
21806;7315;14746;1
21807;7315;14421;0
21808;7315;14747;0
21809;7315;7971;0
21810;7315;739;1
21811;7315;8958;0
21812;7315;9132;0
21813;7315;8959;0
21814;7315;9318;0
21815;7315;12284;0
21816;7315;14748;0
21817;7315;14749;1
21818;7315;9211;0
21819;7315;14750;0
21820;7315;14751;0
21821;7315;14752;0
21822;7315;9212;0
21823;7315;1480;1
21824;7315;14098;0
21826;7315;12808;0
21827;7315;1127;0
21828;7315;14753;0
21829;7315;7752;1
21830;7315;2572;0
21833;7315;14755;1
21834;7315;6088;0
21836;7315;6091;1
21838;7315;14758;0
21839;7315;4466;0
21840;7315;6092;1
21841;7315;2699;0
21842;7315;6093;0
21843;7315;14759;0
21844;7315;11907;0
21845;7315;14760;0
21846;7315;14761;0
21847;7315;14762;0
21848;7315;12286;0
21849;7315;7122;0
21850;7315;6096;0
21851;7315;12818;0
21852;7315;14763;0
21853;7315;14764;0
21854;7315;14765;0
21855;7315;3406;1
21856;7315;2579;0
21857;7315;8983;0
21858;7315;2580;0
21859;7315;8986;0
21860;7315;7358;1
21861;7315;8987;0
21862;7315;8988;1
21864;7315;2581;0
21865;7315;8991;0
21866;7315;14767;0
21867;7315;5407;1
21868;7315;5408;0
21869;7315;6106;1
21870;7315;6108;0
21873;7315;2488;1
21874;7315;744;1
21875;7315;6114;0
21876;7315;14123;0
21877;7315;5071;0
21878;7315;1496;1
21879;7315;6119;0
21880;7315;7366;0
21881;7315;14769;1
21882;7315;7128;0
21883;7315;14124;0
21884;7315;6122;1
21885;7315;5412;1
21886;7315;14770;1
21887;7315;14771;0
21888;7315;2721;1
21889;7315;14772;1
21890;7315;6126;0
21891;7315;8233;0
21892;7315;429;0
21893;7315;14773;0
21894;7315;2591;1
21895;7315;6129;0
21898;7315;966;1
21899;7315;6132;0
21900;7315;14132;0
21902;7315;10505;0
21903;7315;748;1
21904;7315;14137;1
21905;7315;441;0
21906;7315;14777;0
21907;7315;2970;0
21908;7315;12906;0
21909;7315;12297;0
21910;7315;2600;1
21911;7315;9010;0
21912;7315;2601;0
21913;7315;1500;0
21914;7315;1697;1
21915;7315;5944;0
21916;7315;9822;0
21917;7315;9013;0
21918;7315;14778;0
21919;7315;9015;1
21920;7315;6142;0
21921;7315;6197;0
21922;7315;1504;1
21923;7315;5416;1
21924;7315;3141;1
21925;7315;1506;1
21926;7315;2604;1
21928;7315;6149;0
21929;7315;7768;0
21931;7315;6154;0
21934;7315;8237;1
21935;7315;1722;1
21936;7315;1027;0
21937;7315;14781;0
21938;7315;93;0
21939;7315;14782;0
21940;7315;1997;0
21941;7315;1057;1
21942;7315;14219;1
21945;7315;14783;0
21946;7315;14784;0
21947;7315;2431;0
21949;7315;1520;0
21953;7315;2444;0
21955;7315;1071;0
21956;7315;5244;1
21957;7315;14785;1
21958;7315;14786;0
21959;7315;879;1
21971;7315;2642;0
21978;7315;14442;0
21980;7315;770;1
21987;14799;14801;0
21988;14799;7063;1
21989;14799;14802;0
21990;14799;14803;0
21992;14799;14805;0
21993;14799;14806;0
21994;14799;7067;0
21996;14799;14808;0
21997;14799;14809;0
21999;14799;14811;0
22000;14799;3016;1
22001;14799;14812;0
22002;14799;14813;1
22003;14799;14814;0
22005;14799;14816;0
22006;14799;1453;0
22007;14799;14817;0
22008;14799;14818;0
22009;14799;3806;1
22010;14799;1098;0
22011;14799;14819;0
22012;14799;1458;0
22013;14799;14820;0
22016;14799;6011;0
22017;14799;14821;0
22018;14799;5382;0
22019;14799;2223;0
22020;14799;2224;0
22021;14799;14822;0
22022;14799;2959;0
22025;14799;14823;0
22026;14799;5393;0
22027;14799;1484;1
22028;14799;2310;0
22029;14799;7760;0
22030;14799;743;0
22031;14799;2488;0
22032;14799;5842;0
22033;14799;14332;0
22034;14799;2967;0
22035;14799;2723;0
22037;14799;2351;1
22038;14799;7766;0
22040;14799;994;1
22041;14799;1560;0
22042;14799;1154;0
22043;14799;1008;0
22044;14799;1009;0
22045;14799;6806;0
22046;14799;1016;0
22048;14799;1029;0
22049;14799;1034;0
22050;14799;89;0
22051;14799;1512;0
22053;14799;2392;0
22054;14799;93;0
22055;14799;1041;0
22056;14799;1365;0
22057;14799;868;0
22058;14799;1173;0
22059;14799;14826;0
22060;14799;1064;0
22069;14799;14832;0
22070;14799;770;1
22071;14799;2993;0
22421;2528;14676;0
22422;2528;7093;0
22423;2528;3018;0
22424;2528;7317;0
22425;2528;14836;0
22426;2528;8018;0
22428;2528;8886;0
22429;2528;8887;0
22431;2528;14837;0
22435;2528;8893;1
22436;2528;8894;0
22437;2528;14838;0
22438;2528;14839;0
22439;2528;14686;0
22441;2528;5360;0
22442;2528;7326;0
22443;2528;7588;0
22444;2528;8021;0
22445;2528;8905;0
22446;2528;2537;0
22447;2528;14694;0
22448;2528;14840;0
22449;2528;8906;1
22450;2528;8907;1
22451;2528;14841;0
22452;2528;5362;0
22453;2528;5364;0
22454;2528;14842;0
22457;2528;8912;0
22458;2528;5365;0
22459;2528;713;0
22460;2528;14843;1
22461;2528;7591;0
22462;2528;7967;0
22463;2528;14844;0
22464;2528;7592;0
22465;2528;8919;1
22466;2528;2545;0
22467;2528;14845;0
22468;2528;14846;1
22469;2528;8922;0
22470;2528;14847;0
22471;2528;8925;1
22474;2528;12777;1
22475;2528;8931;0
22476;2528;14849;0
22477;2528;7745;0
22478;2528;14850;0
22479;2528;14851;0
22480;2528;14852;0
22481;2528;5381;0
22482;2528;2653;0
22483;2528;14853;0
22484;2528;6080;0
22485;2528;6081;1
22488;2528;7971;0
22489;2528;739;1
22490;2528;2685;0
22491;2528;5392;0
22492;2528;14856;0
22493;2528;12381;0
22494;2528;14857;0
22495;2528;2699;0
22496;2528;6095;0
22497;2528;12818;0
22499;2528;5401;0
22500;2528;2824;1
22501;2528;14858;0
22502;2528;2579;0
22503;2528;8982;1
22504;2528;7358;0
22505;2528;8989;0
22506;2528;2581;0
22507;2528;5406;0
22508;2528;5408;0
22509;2528;8995;0
22510;2528;6106;0
22511;2528;2488;1
22512;2528;4145;0
22513;2528;744;0
22514;2528;1496;0
22515;2528;7128;0
22516;2528;14859;0
22517;2528;8231;0
22518;2528;2322;0
22519;2528;2721;1
22520;2528;2966;0
22521;2528;2967;0
22522;2528;8028;0
22524;2528;429;0
22525;2528;2330;0
22526;2528;6130;0
22527;2528;3130;0
22528;2528;966;0
22529;2528;6132;0
22530;2528;11572;0
22532;2528;748;0
22533;2528;5858;0
22534;2528;2600;0
22535;2528;2601;0
22536;2528;1500;0
22537;2528;6139;0
22538;2528;9013;0
22539;2528;1145;0
22540;2528;2369;0
22542;2528;14862;1
22543;2528;1504;0
22544;2528;1506;0
22545;2528;2604;0
22547;2528;1930;0
22548;2528;2974;0
22549;2528;1027;0
22551;2528;1946;0
22552;2528;3532;0
22554;2528;3536;0
22558;2528;11766;0
22561;2528;93;0
22562;2528;14866;0
22563;2528;9530;0
22565;2528;1973;0
22566;2528;4416;0
22567;2528;2407;0
22568;2528;14868;0
22569;2528;3585;0
22570;2528;12483;0
22574;2528;1057;0
22576;2528;10368;0
22577;2528;2791;0
22578;2528;4017;0
22580;2528;1258;0
22582;2528;1264;0
22584;2528;126;0
22585;2528;2496;0
22588;2528;5244;0
22590;2528;2067;0
22593;2528;3640;0
22594;2528;879;0
22596;2528;9376;0
22600;2528;4048;0
22604;2528;8033;0
22606;2528;5345;0
22608;2528;11092;0
22614;2528;2642;1
22623;2528;770;1
22638;6467;14891;1
22639;6467;14892;1
22640;6467;14893;0
22643;6467;14896;0
22644;6467;2218;0
22645;6467;14897;0
22646;6467;14898;0
22647;6467;14899;0
22648;6467;10939;1
22649;6467;2556;0
22650;6467;5048;0
22651;6467;739;1
22652;6467;14900;0
22653;6467;14901;0
22654;6467;3401;0
22655;6467;2699;0
22656;6467;6794;1
22657;6467;1491;0
22658;6467;14902;1
22660;6467;743;1
22661;6467;14903;1
22662;6467;2488;0
22664;6467;744;0
22665;6467;5071;0
22666;6467;1496;0
22667;6467;2320;0
22668;6467;2322;1
22669;6467;3434;0
22670;6467;12294;0
22671;6467;12900;1
22672;6467;3448;0
22673;6467;14905;0
22674;6467;2600;1
22675;6467;2601;1
22676;6467;1500;0
22677;6467;10322;0
22678;6467;14906;1
22679;6467;2369;0
22680;6467;3464;1
22681;6467;1207;1
22682;6467;2604;1
22683;6467;14907;1
22684;6467;3502;0
22685;6467;1027;0
22686;6467;93;1
22687;6467;2399;1
22688;6467;1044;0
22689;6467;126;0
22691;6467;770;1
22694;2699;14910;0
22696;2699;12219;0
22697;2699;12218;0
22698;2699;2537;0
22699;2699;5362;0
22700;2699;5364;0
22701;2699;8912;0
22702;2699;2545;0
22703;2699;8919;0
22704;2699;6260;0
22705;2699;6081;0
22707;2699;12228;0
22708;2699;739;0
22710;2699;12230;0
22711;2699;1480;0
22712;2699;3399;0
22713;2699;14912;0
22714;2699;12231;0
22715;2699;6088;0
22716;2699;6090;1
22717;2699;10438;0
22718;2699;6093;0
22719;2699;8978;0
22720;2699;6095;0
22721;2699;14760;0
22722;2699;14761;0
22723;2699;5399;0
22724;2699;14762;0
22725;2699;6096;0
22727;2699;8980;0
22728;2699;12818;0
22731;2699;14915;0
22732;2699;6098;0
22733;2699;5402;0
22734;2699;14763;0
22735;2699;14916;0
22736;2699;14917;0
22737;2699;1492;0
22738;2699;2579;0
22739;2699;8982;0
22740;2699;8983;0
22741;2699;2707;0
22742;2699;2709;1
22743;2699;8986;0
22744;2699;7358;0
22745;2699;6100;0
22746;2699;8987;0
22747;2699;8988;0
22748;2699;6280;0
22749;2699;2581;0
22750;2699;5404;0
22751;2699;5406;0
22752;2699;5836;0
22753;2699;8991;0
22755;2699;5408;0
22758;2699;14918;1
22759;2699;6106;0
22760;2699;14919;0
22761;2699;5839;0
22764;2699;2488;0
22765;2699;14922;0
22766;2699;744;1
22768;2699;12233;0
22769;2699;6112;0
22770;2699;6114;0
22771;2699;14923;0
22772;2699;14924;0
22773;2699;8999;0
22774;2699;5071;0
22775;2699;1496;1
22776;2699;6120;0
22778;2699;14925;0
22779;2699;2318;0
22783;2699;953;0
22784;2699;14769;1
22785;2699;7128;0
22786;2699;2718;0
22787;2699;3424;0
22788;2699;6122;0
22789;2699;2322;0
22790;2699;14927;0
22791;2699;5412;1
22792;2699;14928;0
22793;2699;14770;0
22795;2699;14771;0
22796;2699;2966;1
22797;2699;2721;0
22798;2699;14930;0
22799;2699;10611;0
22800;2699;14931;0
22801;2699;8492;0
22802;2699;14932;0
22803;2699;6126;0
22804;2699;14933;0
22806;2699;14007;0
22807;2699;2327;0
22808;2699;429;0
22809;2699;2328;0
22810;2699;14934;0
22811;2699;14773;0
22813;2699;2329;1
22814;2699;2330;0
22815;2699;6129;0
22816;2699;2331;0
22817;2699;3434;0
22818;2699;14936;0
22819;2699;6130;0
22820;2699;3130;0
22822;2699;7371;0
22823;2699;966;1
22824;2699;6132;0
22825;2699;14937;0
22828;2699;748;0
22829;2699;6295;0
22830;2699;12900;0
22832;2699;5940;0
22833;2699;5077;0
22834;2699;5941;0
22836;2699;14938;0
22837;2699;12297;0
22838;2699;9010;0
22839;2699;2600;0
22840;2699;14939;0
22841;2699;5942;0
22842;2699;5943;0
22843;2699;9011;0
22844;2699;14940;0
22845;2699;2601;1
22846;2699;1500;0
22847;2699;1697;0
22848;2699;5944;1
22849;2699;10322;0
22851;2699;14941;0
22852;2699;6139;0
22853;2699;1503;0
22854;2699;9015;0
22855;2699;2369;0
22856;2699;10325;0
22857;2699;9774;0
22858;2699;10616;0
22859;2699;10327;0
22860;2699;6143;0
22861;2699;14862;0
22862;2699;1504;0
22863;2699;4478;0
22864;2699;9775;0
22865;2699;5728;0
22866;2699;14435;0
22867;2699;10617;0
22868;2699;5416;0
22869;2699;3141;0
22870;2699;1506;0
22871;2699;2604;1
22872;2699;6147;0
22873;2699;752;0
22874;2699;14942;0
22875;2699;6149;0
22877;2699;1001;0
22878;2699;1008;0
22881;2699;6154;1
22883;2699;14944;0
22884;2699;1722;0
22885;2699;6155;0
22886;2699;3999;0
22887;2699;1027;1
22889;2699;9777;0
22890;2699;1957;1
22891;2699;93;0
22892;2699;2399;0
22893;2699;3554;0
22894;2699;9795;0
22896;2699;14945;0
22897;2699;3577;0
22898;2699;10564;0
22899;2699;105;0
22901;2699;818;0
22902;2699;1057;0
22903;2699;14219;0
22906;2699;5109;0
22909;2699;1520;0
22910;2699;5216;0
22913;2699;2985;0
22916;2699;2900;0
22917;2699;1264;0
22920;2699;1070;0
22921;2699;126;0
22922;2699;2496;0
22923;2699;827;0
22924;2699;5244;0
22927;2699;2067;0
22930;2699;9376;0
22931;2699;4048;0
22941;2699;2642;0
22943;2699;770;1
23262;15040;15041;0
23263;15040;15042;0
23264;15040;12739;0
23265;15040;15043;0
23266;15040;15044;1
23267;15040;14958;1
23268;15040;2528;0
23269;15040;8886;0
23270;15040;7321;0
23271;15040;14837;0
23274;15040;15045;1
23275;15040;2537;1
23276;15040;7730;0
23278;15040;8912;0
23279;15040;7591;0
23280;15040;2545;1
23281;15040;739;1
23282;15040;2699;0
23283;15040;8982;0
23284;15040;7759;0
23285;15040;2488;0
23286;15040;744;0
23287;15040;2721;0
23288;15040;966;0
23289;15040;1500;0
23290;15040;1697;0
23291;15040;5416;0
23292;15040;1722;0
23294;15040;3901;0
23295;15040;5778;0
23297;15040;4050;0
23300;15040;2642;0
23303;15040;770;0
23305;7547;7929;1
23307;7547;15049;0
23308;7547;15050;0
23309;7547;15051;0
23310;7547;15052;0
23311;7547;15053;0
23312;7547;15054;0
23313;7547;15055;0
23314;7547;7826;0
23315;7547;7238;0
23316;7547;7828;0
23318;7547;7622;0
23321;7547;7631;0
23322;7547;7534;1
23323;7547;15058;0
23324;7547;7641;1
23325;7547;6725;0
23326;7547;7646;1
23327;7547;15059;1
23328;7547;7647;0
23329;7547;7649;0
23330;7547;6426;0
23332;7547;15060;0
23333;7547;9160;0
23334;7547;9161;0
23335;7547;7654;1
23336;7547;9162;1
23337;7547;15061;0
23338;7547;6731;0
23339;7547;7653;0
23340;7547;8055;0
23341;7547;15062;1
23342;7547;7548;0
23343;7547;9164;0
23344;7547;8058;0
23345;7547;15063;0
23346;7547;9167;1
23347;7547;7554;0
23348;7547;15064;1
23349;7547;9168;1
23350;7547;7276;1
23351;7547;7555;1
23352;7547;15065;0
23353;7547;15066;1
23354;7547;8074;0
23355;7547;2508;0
23356;7547;7664;1
23357;7547;9169;1
23358;7547;9170;1
23359;7547;7054;1
23360;7547;15067;0
23361;7547;7560;1
23362;7547;7561;1
23363;7547;7562;1
23364;7547;15068;0
23365;7547;15069;1
23366;7547;9172;1
23367;7547;7563;1
23368;7547;15070;1
23369;7547;15071;0
23370;7547;6742;0
23372;7547;7567;1
23373;7547;9176;1
23374;7547;15073;0
23375;7547;7945;0
23376;7547;7678;0
23377;7547;7680;0
23378;7547;7064;0
23379;7547;6745;0
23380;7547;9107;0
23381;7547;15074;0
23382;7547;6746;0
23383;7547;7294;0
23384;7547;7683;1
23385;7547;9179;1
23386;7547;15075;0
23387;7547;7574;1
23388;7547;9181;1
23389;7547;15076;1
23390;7547;8009;0
23391;7547;9183;0
23393;7547;15077;0
23394;7547;15078;0
23395;7547;2514;0
23396;7547;8124;0
23398;7547;9185;1
23399;7547;15079;0
23400;7547;7302;1
23401;7547;15080;0
23402;7547;15081;0
23403;7547;7580;0
23404;7547;15082;0
23405;7547;15041;0
23407;7547;2517;0
23408;7547;15084;0
23410;7547;7304;0
23411;7547;15085;0
23413;7547;2805;0
23414;7547;6754;1
23415;7547;6755;0
23416;7547;3016;0
23417;7547;9187;1
23418;7547;7583;0
23419;7547;12263;0
23420;7547;2521;0
23421;7547;7311;1
23422;7547;14450;0
23423;7547;15086;1
23424;7547;15087;0
23425;7547;12739;0
23427;7547;15089;0
23428;7547;7961;0
23429;7547;15090;0
23430;7547;3018;0
23431;7547;14837;0
23433;7547;14459;1
23434;7547;15091;0
23435;7547;15092;0
23436;7547;7588;1
23437;7547;7729;0
23438;7547;7731;0
23439;7547;7590;0
23440;7547;7738;0
23441;7547;8198;0
23442;7547;15093;0
23443;7547;7592;1
23444;7547;6000;0
23445;7547;7743;0
23447;7547;6017;0
23448;7547;7751;0
23449;7547;739;0
23451;7547;2699;0
23452;7547;5400;0
23453;7547;2581;0
23454;7547;7760;0
23455;7547;2721;0
23456;7547;2966;0
23457;7547;11571;0
23458;7547;6799;0
23459;7547;15095;0
23461;7547;990;0
23463;7547;3889;0
23464;7547;1011;0
23466;7547;755;0
23467;7547;1941;0
23468;7547;15097;0
23470;7547;7415;0
23471;7547;93;0
23472;7547;6064;0
23473;7547;868;0
23474;7547;7780;0
23505;7547;2993;0
23517;15121;15126;0
23518;15121;6307;0
23519;15121;15127;0
23520;15121;15128;0
23521;15121;15129;0
23522;15121;1026;1
23524;15121;1958;0
23527;15121;15131;0
23529;15121;1995;0
23532;15121;6252;0
23533;15121;2421;0
23534;15121;6530;0
23535;15121;7185;0
23539;15121;5224;0
23541;15121;1069;0
23543;15121;10386;0
23585;15139;4048;0
23588;15139;15172;0
23599;15139;15182;0
23642;7719;15213;0
23643;7719;15214;0
23644;7719;7706;0
23646;7719;15216;1
23648;7719;15217;0
23649;7719;4982;0
23653;7719;15220;0
23654;7719;15221;0
23655;7719;15222;0
23656;7719;6474;1
23657;7719;15223;0
23658;7719;15224;0
23659;7719;14463;0
23660;7719;15225;1
23661;7719;15226;0
23662;7719;7744;1
23664;7719;2212;0
23666;7719;12375;0
23668;7719;15230;0
23669;7719;15231;0
23670;7719;2653;0
23671;7719;15121;0
23674;7719;2678;0
23677;7719;15234;0
23678;7719;15235;0
23679;7719;12882;0
23680;7719;15236;0
23681;7719;15237;0
23682;7719;5829;0
23685;7719;9193;0
23686;7719;2710;0
23688;7719;2581;0
23689;7719;5404;0
23692;7719;2488;0
23694;7719;744;0
23695;7719;15240;0
23696;7719;951;0
23697;7719;4392;0
23698;7719;5930;0
23699;7719;15241;0
23700;7719;5412;0
23701;7719;15242;1
23702;7719;2721;0
23704;7719;15244;0
23706;7719;966;0
23707;7719;15246;0
23708;7719;967;0
23709;7719;15247;0
23713;7719;2600;0
23714;7719;15250;1
23716;7719;15252;0
23718;7719;15126;0
23719;7719;3706;0
23720;7719;15254;0
23722;7719;15127;0
23724;7719;15256;0
23725;7719;15128;1
23731;7719;15260;0
23733;7719;1026;0
23734;7719;15262;0
23738;7719;6344;1
23741;7719;93;0
23745;7719;15131;0
23746;7719;1045;0
23747;7719;2407;0
23751;7719;1995;1
23755;7719;6252;0
23756;7719;2421;1
23757;7719;15269;0
23761;7719;6530;0
23763;7719;5881;0
23764;7719;2432;0
23768;7719;15274;0
23770;7719;5224;0
23772;7719;2900;0
23774;7719;1070;0
23775;7719;286;0
23776;7719;10386;0
23780;7719;15275;0
23800;7719;770;0
23801;7719;2993;0
23808;15246;15289;0
23809;15246;748;0
23810;15246;15290;0
23811;15246;15291;0
23813;15246;1149;0
23815;15246;15127;1
23816;15246;12391;0
23817;15246;15293;0
23818;15246;15294;0
23819;15246;15295;1
23820;15246;15296;0
23821;15246;3710;0
23823;15246;15298;1
23825;15246;1425;0
23827;15246;15300;0
23828;15246;15301;0
23829;15246;15260;0
23830;15246;3766;0
23831;15246;15302;0
23832;15246;6338;1
23834;15246;15304;1
23835;15246;3770;0
23840;15246;1163;1
23841;15246;1958;0
23842;15246;93;0
23843;15246;15308;0
23845;15246;15131;1
23846;15246;15309;1
23847;15246;1044;0
23851;15246;3771;0
23853;15246;1995;1
23854;15246;11073;0
23857;15246;15313;0
23858;15246;15314;0
23859;15246;1057;0
23860;15246;6370;0
23862;15246;7182;1
23864;15246;15316;0
23865;15246;3732;0
23866;15246;1059;0
23867;15246;6530;0
23868;15246;7185;1
23869;15246;15317;0
23870;15246;1254;0
23871;15246;1767;0
23874;15246;15274;0
23876;15246;2040;0
23877;15246;5224;0
23878;15246;9650;0
23879;15246;283;0
23882;15246;126;0
23883;15246;10386;1
23884;15246;1071;0
23887;15246;15320;0
23899;15246;770;0
23910;7111;15332;1
23911;7111;5042;1
23912;7111;8945;1
23915;7111;5046;1
23916;7111;15335;1
23917;7111;739;1
23918;7111;2685;1
23921;7111;1483;1
23922;7111;1482;0
23924;7111;15337;0
23925;7111;5829;0
23926;7111;2824;1
23927;7111;3404;0
23928;7111;5064;1
23929;7111;15338;1
23930;7111;2488;1
23931;7111;744;0
23932;7111;5843;1
23933;7111;2721;0
23934;7111;3972;0
23935;7111;2967;0
23936;7111;5074;1
23938;7111;6132;0
23939;7111;15339;0
23941;7111;2343;0
23942;7111;11574;0
23944;7111;15341;0
23945;7111;748;0
23946;7111;2349;1
23947;7111;1499;1
23948;7111;3450;1
23949;7111;2830;1
23950;7111;15342;0
23951;7111;3136;0
23952;7111;15343;1
23953;7111;5863;0
23954;7111;3982;0
23955;7111;15126;0
23956;7111;990;0
23957;7111;9574;1
23959;7111;1709;0
23960;7111;15345;1
23961;7111;1001;1
23962;7111;15128;0
23963;7111;15346;1
23964;7111;1007;0
23965;7111;1008;0
23966;7111;1009;1
23967;7111;15347;1
23968;7111;15296;0
23969;7111;6806;0
23970;7111;1011;0
23973;7111;1016;0
23974;7111;1425;1
23978;7111;5089;0
23979;7111;15352;0
23980;7111;15353;0
23981;7111;15354;0
23982;7111;1941;0
23983;7111;1942;0
23984;7111;1946;0
23985;7111;15355;0
23986;7111;1950;0
23987;7111;1035;0
23988;7111;1036;1
23992;7111;93;0
23993;7111;1224;0
23994;7111;3180;0
23995;7111;1970;0
23996;7111;2623;0
23997;7111;1972;0
23998;7111;1973;1
23999;7111;2781;0
24000;7111;1045;1
24003;7111;1053;0
24004;7111;1055;1
24006;7111;105;0
24008;7111;1057;1
24009;7111;1518;0
24011;7111;12400;0
24012;7111;1062;0
24013;7111;1065;1
24015;7111;1071;0
24025;7111;15362;0
24048;7111;770;1
24050;7111;2993;0
24065;15386;1240;0
24066;15386;1055;0
24069;15386;1248;1
24076;15386;3734;1
24078;15386;9638;0
24079;15386;2985;0
24080;15386;15395;1
24082;15386;3736;1
24083;15386;3621;1
24084;15386;1263;0
24085;15386;15396;1
24086;15386;2443;0
24087;15386;2444;1
24088;15386;126;0
24089;15386;1071;0
24090;15386;827;0
24092;15386;2067;0
24236;15407;15409;0
24237;15407;15410;0
24239;15407;5832;1
24240;15407;11551;1
24241;15407;15411;0
24244;15407;966;0
24247;15407;971;1
24248;15407;748;0
24249;15407;975;1
24251;15407;11609;0
24252;15407;990;1
24253;15407;994;1
24254;15407;15414;0
24255;15407;1709;0
24256;15407;15415;1
24257;15407;1001;1
24258;15407;15416;0
24260;15407;15418;0
24262;15407;12912;1
24263;15407;1007;1
24264;15407;1008;1
24265;15407;1009;1
24266;15407;1011;1
24267;15407;1016;0
24268;15407;1425;1
24270;15407;7771;1
24271;15407;15420;0
24273;15407;15421;0
24274;15407;9596;0
24275;15407;15352;1
24276;15407;15354;1
24277;15407;1941;1
24278;15407;2976;1
24279;15407;1027;1
24280;15407;1946;1
24281;15407;1032;0
24282;15407;11643;1
24283;15407;1036;1
24285;15407;1743;0
24286;15407;1958;0
24288;15407;1038;0
24289;15407;15424;1
24291;15407;1970;1
24292;15407;1972;1
24293;15407;1973;0
24294;15407;1045;1
24295;15407;15426;1
24296;15407;868;1
24297;15407;1053;1
24300;15407;1055;1
24303;15407;11598;1
24304;15407;15429;1
24305;15407;2002;1
24307;15407;6167;1
24308;15407;1057;1
24309;15407;2421;1
24311;15407;1062;1
24314;15407;4017;0
24317;15407;1065;0
24318;15407;3621;1
24319;15407;1066;1
24338;15407;770;0
24340;15407;2993;0
24352;975;15451;0
24353;975;1008;0
24354;975;1425;0
24355;975;1027;0
24356;975;1946;0
24357;975;1950;0
24358;975;15452;0
24359;975;1958;0
24361;975;93;1
24363;975;1970;0
24364;975;1973;0
24365;975;1977;0
24366;975;1240;1
24368;975;1056;0
24369;975;9800;0
24370;975;1057;0
24371;975;2009;0
24372;975;1062;0
24373;975;1065;1
24374;975;2040;0
24376;975;1070;0
24378;975;879;0
24379;975;770;0
24381;1106;8601;1
24382;1106;15454;0
24384;1106;15456;0
24385;1106;14724;0
24386;1106;15457;0
24387;1106;15458;0
24388;1106;7749;0
24389;1106;15459;0
24390;1106;15407;1
24391;1106;15460;0
24392;1106;15461;1
24393;1106;7752;0
24394;1106;15462;0
24396;1106;5825;0
24397;1106;7753;1
24398;1106;11547;1
24399;1106;15464;0
24400;1106;15465;0
24401;1106;5832;0
24402;1106;15466;0
24403;1106;15467;0
24404;1106;15468;0
24407;1106;5842;0
24408;1106;15470;0
24410;1106;11563;0
24412;1106;15472;0
24413;1106;2721;0
24414;1106;11567;0
24415;1106;2967;0
24416;1106;15473;0
24417;1106;15474;1
24420;1106;11574;0
24421;1106;971;0
24422;1106;975;0
24424;1106;15476;0
24425;1106;3982;1
24426;1106;7766;0
24427;1106;990;1
24428;1106;994;1
24431;1106;1709;1
24432;1106;1001;0
24433;1106;15418;0
24434;1106;12912;0
24435;1106;11590;0
24436;1106;1007;0
24437;1106;1008;1
24438;1106;1009;1
24439;1106;6806;0
24440;1106;1011;0
24441;1106;1425;0
24445;1106;15352;0
24446;1106;15354;1
24447;1106;2976;0
24448;1106;1941;0
24449;1106;15481;1
24450;1106;5875;0
24451;1106;1946;0
24453;1106;1950;0
24454;1106;11643;0
24455;1106;1036;0
24457;1106;1038;0
24458;1106;15424;0
24459;1106;1970;0
24460;1106;1972;1
24461;1106;1973;1
24463;1106;15483;0
24464;1106;1053;0
24465;1106;15484;0
24467;1106;2413;0
24468;1106;15429;0
24469;1106;2002;1
24470;1106;6167;0
24471;1106;1057;1
24472;1106;2421;0
24473;1106;11602;0
24474;1106;14783;0
24477;1106;1062;0
24480;1106;1065;0
24481;1106;5224;0
24482;1106;1066;0
24490;1106;770;0
24491;1106;2993;0
24498;971;1008;1
24499;971;1425;0
24500;971;15494;0
24501;971;2976;1
24502;971;1941;1
24503;971;1027;1
24504;971;1942;1
24506;971;3524;0
24507;971;1946;1
24508;971;1036;1
24509;971;1958;0
24510;971;15496;0
24512;971;9025;0
24513;971;93;1
24514;971;10625;0
24515;971;1970;1
24516;971;1973;1
24518;971;1977;0
24519;971;1053;1
24520;971;1240;1
24521;971;1055;1
24524;971;7778;0
24525;971;1997;0
24526;971;1056;1
24527;971;9800;0
24528;971;1057;1
24529;971;2009;0
24530;971;2014;0
24533;971;1518;0
24534;971;1062;1
24535;971;9780;0
24536;971;1065;1
24537;971;2040;0
24538;971;9654;0
24539;971;1263;0
24540;971;1069;0
24542;971;126;0
24543;971;2496;0
24544;971;1071;1
24549;971;879;0
24560;971;770;1
24567;1478;15508;0
24569;1478;15510;1
24570;1478;6087;1
24571;1478;8969;0
24572;1478;5821;0
24573;1478;15511;0
24574;1478;15512;0
24576;1478;15513;0
24577;1478;5827;1
24578;1478;12286;0
24579;1478;2824;0
24580;1478;1492;0
24582;1478;15515;1
24583;1478;5833;0
24584;1478;11551;0
24585;1478;15516;0
24586;1478;5839;0
24590;1478;8997;0
24591;1478;15520;0
24592;1478;4145;0
24593;1478;744;0
24594;1478;15521;1
24595;1478;15522;0
24596;1478;5071;1
24597;1478;15523;0
24598;1478;1496;1
24600;1478;15525;0
24601;1478;7128;0
24602;1478;3424;0
24603;1478;6122;0
24604;1478;15526;0
24605;1478;9003;1
24606;1478;5851;0
24607;1478;11567;0
24608;1478;2967;0
24609;1478;15527;1
24610;1478;15411;1
24611;1478;9006;0
24612;1478;2330;0
24613;1478;6129;0
24614;1478;15528;1
24616;1478;15529;0
24617;1478;6130;0
24618;1478;965;0
24619;1478;966;1
24620;1478;6132;1
24623;1478;971;1
24624;1478;748;1
24625;1478;5855;0
24626;1478;5939;1
24627;1478;15531;1
24628;1478;975;0
24629;1478;15342;0
24630;1478;5078;0
24631;1478;15532;0
24632;1478;15476;0
24633;1478;5862;0
24634;1478;2367;1
24635;1478;5863;1
24636;1478;2601;0
24637;1478;3982;1
24638;1478;7766;0
24640;1478;9502;1
24641;1478;15533;0
24642;1478;990;1
24643;1478;15534;0
24644;1478;994;1
24645;1478;15535;1
24646;1478;6147;0
24647;1478;752;0
24648;1478;15536;0
24649;1478;15414;0
24650;1478;15537;0
24652;1478;15539;1
24653;1478;15540;1
24654;1478;1709;1
24655;1478;1001;1
24656;1478;15541;0
24657;1478;15542;0
24658;1478;15543;1
24659;1478;3707;0
24661;1478;1005;0
24662;1478;12912;0
24663;1478;11590;0
24664;1478;15451;0
24665;1478;1007;0
24666;1478;1008;0
24667;1478;1009;1
24668;1478;15296;1
24669;1478;6806;0
24670;1478;1011;0
24671;1478;15544;1
24672;1478;15545;0
24673;1478;15546;0
24674;1478;15547;1
24675;1478;1017;1
24676;1478;1930;0
24677;1478;14018;1
24678;1478;1425;0
24679;1478;15548;1
24682;1478;5872;0
24683;1478;7771;0
24684;1478;15549;0
24685;1478;15420;0
24688;1478;15352;0
24689;1478;15353;0
24690;1478;15354;0
24691;1478;15550;0
24692;1478;1941;0
24693;1478;2976;0
24694;1478;1027;1
24695;1478;1942;0
24696;1478;1946;1
24697;1478;1032;1
24698;1478;15355;0
24699;1478;1950;0
24700;1478;11643;0
24702;1478;15552;0
24703;1478;1035;0
24704;1478;1036;0
24706;1478;11596;0
24707;1478;15452;0
24708;1478;1958;0
24710;1478;15424;1
24712;1478;93;1
24713;1478;15553;0
24716;1478;1970;1
24717;1478;2623;0
24719;1478;12243;0
24720;1478;1972;1
24721;1478;1973;1
24723;1478;1045;0
24724;1478;15555;0
24725;1478;868;0
24727;1478;1053;1
24728;1478;1240;0
24729;1478;1055;1
24730;1478;15556;0
24732;1478;11598;0
24733;1478;1056;0
24734;1478;9800;0
24735;1478;15429;1
24736;1478;2002;0
24737;1478;12485;1
24738;1478;6167;0
24739;1478;1057;1
24740;1478;2009;0
24741;1478;2012;0
24742;1478;2014;1
24743;1478;11602;1
24744;1478;12489;0
24745;1478;1062;1
24747;1478;1065;1
24748;1478;2040;0
24749;1478;1066;0
24751;1478;1070;0
24752;1478;126;0
24753;1478;1071;1
24754;1478;2067;1
24770;1478;770;1
24771;1478;15562;0
24772;1478;15563;0
24774;1478;2993;0
26597;16936;15941;0
26598;16936;15950;0
26601;16936;1154;0
26602;16936;15296;0
26608;16936;807;0
26612;16936;2788;0
26614;16936;1066;0
26616;16936;770;0
27557;17535;15877;0
27569;17535;15910;0
27579;17551;7873;0
27580;17551;3322;0
27581;17551;17552;0
27582;17551;17553;0
27583;17551;17554;0
27585;17551;17555;1
27586;17551;728;0
27587;17551;17556;0
27588;17551;2859;0
27590;17551;560;0
27591;17551;17558;0
27592;17551;17559;0
27593;17551;17560;0
27595;17551;2492;0
27596;17551;14349;0
27597;17551;2778;0
27599;17551;1251;0
27617;17569;3621;0
27619;17569;17575;0
27621;17569;2053;1
27624;17569;15396;0
27629;17569;17578;0
27635;17569;17582;0
27653;7879;17596;0
27654;7879;17597;0
27655;7879;2554;0
27656;7879;17598;0
27657;7879;17599;0
27658;7879;17600;0
27659;7879;3103;0
27660;7879;17601;1
27661;7879;739;0
27662;7879;2268;0
27663;7879;2280;0
27665;7879;17603;0
27666;7879;1876;1
27667;7879;1877;1
27668;7879;17604;0
27670;7879;3869;1
27671;7879;17606;0
27673;7879;3125;0
27674;7879;11570;0
27675;7879;1881;0
27680;7879;17607;0
27681;7879;966;0
27682;7879;17608;0
27684;7879;748;0
27686;7879;3873;1
27688;7879;1883;0
27690;7879;17611;0
27691;7879;1885;1
27693;7879;17613;0
27694;7879;992;0
27695;7879;1558;0
27697;7879;1207;0
27703;7879;3156;0
27706;7879;1568;0
27707;7879;3161;0
27709;7879;15301;0
27710;7879;10982;0
27712;7879;4409;0
27713;7879;3167;0
27714;7879;1027;0
27715;7879;1029;0
27717;7879;1946;0
27719;7879;1512;0
27723;7879;1743;1
27725;7879;1958;0
27726;7879;1220;1
27727;7879;2395;0
27728;7879;1896;0
27729;7879;93;0
27730;7879;3180;0
27731;7879;17620;0
27732;7879;3901;0
27733;7879;1231;0
27734;7879;1046;1
27735;7879;1235;1
27736;7879;1050;1
27737;7879;3185;1
27739;7879;3186;0
27742;7879;2627;1
27746;7879;3189;1
27747;7879;1057;0
27748;7879;2421;0
27750;7879;1249;0
27751;7879;1058;1
27752;7879;2790;0
27754;7879;1254;0
27758;7879;1256;0
27759;7879;1257;0
27761;7879;1064;0
27762;7879;1620;0
27763;7879;1065;0
27765;7879;3621;1
27766;7879;1263;1
27767;7879;1264;0
27768;7879;2838;0
27769;7879;1901;0
27770;7879;2054;0
27773;7879;1070;0
27784;7879;879;0
27827;7879;770;1
27857;17655;17658;0
27858;17655;17659;0
27859;17655;468;0
27860;17655;17660;0
27863;17655;17663;0
27865;17655;17665;0
27867;17655;17667;0
27869;17655;17669;0
27873;17655;17673;0
27884;17655;17684;0
27888;17655;485;0
27892;17655;17690;0
27893;17655;17691;0
27895;17655;17693;0
27897;17655;17694;0
27901;17655;4017;0
27905;17655;875;0
27907;17655;17700;0
27918;17655;879;1
27922;17655;17709;0
27926;17655;4048;1
27930;17655;5260;0
27936;17655;17718;1
27943;17655;17723;0
27944;17655;8033;0
27946;17655;17725;0
27948;17655;17727;0
27953;17655;17731;0
27973;17743;8004;0
27974;17743;17744;0
27975;17743;8131;0
27976;17743;17745;0
27977;17743;17746;0
27978;17743;17747;0
27979;17743;8601;0
27980;17743;17748;0
27981;17743;14689;0
27982;17743;17749;0
27984;17743;8910;0
27985;17743;17751;0
27986;17743;14713;0
27987;17743;722;0
27988;17743;14724;0
27989;17743;7745;0
27990;17743;5032;0
27991;17743;17752;0
27992;17743;17753;0
27993;17743;14749;0
27995;17743;3856;0
27996;17743;7752;0
27997;17743;17755;0
27998;17743;411;1
27999;17743;6092;0
28000;17743;7753;0
28001;17743;13873;0
28002;17743;6111;0
28003;17743;15470;0
28004;17743;15472;0
28005;17743;10505;0
28007;17743;11577;0
28009;17743;3991;0
28010;17743;15418;0
28011;17743;3893;0
28012;17743;10982;0
28013;17743;3897;0
28014;17743;3549;0
28019;17743;17760;1
28047;894;17784;0
28682;7859;17811;0
28683;7859;17812;1
28684;7859;17813;0
28685;7859;17814;0
28686;7859;8004;0
28687;7859;17815;0
28688;7859;17816;0
28691;7859;6746;0
28692;7859;17819;0
28693;7859;17820;0
28694;7859;17821;0
28695;7859;17822;0
28696;7859;2514;0
28698;7859;2515;0
28699;7859;17824;0
28700;7859;17825;0
28701;7859;17826;0
28702;7859;17827;0
28703;7859;17828;0
28704;7859;17829;0
28705;7859;17830;0
28706;7859;17831;0
28707;7859;17832;0
28708;7859;6754;0
28709;7859;17833;0
28710;7859;17834;1
28711;7859;17835;0
28712;7859;9187;0
28713;7859;17836;0
28714;7859;17837;0
28715;7859;17838;0
28716;7859;17839;0
28717;7859;17840;0
28718;7859;7709;0
28719;7859;17841;0
28720;7859;17842;1
28721;7859;17843;0
28723;7859;17845;0
28724;7859;17846;1
28725;7859;17847;0
28726;7859;17848;1
28727;7859;17849;0
28728;7859;17850;0
28729;7859;17851;0
28730;7859;17852;0
28731;7859;17853;0
28732;7859;17854;0
28733;7859;17596;1
28734;7859;17855;0
28735;7859;17747;0
28736;7859;17856;0
28737;7859;17857;0
28738;7859;17858;1
28739;7859;17859;0
28741;7859;7869;0
28743;7859;5678;0
28744;7859;17862;0
28745;7859;17863;0
28746;7859;3802;1
28747;7859;17864;0
28748;7859;7870;1
28749;7859;17748;0
28750;7859;17865;1
28751;7859;17866;0
28752;7859;17867;0
28753;7859;3810;0
28756;7859;17868;0
28757;7859;7872;1
28758;7859;3815;0
28759;7859;7873;0
28760;7859;7874;0
28761;7859;3820;0
28762;7859;17869;0
28763;7859;17870;0
28764;7859;3821;0
28765;7859;17871;0
28766;7859;14700;0
28767;7859;17872;0
28768;7859;17873;0
28769;7859;17874;0
28770;7859;17875;0
28771;7859;17876;0
28772;7859;3828;0
28773;7859;17877;0
28774;7859;17878;0
28775;7859;17553;0
28777;7859;1872;1
28778;7859;17879;0
28779;7859;17880;0
28780;7859;722;0
28781;7859;17881;1
28782;7859;3836;1
28785;7859;3840;1
28786;7859;11902;1
28787;7859;3842;0
28788;7859;17884;1
28789;7859;17885;1
28790;7859;17886;0
28791;7859;7746;0
28792;7859;17887;1
28793;7859;7878;0
28794;7859;2554;0
28795;7859;5914;0
28796;7859;17600;1
28798;7859;2561;0
28799;7859;17888;0
28800;7859;4;0
28801;7859;739;0
28802;7859;1123;1
28803;7859;3104;0
28804;7859;17889;0
28805;7859;3105;1
28806;7859;17890;0
28807;7859;17891;1
28808;7859;17892;0
28809;7859;17603;0
28810;7859;3106;1
28812;7859;17894;0
28813;7859;1877;1
28814;7859;3108;0
28815;7859;411;0
28816;7859;17895;0
28818;7859;2310;0
28819;7859;6106;0
28820;7859;3414;0
28821;7859;3867;0
28822;7859;7363;0
28823;7859;3119;0
28825;7859;12823;1
28826;7859;17897;0
28828;7859;3125;1
28829;7859;1881;0
28831;7859;3441;0
28833;7859;17608;0
28835;7859;441;0
28836;7859;3873;1
28837;7859;3134;0
28838;7859;3135;0
28839;7859;3454;0
28840;7859;2970;0
28844;7859;1885;1
28845;7859;17902;0
28846;7859;17903;0
28847;7859;1555;0
28848;7859;3470;0
28850;7859;5951;0
28852;7859;17904;0
28853;7859;17905;1
28854;7859;3152;1
28856;7859;3991;0
28857;7859;2610;0
28859;7859;1154;0
28860;7859;2755;1
28861;7859;2756;0
28862;7859;17906;0
28863;7859;10982;0
28864;7859;3894;0
28865;7859;756;0
28866;7859;2614;0
28869;7859;1220;0
28870;7859;17907;0
28871;7859;2395;0
28872;7859;1897;0
28873;7859;3551;0
28874;7859;17908;0
28875;7859;3901;0
28876;7859;1231;0
28878;7859;10359;0
28880;7859;483;0
28884;7859;2790;0
28885;7859;3612;1
28891;7859;4017;1
28894;7859;1065;1
29335;3322;3331;0
29337;3322;14473;0
29339;3322;3336;1
29342;3322;17961;0
29343;3322;17962;0
29346;3322;1220;0
29362;17969;7111;0
29368;17969;17976;0
29370;17969;2215;0
29371;17969;2218;0
29372;17969;2220;0
29374;17969;17978;0
29375;17969;2227;0
29376;17969;2226;0
29377;17969;17979;1
29378;17969;2230;0
29379;17969;17980;0
29380;17969;17981;0
29381;17969;17982;0
29382;17969;17983;0
29389;17969;17984;1
29390;17969;17985;0
29391;17969;17601;0
29392;17969;3333;0
29394;17969;2272;0
29395;17969;1875;0
29396;17969;2688;0
29397;17969;2280;0
29398;17969;2291;0
29400;17969;1482;0
29401;17969;1488;0
29402;17969;9464;0
29403;17969;17987;0
29404;17969;1536;0
29406;17969;17988;0
29407;17969;2313;0
29408;17969;743;0
29412;17969;17992;0
29413;17969;17993;0
29414;17969;17994;0
29415;17969;2317;0
29416;17969;17995;0
29417;17969;17996;0
29418;17969;17997;0
29419;17969;2321;0
29420;17969;2323;0
29421;17969;17998;0
29422;17969;3440;0
29425;17969;970;0
29426;17969;17999;0
29427;17969;2350;0
29428;17969;1550;1
29429;17969;2358;0
29430;17969;2359;0
29433;17969;1883;0
29434;17969;3136;0
29435;17969;2368;0
29436;17969;18001;0
29437;17969;17611;0
29438;17969;1557;0
29439;17969;1558;0
29440;17969;18002;0
29441;17969;3484;0
29444;17969;18004;0
29445;17969;1002;0
29446;17969;1508;0
29447;17969;18005;0
29448;17969;18006;0
29449;17969;18007;0
29458;17969;2763;0
29461;17969;18012;0
29462;17969;1591;0
29465;17969;1227;0
29466;17969;1046;0
29467;17969;1235;0
29468;17969;1050;0
29469;17969;1983;0
29471;17969;1246;0
29472;17969;1058;0
29473;17969;2023;0
29474;17969;1063;0
29490;18018;14083;0
29495;18018;18028;1
29500;18018;18033;0
29503;18018;14137;1
29507;18018;18039;0
29508;18018;1503;0
29509;18018;9015;1
29511;18018;1504;0
29513;18018;1506;1
29517;18018;18044;0
29522;18018;18048;0
29525;18018;3177;0
29528;18018;18052;0
29530;18018;9797;0
29533;18018;1997;1
29537;18018;818;1
29549;18018;2067;0
29567;18018;13301;0
29572;18018;770;1
29587;18087;14982;0
29589;18087;18089;0
29590;18087;6107;0
29592;18087;6121;0
29593;18087;18091;0
29594;18087;18092;0
29596;18087;9008;1
29599;18087;18096;0
29600;18087;748;0
29601;18087;18097;0
29602;18087;18098;0
29603;18087;6140;0
29605;18087;18100;0
29606;18087;18101;0
29607;18087;18102;0
29608;18087;18103;0
29609;18087;6145;0
29610;18087;18104;0
29611;18087;18105;0
29612;18087;2604;0
29613;18087;18106;0
29615;18087;4378;0
29616;18087;18107;0
29619;18087;18110;0
29620;18087;9587;1
29622;18087;18112;0
29623;18087;18113;0
29624;18087;18114;0
29625;18087;18115;0
29626;18087;10340;1
29627;18087;18116;0
29630;18087;14944;0
29631;18087;10341;0
29633;18087;18119;0
29634;18087;1027;0
29640;18087;10350;0
29645;18087;18129;0
29646;18087;18130;0
29647;18087;18131;0
29648;18087;2780;0
29649;18087;18132;0
29650;18087;18133;0
29653;18087;18136;0
29655;18087;10361;0
29656;18087;18138;0
29658;18087;13499;0
29664;18087;18144;0
29666;18087;9630;0
29667;18087;18146;0
29668;18087;9631;0
29669;18087;10367;0
29670;18087;18147;0
29671;18087;18148;0
29675;18087;18152;0
29676;18087;9633;1
29677;18087;4013;0
29680;18087;18155;0
29684;18087;4424;0
29685;18087;10653;0
29689;18087;18160;0
29700;18087;9650;0
29704;18087;2900;0
29705;18087;3623;0
29757;18087;18219;0
29796;18087;833;0
29826;18087;18272;1
29827;18087;18273;0
29830;18087;770;0
29853;18293;4080;0
29854;18293;18294;0
29857;18293;18297;0
29859;18293;4136;1
29860;18293;18298;0
29861;18293;18299;0
29863;18293;9018;0
29864;18293;18301;1
29865;18293;1027;0
29866;18293;11766;0
29868;18293;93;0
29869;18293;10361;0
29871;18293;1065;0
29875;18293;1071;0
29878;18293;2067;0
29906;18293;770;0
29920;18332;17709;0
29936;18332;17725;0
29938;18332;18349;0
29939;18332;18350;0
29940;18332;18351;0
29942;18332;13301;1
29944;18332;18353;0
29945;18332;17731;0
29947;18332;18355;0
29976;18374;744;0
29977;18374;5071;0
29979;18374;1496;0
29980;18374;7128;0
29982;18374;3130;0
29983;18374;966;0
29985;18374;748;0
29988;18374;1504;0
29994;18374;6153;0
29997;18374;11631;0
29998;18374;1027;0
30003;18374;1957;0
30005;18374;3177;0
30007;18374;93;0
30010;18374;9797;0
30015;18374;17673;0
30017;18374;818;0
30018;18374;2423;0
30020;18374;18394;0
30024;18374;3612;0
30030;18374;2900;0
30033;18374;126;0
30034;18374;2496;0
30035;18374;875;0
30038;18374;10386;0
30043;18374;827;0
30056;18374;879;0
30063;18374;18332;0
30081;18374;2940;0
30090;18374;13301;0
30094;18374;17731;0
30095;18374;13306;0
30099;18374;770;0
30118;18439;18445;0
30122;18439;18394;0
30137;18439;879;0
30152;18439;13301;0
30154;18439;17731;0
30155;18439;13306;0
30177;18480;18484;0
30183;18480;3773;0
30185;18480;18488;0
30187;18480;18490;0
30189;18480;18492;0
30217;18511;18514;1
30219;18511;18516;0
30220;18511;18517;1
30222;18511;18519;0
30223;18511;18520;0
30224;18511;18521;0
30225;18511;18522;0
30226;18511;18523;0
30228;18511;18525;0
30232;18511;18529;0
30233;18511;18530;1
30234;18511;18531;1
30236;18511;18533;0
30237;18511;18534;0
30239;18511;18536;0
30245;18511;18542;0
30246;18511;18543;1
30250;18511;18547;0
30251;18511;18548;0
30262;18511;18559;0
30266;18511;18563;1
30277;18511;18574;0
30279;18511;18576;0
30280;18511;18577;1
30281;18511;18578;0
30282;18511;18579;0
30285;18511;18582;1
30289;18511;18586;0
30304;18511;18600;0
30306;18511;18602;1
30307;18511;18603;0
30309;18511;875;0
30313;18511;18608;0
30314;18511;18609;1
30316;18511;2067;1
30323;18511;879;1
30329;18511;18622;0
30352;18511;5260;0
30386;18511;18674;0
30406;18511;770;1
30471;18754;18755;0
30472;18754;18756;0
30476;18754;18760;0
30480;18754;18764;0
30482;18754;18765;0
30487;18754;9831;0
30493;18754;18775;0
30497;18754;6831;0
30502;18754;18780;0
30505;18754;18783;0
30515;18754;18793;0
30559;18754;2067;0
30565;18754;6839;0
30594;18754;18855;0
30598;18754;18219;0
30647;18754;1188;0
30658;18754;18915;0
30663;18754;18919;0
30664;18754;5345;0
30777;19016;19017;0
30779;19016;19019;0
30780;19016;19020;0
30781;19016;19021;0
30783;19016;5399;0
30785;19016;14916;0
30788;19016;567;0
30789;19016;19025;0
30792;19016;744;0
30793;19016;19028;0
30795;19016;8999;0
30797;19016;19031;0
30800;19016;966;0
30805;19016;6818;0
30806;19016;438;0
30807;19016;2351;0
30808;19016;19038;0
30809;19016;19039;0
30810;19016;599;0
30812;19016;9499;0
30814;19016;614;0
30815;19016;19042;0
30816;19016;616;0
30817;19016;19043;0
30818;19016;10327;0
30819;19016;617;0
30820;19016;19044;0
30821;19016;3474;0
30822;19016;19045;0
30823;19016;1356;0
30825;19016;2381;0
30826;19016;19047;0
30827;19016;19048;0
30829;19016;3500;0
30830;19016;630;0
30838;19016;19054;0
30839;19016;465;1
30840;19016;19055;0
30841;19016;19056;0
30842;19016;19057;0
30843;19016;19058;1
30847;19016;636;0
30848;19016;2492;0
30849;19016;1027;0
30850;19016;12461;0
30851;19016;19060;0
30852;19016;9831;0
30859;19016;1218;0
30861;19016;1957;0
30862;19016;1362;0
30864;19016;93;0
30866;19016;2778;0
30867;19016;19068;0
30868;19016;1228;0
30871;19016;1595;0
30872;19016;1230;0
30873;19016;19070;0
30874;19016;1599;0
30876;19016;19072;0
30882;19016;482;0
30885;19016;19075;0
30888;19016;485;0
30890;19016;18577;0
30891;19016;9801;0
30892;19016;19079;1
30893;19016;19080;0
30894;19016;3190;0
30900;19016;12488;0
30903;19016;19086;0
30905;19016;19087;0
30906;19016;19088;0
30907;19016;19089;0
30908;19016;5109;0
30909;19016;5778;0
30915;19016;19094;1
30919;19016;19098;0
30920;19016;824;0
30922;19016;2900;0
30926;19016;2496;1
30929;19016;19104;0
30933;19016;827;0
30944;19016;6839;0
30964;19016;4048;0
30994;19016;19144;0
31002;19016;18919;1
31003;19016;5345;0
31010;19016;19152;0
31019;19016;19159;0
31020;19016;770;0
31055;9831;12472;0
31057;9831;12473;0
31065;9831;1362;0
31067;9831;1230;0
31069;9831;19070;0
31077;9831;19195;0
31090;9831;14360;0
31091;9831;19072;0
31098;9831;19211;0
31099;9831;19212;1
31100;9831;19213;0
31101;9831;19214;0
31103;9831;19215;0
31112;9831;19223;0
31114;9831;5976;0
31115;9831;19224;0
31116;9831;12488;0
31118;9831;19226;0
31122;9831;19229;1
31123;9831;19088;0
31124;9831;1254;0
31133;9831;19235;0
31136;9831;2900;0
31138;9831;1264;0
31140;9831;9359;0
31141;9831;3626;0
31142;9831;1069;0
31145;9831;126;0
31146;9831;2496;0
31148;9831;1071;0
31151;9831;827;0
31152;9831;5244;0
31154;9831;2067;0
31159;9831;879;0
31163;9831;9376;0
31169;9831;4048;1
31192;1355;19250;0
31198;1355;19043;1
31199;1355;19256;0
31200;1355;1356;0
31201;1355;2381;0
31205;1355;1027;1
31206;1355;1511;0
31207;1355;1512;1
31210;1355;1230;0
31229;1355;770;0
31243;19270;19278;0
31250;19270;4170;0
31254;19270;19288;0
31271;19270;19087;0
31280;19270;770;0
31289;19317;19318;0
31290;19317;6020;0
31291;19317;14074;0
31293;19317;3962;0
31295;19317;6130;0
31296;19317;966;0
31297;19317;19319;0
31307;19317;19323;0
31309;19317;19325;0
31316;19317;5345;0
31320;19317;770;0
31329;19336;19341;1
31331;19336;19342;0
31332;19336;1496;1
31333;19336;966;1
31334;19336;748;0
31336;19336;9323;0
31338;19336;19058;0
31339;19336;1027;0
31341;19336;14357;1
31344;19336;19211;0
31345;19336;19075;0
31361;19336;19356;0
31383;19336;770;1
31443;19377;19430;0
31445;19377;19432;0
31476;19377;19462;0
31506;19377;18919;0
31552;19526;19528;0
31554;19526;14357;0
31558;19526;9359;0
31563;19526;5244;0
31565;19526;2067;1
31567;19526;9367;0
31570;19526;879;0
31581;19526;19144;0
31583;19526;5345;0
31796;19671;2542;0
31798;19671;19674;0
31799;19671;19675;0
31800;19671;19676;0
31801;19671;7879;0
31802;19671;17599;0
31803;19671;2556;0
31804;19671;2558;1
31808;19671;3103;0
31809;19671;14900;0
31810;19671;19678;0
31812;19671;19680;1
31813;19671;743;0
31814;19671;2488;0
31815;19671;19681;0
31816;19671;2322;0
31817;19671;19682;0
31818;19671;19683;1
31819;19671;19684;1
31821;19671;749;0
31822;19671;1885;1
31823;19671;19686;0
31824;19671;2758;1
31825;19671;9590;0
31826;19671;7149;1
31827;19671;19687;1
31828;19671;3767;0
31829;19671;89;0
31832;19671;93;1
31833;19671;807;0
31834;19671;2399;0
31835;19671;17620;1
31836;19671;19690;1
31838;19671;1997;0
31839;19671;19692;0
31840;19671;105;0
31845;19671;3906;0
31846;19671;19696;0
31847;19671;12400;1
31848;19671;19697;0
31850;19671;1767;0
31851;19671;126;1
31853;19671;3640;0
31862;19671;770;0
31869;9215;19706;0
31871;9215;19708;0
31874;9215;19711;0
31875;9215;19712;0
31877;9215;19714;0
31883;9215;19720;0
31884;9215;19721;0
31893;9215;11443;0
31902;9215;19734;0
31904;9215;19735;0
31905;9215;19736;0
31906;9215;9225;0
31907;9215;3575;0
31914;9215;19742;0
31921;9215;3621;0
32000;19815;8635;0
32001;19815;19818;0
32004;19815;19821;0
32007;19815;12800;0
32008;19815;19824;0
32009;19815;19825;0
32010;19815;2572;0
32013;19815;2580;0
32014;19815;19828;1
32019;19815;19833;0
32023;19815;19837;0
32024;19815;19838;0
32025;19815;9007;0
32026;19815;966;0
32028;19815;3439;0
32030;19815;9499;0
32031;19815;3458;0
32035;19815;19844;1
32036;19815;19845;0
32043;19815;1027;0
32055;19815;93;0
32057;19815;2399;0
32068;19815;2431;0
32072;19815;1520;0
32078;19815;1070;0
32079;19815;286;0
32080;19815;126;0
32082;19815;1071;0
32101;19815;770;0
32103;19890;1261;0
32104;19890;1264;0
32105;19890;3624;0
32107;19890;9661;0
32109;19890;1070;0
32110;19890;286;0
32111;19890;19893;0
32112;19890;126;0
32114;19890;1071;0
32118;19890;3220;0
32120;19890;3640;0
32604;20294;20062;0
32605;20294;20302;0
32612;20294;20309;0
32613;20294;20310;0
32619;20294;20316;0
32620;20294;20317;0
32623;20294;20320;0
32625;20294;824;0
32647;20332;20343;0
32648;20332;20062;0
32651;20332;20346;0
32653;20332;20348;0
32657;20332;20352;0
32661;20332;1698;0
32662;20332;20356;0
32668;20332;20362;1
32672;20332;20366;0
32695;20332;20387;0
33096;6795;2327;0
33097;6795;2328;1
33099;6795;2329;1
33100;6795;2330;0
33101;6795;2331;0
33103;6795;20743;0
33104;6795;20744;1
33108;6795;12903;0
33109;6795;20746;0
33112;6795;20748;0
33113;6795;2740;0
33114;6795;20749;0
33117;6795;2369;0
33120;6795;20754;0
33121;6795;20755;0
33122;6795;20756;0
33123;6795;20757;0
33127;6795;20760;0
33128;6795;20761;0
33130;6795;20763;0
33131;6795;3141;0
33133;6795;20764;0
33137;6795;20768;0
33146;6795;20775;0
33152;6795;20780;0
33155;6795;20783;0
33158;6795;20156;0
33163;6795;20788;0
33171;6795;11636;0
33173;6795;1027;0
33177;6795;1031;0
33202;6795;1362;0
33204;6795;93;0
33205;6795;1224;1
33209;6795;3728;0
33213;6795;3730;0
33219;6795;1989;0
33222;6795;10564;0
33228;6795;1997;0
33229;6795;19214;0
33230;6795;1998;0
33234;6795;818;0
33235;6795;1245;0
33236;6795;2007;0
33240;6795;1248;0
33244;6795;2787;0
33245;6795;113;0
33247;6795;5881;0
33248;6795;2431;1
33251;6795;20833;0
33255;6795;7186;0
33259;6795;3734;0
33261;6795;8828;0
33263;6795;9638;0
33265;6795;1767;0
33267;6795;2985;0
33272;6795;20836;0
33275;6795;3736;0
33278;6795;3621;0
33283;6795;1263;0
33284;6795;1623;0
33285;6795;20839;0
33286;6795;2049;0
33287;6795;1264;0
33288;6795;2838;0
33289;6795;2053;1
33290;6795;2054;0
33292;6795;6685;0
33293;6795;3625;0
33294;6795;3626;0
33295;6795;15396;1
33298;6795;2443;1
33299;6795;1070;0
33300;6795;2444;0
33301;6795;126;0
33311;6795;1267;0
33317;6795;2067;0
33319;6795;3220;0
33324;6795;879;0
33331;6795;9376;0
33337;6795;19638;0
33357;6795;770;1
33717;6663;1998;0
33718;6663;21062;0
33722;6663;21065;0
33726;6663;19670;0
33733;6663;6673;0
33734;6663;21072;0
33740;6663;3200;0
33743;6663;21074;1
33748;6663;8828;1
33751;6663;9638;0
33754;6663;21079;0
33756;6663;11079;1
33758;6663;21082;0
33761;6663;5223;0
33763;6663;21085;0
33766;6663;21088;0
33771;6663;9653;0
33773;6663;3621;0
33776;6663;1774;0
33777;6663;17575;0
33782;6663;21094;0
33783;6663;1263;1
33784;6663;8708;0
33787;6663;21096;0
33788;6663;7784;0
33789;6663;2049;0
33792;6663;2838;0
33794;6663;1901;0
33795;6663;2054;0
33797;6663;6685;0
33803;6663;1070;0
33804;6663;2444;0
33805;6663;126;0
33833;6663;2067;0
33834;6663;21120;0
33848;6663;3640;0
33862;6663;9376;1
33866;6663;21138;0
33877;6663;19638;1
33887;6663;21151;0
33904;6663;21164;0
33933;6663;21185;0
33980;21213;21215;1
33989;21213;5392;0
33992;21213;21225;0
33994;21213;7760;0
33996;21213;21227;0
33997;21213;5853;0
33999;21213;21229;0
34000;21213;2369;0
34003;21213;21231;0
34007;21213;12912;0
34008;21213;6963;0
34011;21213;12919;0
34013;21213;11649;0
34014;21213;868;0
34017;21213;1066;0
35471;22021;3551;0
35472;22021;1044;1
35473;22021;2876;0
35474;22021;10359;1
35476;22021;22022;0
35478;22021;3599;1
35479;22021;2790;1
35480;22021;3612;1
35493;22021;22033;1
35500;22036;2507;0
35501;22036;22037;0
35502;22036;22038;0
35503;22036;8004;0
35504;22036;22039;0
35505;22036;2514;0
35506;22036;2517;0
35508;22036;3788;0
35509;22036;7087;0
35510;22036;22041;0
35511;22036;17845;0
35512;22036;7712;0
35513;22036;22042;0
35514;22036;22043;0
35515;22036;22044;0
35516;22036;2526;0
35517;22036;14816;0
35518;22036;8887;0
35519;22036;22045;0
35520;22036;22046;0
35521;22036;22047;0
35522;22036;3814;0
35523;22036;22048;0
35524;22036;1455;0
35526;22036;22050;0
35527;22036;3827;0
35529;22036;5373;0
35530;22036;22052;1
35531;22036;17881;0
35532;22036;22053;0
35533;22036;22054;0
35534;22036;14821;0
35535;22036;17884;0
35536;22036;2228;0
35537;22036;2554;0
35538;22036;7879;0
35539;22036;739;0
35540;22036;17889;0
35541;22036;1480;0
35542;22036;2572;0
35543;22036;22055;1
35545;22036;3861;0
35546;22036;2310;0
35547;22036;743;0
35548;22036;2488;1
35549;22036;3119;0
35550;22036;744;0
35551;22036;22057;0
35552;22036;2322;0
35553;22036;3125;0
35554;22036;1881;0
35561;22036;1885;0
35562;22036;22063;0
35564;22036;752;0
35565;22036;12078;0
35568;22036;22067;0
35569;22036;22068;0
35571;22036;22069;0
35572;22036;3533;0
35573;22036;89;0
35575;22036;93;0
35576;22036;22071;0
35577;22036;1044;0
35578;22036;2783;0
35583;22036;22074;0
35584;22036;1065;0
35585;22036;2040;0
35586;22036;22075;0
35588;22036;1070;0
35593;22036;22080;0
35595;22036;22081;0
35615;22036;1829;0
35731;22114;22185;1
35733;22114;22187;1
35745;22114;22033;0
35746;22114;22197;0
35747;22114;22198;0
35757;22114;22207;0
35815;22253;22259;1
35851;22253;9705;0
35855;22253;22293;0
35863;22253;5345;0
35930;22341;22342;0
35932;22341;22344;0
35934;22341;22346;0
35935;22341;22347;0
35936;22341;3827;0
35937;22341;22348;0
35938;22341;9418;0
35944;22341;22352;0
35945;22341;22053;0
35947;22341;22354;1
35948;22341;22355;0
35949;22341;2228;1
35950;22341;22356;1
35951;22341;22357;0
35952;22341;2241;0
35953;22341;17600;0
35959;22341;739;0
35960;22341;5812;1
35961;22341;2686;1
35964;22341;22364;1
35965;22341;22365;0
35966;22341;22366;1
35970;22341;22370;1
35971;22341;14912;0
35972;22341;2572;0
35976;22341;15513;0
35979;22341;10298;0
35980;22341;2580;1
35981;22341;20566;0
35982;22341;7358;1
35983;22341;22374;0
35988;22341;2488;0
35989;22341;744;0
35990;22341;1496;0
35992;22341;22379;1
35993;22341;22380;1
35994;22341;1881;0
35995;22341;2329;0
35996;22341;966;0
35998;22341;14134;1
35999;22341;748;0
36000;22341;14139;1
36001;22341;5941;0
36002;22341;22381;0
36003;22341;22382;1
36004;22341;3454;1
36006;22341;2601;0
36007;22341;22383;0
36008;22341;1885;0
36009;22341;17903;1
36013;22341;22386;1
36016;22341;22389;0
36018;22341;17906;0
36019;22341;22390;0
36021;22341;22392;0
36022;22341;7401;0
36023;22341;3166;0
36024;22341;1027;0
36025;22341;3524;0
36027;22341;89;0
36034;22341;22399;1
36035;22341;1958;0
36036;22341;7415;0
36039;22341;22402;1
36041;22341;93;0
36042;22341;3551;0
36043;22341;22404;0
36044;22341;1044;1
36047;22341;10359;0
36048;22341;22407;1
36049;22341;3588;0
36050;22341;105;0
36053;22341;3594;0
36054;22341;22410;0
36055;22341;22411;0
36056;22341;1059;0
36058;22341;2025;1
36059;22341;3906;0
36062;22341;3614;0
36063;22341;10371;0
36066;22341;2040;0
36067;22341;22413;0
36068;22341;3621;0
36070;22341;1068;0
36071;22341;1264;1
36074;22341;126;0
36075;22341;2496;0
36081;22341;1630;0
36082;22341;16223;0
36083;22341;2067;0
36091;22341;4048;0
36108;22341;9705;0
36116;22341;22197;0
36126;22341;770;0
36140;4744;4496;0
36187;4744;22473;0
36191;4744;22475;0
36194;4744;9705;1
36207;4744;22185;0
36225;3814;22493;0
36227;3814;22495;0
36228;3814;3837;0
36230;3814;3840;0
36231;3814;22496;0
36232;3814;3842;0
36233;3814;3845;1
36234;3814;22497;0
36235;3814;3102;0
36236;3814;3104;0
36237;3814;2687;0
36238;3814;22498;0
36239;3814;3105;0
36240;3814;3108;0
36241;3814;2698;0
36242;3814;3118;0
36243;3814;2488;0
36244;3814;3119;0
36245;3814;3875;1
36248;3814;1885;0
36249;3814;2755;0
36251;3814;755;0
36252;3814;3533;0
36253;3814;93;0
36254;3814;1044;0
36255;3814;11073;0
36257;3814;2790;0
36258;3814;1065;0
36267;3814;770;0
36270;22501;2554;0
36271;22501;3105;0
36272;22501;14912;0
36273;22501;22502;0
36274;22501;2488;1
36275;22501;14431;0
36276;22501;3125;0
36277;22501;3432;0
36278;22501;3434;1
36279;22501;14937;0
36280;22501;8655;0
36281;22501;1885;0
36282;22501;3471;0
36284;22501;17904;0
36285;22501;2756;1
36286;22501;10337;0
36288;22501;9590;0
36289;22501;22504;0
36290;22501;17906;0
36291;22501;3166;0
36292;22501;2615;0
36294;22501;1220;0
36295;22501;17907;0
36296;22501;1044;1
36297;22501;10359;1
36298;22501;3599;0
36299;22501;1059;0
36300;22501;2790;0
36301;22501;3906;1
36302;22501;3612;1
36303;22501;1065;1
36304;22501;2040;0
36316;22501;770;0
36319;22510;22511;0
36320;22510;22512;0
36322;22510;15301;0
36323;22510;22514;0
36324;22510;22515;0
36325;22510;22516;0
36326;22510;6210;0
36329;22510;22517;0
36330;22510;93;0
36331;22510;22518;0
36332;22510;15309;0
36333;22510;22519;0
36334;22510;22520;0
36335;22510;7182;0
36336;22510;7185;0
36337;22510;2900;0
36339;22510;3773;0
36340;22510;18219;0
36342;22510;12403;0
36616;22526;22528;0
36619;22526;22530;1
36620;22526;11386;0
36621;22526;11388;0
36624;22526;4145;0
36626;22526;11394;0
36627;22526;22533;1
36630;22526;11401;1
36632;22526;22536;0
36633;22526;22537;0
36634;22526;18102;0
36635;22526;10617;0
36636;22526;10333;0
36637;22526;22538;0
36638;22526;22539;1
36639;22526;22540;1
36640;22526;18106;0
36641;22526;10334;1
36642;22526;22541;0
36643;22526;22542;1
36644;22526;22543;0
36647;22526;10336;0
36654;22526;11420;0
36655;22526;10338;1
36656;22526;11425;0
36657;22526;22548;1
36658;22526;1027;1
36659;22526;9601;0
36660;22526;22549;1
36661;22526;10346;1
36665;22526;10348;0
36668;22526;22554;0
36669;22526;11447;1
36670;22526;22555;0
36671;22526;11449;0
36672;22526;93;0
36673;22526;6347;0
36674;22526;11453;1
36675;22526;9795;1
36678;22526;11455;0
36679;22526;11458;1
36680;22526;22557;0
36682;22526;10359;0
36683;22526;22558;1
36684;22526;11462;1
36685;22526;10360;1
36686;22526;22559;0
36687;22526;11599;0
36689;22526;22560;0
36692;22526;10366;1
36693;22526;11475;0
36694;22526;9631;0
36695;22526;10368;1
36696;22526;6373;1
36697;22526;2431;0
36698;22526;6377;1
36700;22526;22561;0
36702;22526;10371;1
36703;22526;9805;0
36704;22526;22563;0
36705;22526;2040;0
36707;22526;286;0
36711;22526;879;0
36713;22526;18219;0
36714;22526;4048;1
36727;22526;8033;0
36730;22526;22570;0
36736;22526;17727;0
36743;22526;770;0
36748;22574;15236;0
36749;22574;22575;0
36751;22574;15246;0
36752;22574;1149;0
36753;22574;22577;0
36754;22574;22578;0
36755;22574;22579;0
36756;22574;15301;0
36759;22574;15309;1
36763;22574;7182;0
36764;22574;22580;0
36765;22574;10367;0
36766;22574;7185;0
36768;22574;15274;0
36770;22574;9650;0
36776;22574;15320;1
36781;22574;3773;1
36786;22574;12403;0
36793;22574;770;1
36903;22594;22599;0
36906;22594;22601;0
36910;22594;22605;0
36921;22594;6064;0
36924;22594;3730;0
36926;22594;22617;1
36929;22594;22620;0
36930;22594;22621;0
36931;22594;22622;0
36933;22594;7780;1
36942;22594;3595;0
36945;22594;11474;0
36951;22594;3606;0
36953;22594;22634;0
36954;22594;22635;0
36961;22594;2038;0
36962;22594;22641;0
36963;22594;3621;0
36968;22594;1070;0
36969;22594;126;0
36972;22594;1071;1
36976;22594;2067;0
37031;22682;5071;0
37032;22682;22684;1
37033;22682;2591;0
37034;22682;966;0
37035;22682;12825;0
37036;22682;748;1
37037;22682;12827;0
37038;22682;9011;0
37039;22682;752;0
37042;22682;22687;0
37043;22682;12836;0
37044;22682;22688;1
37045;22682;1027;1
37046;22682;22689;0
37049;22682;9792;0
37051;22682;22691;0
37052;22682;11447;0
37053;22682;22692;0
37054;22682;3546;0
37055;22682;22693;0
37056;22682;22694;0
37058;22682;13208;0
37061;22682;4507;0
37065;22682;5778;1
37072;22682;286;0
37073;22682;2496;0
37074;22682;827;0
37075;22682;2067;0
37078;22682;879;0
37096;22682;1188;0
37102;22682;19144;0
37122;22682;770;1
37148;22754;22757;0
37149;22754;22758;0
37150;22754;17838;0
37151;22754;22759;1
37152;22754;14676;0
37153;22754;5000;1
37154;22754;8614;0
37155;22754;8021;1
37156;22754;22760;0
37157;22754;13811;0
37158;22754;9420;0
37159;22754;1872;0
37162;22754;9422;1
37163;22754;14408;1
37164;22754;721;0
37168;22754;8630;0
37169;22754;2549;0
37171;22754;14413;0
37172;22754;9442;1
37173;22754;9440;1
37174;22754;22765;1
37175;22754;22766;0
37176;22754;22767;0
37177;22754;22768;0
37179;22754;739;0
37180;22754;14427;1
37181;22754;22770;0
37182;22754;3399;1
37184;22754;15410;0
37186;22754;22771;0
37187;22754;8978;0
37188;22754;14590;0
37192;22754;6103;0
37193;22754;8994;0
37195;22754;9476;1
37196;22754;9477;0
37197;22754;2587;0
37198;22754;5071;0
37199;22754;6120;1
37200;22754;7128;1
37201;22754;9483;0
37202;22754;746;0
37203;22754;2591;0
37205;22754;22774;1
37207;22754;7374;0
37208;22754;8655;0
37209;22754;3456;1
37210;22754;22775;0
37211;22754;22776;1
37212;22754;5942;0
37214;22754;9498;0
37215;22754;9499;0
37216;22754;22778;0
37217;22754;9501;0
37219;22754;3470;0
37220;22754;8663;1
37221;22754;6147;0
37222;22754;14942;0
37223;22754;22780;1
37225;22754;9513;0
37226;22754;9514;0
37232;22754;9520;1
37233;22754;7398;1
37236;22754;1942;0
37238;22754;22784;0
37241;22754;7410;1
37243;22754;8682;0
37244;22754;3536;0
37248;22754;9530;0
37252;22754;9619;0
37253;22754;22788;0
37254;22754;22789;1
37255;22754;22790;0
37257;22754;1997;0
37258;22754;3589;0
37262;22754;2423;0
37264;22754;10196;0
37265;22754;3607;0
37266;22754;5778;0
37269;22754;5114;0
37270;22754;22796;0
37271;22754;20387;0
37291;22754;14442;0
37294;22754;770;0
37306;22754;9546;0
37335;22822;2151;0
37344;15410;22850;0
37345;15410;14083;0
37346;15410;7344;0
37347;15410;739;0
37348;15410;14427;0
37349;15410;3399;0
37350;15410;22851;0
37351;15410;2699;0
37352;15410;6095;0
37353;15410;12286;0
37354;15410;9192;0
37359;15410;5836;0
37360;15410;7363;0
37361;15410;744;0
37362;15410;22854;1
37363;15410;5071;0
37365;15410;1496;0
37366;15410;22856;0
37367;15410;9003;1
37368;15410;22857;0
37369;15410;2591;0
37370;15410;3130;0
37371;15410;7371;0
37373;15410;966;0
37374;15410;6132;0
37375;15410;22858;0
37378;15410;748;1
37380;15410;14777;0
37381;15410;22775;0
37382;15410;9011;1
37383;15410;2601;0
37384;15410;9499;0
37386;15410;6139;0
37387;15410;8818;0
37388;15410;9774;0
37389;15410;66;0
37390;15410;3141;0
37391;15410;22861;0
37392;15410;22862;0
37395;15410;22865;0
37396;15410;4176;1
37398;15410;6806;0
37400;15410;22868;0
37403;15410;1016;0
37404;15410;12441;0
37405;15410;1425;0
37407;15410;11629;0
37408;15410;22871;0
37409;15410;8237;0
37412;15410;1722;0
37414;15410;22392;0
37416;15410;1027;0
37418;15410;12462;0
37420;15410;1032;0
37422;15410;1948;0
37423;15410;89;0
37425;15410;22876;0
37426;15410;22877;0
37427;15410;12469;0
37429;15410;22879;1
37430;15410;22880;0
37432;15410;1957;0
37433;15410;3177;0
37435;15410;22881;0
37437;15410;93;0
37438;15410;807;0
37440;15410;2399;0
37442;15410;14206;0
37443;15410;3692;0
37444;15410;3901;0
37445;15410;3730;0
37446;15410;1600;0
37447;15410;13208;0
37450;15410;14782;0
37451;15410;22884;0
37455;15410;14363;0
37456;15410;1056;0
37457;15410;105;0
37458;15410;2000;0
37464;15410;3590;1
37465;15410;22889;1
37466;15410;11601;0
37467;15410;22890;0
37468;15410;1057;1
37472;15410;2423;0
37473;15410;22892;0
37474;15410;5198;0
37475;15410;22893;0
37477;15410;22894;0
37479;15410;22895;0
37480;15410;14219;0
37483;15410;1614;0
37484;15410;12490;1
37486;15410;22896;0
37487;15410;3601;0
37488;15410;5881;0
37489;15410;22897;0
37490;15410;5209;0
37491;15410;2431;0
37492;15410;3605;0
37493;15410;5212;0
37494;15410;2792;1
37495;15410;3607;0
37496;15410;22898;0
37497;15410;5109;0
37498;15410;2434;0
37501;15410;5778;1
37505;15410;1520;0
37506;15410;5216;1
37507;15410;4017;0
37508;15410;1767;1
37510;15410;22901;0
37515;15410;1258;0
37516;15410;2985;0
37518;15410;2900;0
37520;15410;1068;0
37521;15410;9359;0
37524;15410;1069;0
37527;15410;2444;0
37528;15410;126;1
37529;15410;2496;1
37532;15410;827;1
37533;15410;5244;0
37537;15410;2067;0
37540;15410;879;0
37547;15410;4048;0
37558;15410;5345;0
37564;15410;770;0
37565;15410;199;0
37586;22913;227;1
37588;22913;22918;1
37589;22913;241;1
37592;22913;22921;0
37593;22913;4010;1
37594;22913;22922;0
37595;22913;19223;0
37600;22913;2496;0
37609;22932;22933;0
37610;22932;2506;0
37611;22932;2999;0
37612;22932;22934;0
37613;22932;22935;0
37614;22932;22936;0
37615;22932;22937;0
37616;22932;2514;0
37617;22932;22938;0
37618;22932;22939;0
37619;22932;22940;0
37620;22932;22941;0
37621;22932;22942;0
37622;22932;22943;0
37623;22932;22944;0
37624;22932;22945;0
37625;22932;5896;0
37626;22932;7311;0
37627;22932;22946;0
37628;22932;22947;0
37629;22932;22948;0
37630;22932;8149;0
37631;22932;4959;1
37632;22932;22949;0
37633;22932;22950;0
37635;22932;22951;0
37636;22932;13064;0
37637;22932;22952;0
37638;22932;7313;0
37639;22932;22953;0
37640;22932;22954;0
37641;22932;4972;1
37642;22932;22955;0
37643;22932;16722;0
37644;22932;17859;0
37645;22932;22956;0
37646;22932;22957;0
37647;22932;14556;0
37648;22932;2528;1
37649;22932;8601;0
37650;22932;22958;0
37652;22932;22754;0
37653;22932;14457;0
37654;22932;22960;1
37655;22932;22961;0
37656;22932;8890;0
37657;22932;22962;0
37658;22932;8893;1
37659;22932;8020;0
37660;22932;22963;0
37661;22932;22964;0
37662;22932;22965;0
37663;22932;8614;0
37665;22932;7327;0
37666;22932;22967;0
37667;22932;2537;0
37668;22932;22968;0
37669;22932;8906;0
37670;22932;709;0
37671;22932;22969;0
37672;22932;5362;0
37673;22932;8908;0
37674;22932;22970;0
37675;22932;22971;0
37676;22932;22972;0
37677;22932;22973;0
37679;22932;8198;0
37681;22932;14464;0
37682;22932;5905;0
37683;22932;2545;0
37684;22932;22974;0
37685;22932;22975;1
37686;22932;22976;0
37687;22932;7744;0
37688;22932;11129;0
37689;22932;22977;0
37690;22932;22978;0
37691;22932;22979;0
37692;22932;9439;0
37693;22932;22980;0
37694;22932;22981;0
37695;22932;22982;0
37696;22932;22983;1
37697;22932;22984;0
37698;22932;5388;0
37699;22932;22985;0
37700;22932;22986;1
37701;22932;22987;0
37702;22932;22988;0
37705;22932;22991;0
37706;22932;22992;0
37707;22932;11544;0
37708;22932;739;0
37709;22932;1123;0
37710;22932;407;0
37711;22932;22993;0
37712;22932;8962;1
37714;22932;22995;0
37715;22932;13818;0
37716;22932;11154;0
37718;22932;3401;1
37723;22932;6092;0
37724;22932;22999;0
37725;22932;8978;0
37726;22932;23000;0
37727;22932;11547;0
37728;22932;11548;0
37729;22932;23001;0
37730;22932;23002;0
37731;22932;23003;0
37732;22932;9193;0
37734;22932;10495;0
37735;22932;6101;0
37736;22932;11551;0
37737;22932;11552;0
37738;22932;6103;0
37740;22932;11557;0
37741;22932;7363;0
37742;22932;23005;1
37743;22932;23006;0
37744;22932;23007;0
37745;22932;15470;0
37746;22932;23008;0
37747;22932;5930;1
37748;22932;6120;0
37749;22932;579;0
37750;22932;1136;0
37751;22932;23009;0
37752;22932;23010;0
37753;22932;580;0
37754;22932;2721;0
37755;22932;23011;0
37756;22932;23012;0
37757;22932;15529;0
37758;22932;966;1
37760;22932;23013;0
37763;22932;23014;0
37764;22932;596;0
37766;22932;5856;0
37767;22932;7374;0
37768;22932;10320;0
37769;22932;598;0
37770;22932;3765;0
37772;22932;9499;0
37773;22932;23016;0
37774;22932;9501;0
37776;22932;616;1
37777;22932;451;0
37778;22932;10518;0
37779;22932;617;0
37780;22932;4478;0
37781;22932;3470;1
37782;22932;5416;0
37783;22932;8663;0
37785;22932;23018;0
37786;22932;15451;0
37787;22932;628;0
37788;22932;6806;0
37789;22932;5869;1
37790;22932;630;0
37791;22932;631;0
37792;22932;11593;0
37795;22932;15301;0
37796;22932;465;0
37797;22932;3893;0
37798;22932;23021;0
37799;22932;633;0
37801;22932;1722;1
37802;22932;636;0
37803;22932;23022;0
37804;22932;3897;0
37805;22932;23023;0
37806;22932;7410;0
37809;22932;8682;0
37811;22932;9025;0
37813;22932;1168;0
37814;22932;3901;0
37816;22932;4416;0
37817;22932;3575;1
37818;22932;1170;0
37819;22932;482;0
37820;22932;485;0
37824;22932;7185;0
37825;22932;5778;0
37826;22932;824;0
37827;22932;1068;0
37832;22932;833;0
37835;22932;8033;0
37842;22932;2642;0
37848;22932;770;1
37855;23040;2239;0
37856;23040;8639;0
37857;23040;8025;0
37859;23040;14473;0
37861;23040;12806;0
37862;23040;23045;0
37866;23040;2580;0
37868;23040;23048;0
37871;23040;14332;0
37872;23040;5936;1
37886;23040;985;0
37889;23040;4477;0
37891;23040;5728;0
37895;23040;752;0
37897;23040;9786;0
37915;23040;12454;0
37918;23040;1942;0
37920;23040;23076;1
37921;23040;12462;0
37922;23040;17161;0
37924;23040;5757;0
37926;23040;89;0
37928;23040;12469;0
37930;23040;12472;1
37935;23040;93;1
37936;23040;3727;0
37938;23040;9619;0
37939;23040;3730;1
37940;23040;3566;0
37941;23040;1234;0
37943;23040;1055;0
37945;23040;21633;0
37950;23040;2012;0
37952;23040;1248;1
37954;23040;23082;0
37955;23040;9638;0
37956;23040;21637;0
37957;23040;1767;1
37958;23040;5223;0
37959;23040;1263;1
37960;23040;3626;0
37961;23040;286;0
37962;23040;126;1
37963;23040;3629;0
37980;23089;23091;0
37982;23089;23092;0
37983;23089;23093;0
37984;23089;23094;0
37985;23089;7740;0
37987;23089;8624;1
37988;23089;5371;0
37991;23089;12774;1
37992;23089;23096;0
37996;23089;23098;0
37997;23089;8635;0
37998;23089;2239;0
37999;23089;23099;0
38000;23089;2241;1
38002;23089;23100;1
38003;23089;12800;0
38004;23089;8639;1
38005;23089;23101;0
38008;23089;739;1
38011;23089;8025;1
38013;23089;8960;0
38014;23089;12806;0
38015;23089;23104;0
38016;23089;12808;0
38017;23089;2572;0
38021;23089;12815;0
38022;23089;23106;1
38023;23089;23107;0
38024;23089;7755;0
38026;23089;2580;1
38029;23089;7759;0
38030;23089;3412;0
38031;23089;23110;0
38032;23089;6105;0
38033;23089;12233;0
38034;23089;6114;0
38035;23089;5071;0
38036;23089;1496;0
38037;23089;23111;0
38038;23089;7128;0
38040;23089;23113;0
38041;23089;14931;0
38042;23089;5936;0
38043;23089;23114;0
38044;23089;12824;0
38045;23089;966;0
38046;23089;23115;0
38047;23089;14610;0
38048;23089;441;0
38049;23089;5941;0
38050;23089;6138;0
38051;23089;1697;0
38052;23089;5944;0
38053;23089;3458;0
38054;23089;5728;0
38055;23089;10617;0
38056;23089;3467;0
38057;23089;3473;0
38058;23089;752;0
38060;23089;2755;0
38061;23089;6154;0
38062;23089;12301;1
38063;23089;23116;0
38064;23089;10452;0
38066;23089;1936;0
38067;23089;1722;1
38068;23089;23118;0
38069;23089;6156;0
38070;23089;3767;0
38071;23089;16673;0
38073;23089;12302;0
38074;23089;7775;0
38077;23089;93;1
38078;23089;10629;0
38079;23089;10564;0
38080;23089;3581;1
38081;23089;7778;0
38083;23089;1057;0
38084;23089;7184;0
38085;23089;7783;0
38087;23089;3601;0
38088;23089;2431;0
38089;23089;11079;0
38091;23089;8708;0
38092;23089;7188;0
38093;23089;1070;0
38094;23089;126;0
38095;23089;1071;0
38097;23089;14785;0
38100;23089;23120;0
38101;23089;23121;0
38109;23089;770;1
38117;12701;23127;1
38118;12701;23128;0
38119;12701;6746;1
38122;12701;23130;0
38123;12701;23131;0
38126;12701;2514;0
38127;12701;23133;0
38128;12701;6751;0
38129;12701;23134;0
38130;12701;12205;0
38131;12701;7702;1
38132;12701;12208;1
38133;12701;12209;1
38134;12701;6758;1
38135;12701;23135;0
38136;12701;2806;1
38137;12701;7087;0
38138;12701;8587;0
38141;12701;23138;0
38142;12701;12211;0
38143;12701;23139;0
38144;12701;23140;0
38145;12701;23141;1
38146;12701;23142;0
38148;12701;12216;0
38149;12701;23144;0
38152;12701;12760;0
38153;12701;12222;1
38154;12701;2815;0
38155;12701;7740;0
38156;12701;5371;1
38157;12701;721;0
38159;12701;11130;0
38160;12701;23146;0
38161;12701;2239;0
38162;12701;7344;1
38163;12701;739;1
38167;12701;2824;0
38168;12701;3406;0
38169;12701;23147;0
38170;12701;2826;0
38171;12701;744;0
38174;12701;23149;0
38176;12701;1697;1
38177;12701;23151;0
38178;12701;12832;0
38180;12701;23152;0
38181;12701;12237;1
38186;12701;23154;0
38187;12701;93;0
38188;12701;10629;0
38190;12701;23156;0
38192;12701;23158;1
38193;12701;9672;0
38201;12701;770;0
38420;23315;1451;0
38422;23315;23316;0
38425;23315;23319;0
38427;23315;23321;0
38429;23315;23323;1
38431;23315;1496;0
38437;23315;23329;0
38441;23315;23333;0
38445;23315;23336;0
38450;23315;23341;0
38454;23315;23345;0
38459;23315;23349;1
38475;23315;23365;0
38478;23315;23367;1
38483;23315;7415;0
38485;23315;93;0
38491;23315;23377;0
38493;23315;23379;1
38506;23315;23391;0
38507;23315;23392;0
38508;23315;23393;0
38513;23315;2431;0
38514;23315;15668;0
38515;23315;15670;0
38521;23315;1068;0
38522;23315;9029;0
38523;23315;3625;0
38529;23315;1630;0
38531;23315;2447;0
38535;23315;1445;1
38923;4477;23642;0
38927;4477;8635;1
38933;4477;23647;0
38934;4477;739;0
38936;4477;14473;0
38938;4477;12382;1
38941;4477;23649;0
38943;4477;12286;0
38944;4477;2580;0
38945;4477;23651;0
38948;4477;23654;0
38949;4477;2488;0
38950;4477;1496;1
38951;4477;21610;0
38952;4477;2327;0
38953;4477;2329;0
38954;4477;2330;1
38955;4477;966;0
38957;4477;748;0
38958;4477;3447;1
38959;4477;5939;1
38963;4477;5941;0
38964;4477;12297;0
38965;4477;6300;0
38966;4477;6138;0
38967;4477;12830;0
38968;4477;5944;0
38969;4477;3458;1
38970;4477;2369;0
38971;4477;65;0
38972;4477;5728;0
38973;4477;23656;0
38974;4477;23590;0
38975;4477;3467;1
38978;4477;455;0
38979;4477;752;0
38981;4477;23658;0
38982;4477;23659;1
38984;4477;12427;0
38986;4477;12433;0
38988;4477;6154;1
38990;4477;2758;0
38995;4477;12454;1
38998;4477;1727;0
38999;4477;12461;0
39000;4477;20174;0
39001;4477;23661;0
39002;4477;89;0
39004;4477;12469;0
39007;4477;12472;0
39008;4477;1743;0
39013;4477;23665;0
39014;4477;93;0
39015;4477;9619;0
39016;4477;3730;0
39018;4477;23666;0
39022;4477;2012;0
39024;4477;1248;1
39025;4477;12488;0
39027;4477;2790;0
39028;4477;10763;0
39030;4477;23667;0
39031;4477;3612;0
39032;4477;1767;0
39033;4477;11079;0
39035;4477;1258;0
39036;4477;5223;0
39037;4477;1065;0
39038;4477;2040;1
39042;4477;1263;1
39043;4477;3626;0
39044;4477;286;0
39045;4477;126;1
39046;4477;3629;0
39047;4477;1071;0
39050;4477;770;0
39168;23728;23729;0
39173;23728;23734;0
39174;23728;23735;0
39185;23728;3640;0
39217;2239;2514;0
39218;2239;4936;0
39219;2239;23773;0
39220;2239;6758;1
39221;2239;8582;0
39222;2239;8587;0
39223;2239;12735;0
39224;2239;8591;0
39225;2239;12737;1
39226;2239;12267;0
39227;2239;23449;1
39229;2239;14681;0
39230;2239;12216;0
39231;2239;8019;1
39232;2239;23091;0
39233;2239;23774;1
39234;2239;12758;0
39236;2239;12221;0
39237;2239;12222;0
39238;2239;7739;1
39239;2239;8624;1
39240;2239;5371;1
39241;2239;12774;0
39242;2239;8635;1
39244;2239;2241;1
39245;2239;23776;0
39246;2239;23100;0
39247;2239;7344;1
39248;2239;12800;1
39249;2239;8639;1
39250;2239;23555;0
39251;2239;23777;1
39252;2239;23101;1
39253;2239;739;1
39254;2239;12804;0
39257;2239;8962;0
39258;2239;23778;1
39260;2239;12808;0
39262;2239;2572;1
39263;2239;12815;1
39264;2239;23106;1
39266;2239;2580;1
39267;2239;3412;1
39268;2239;6105;1
39269;2239;23573;1
39270;2239;23780;0
39271;2239;744;0
39272;2239;5071;0
39273;2239;1496;0
39275;2239;7128;0
39276;2239;6122;0
39277;2239;12824;1
39279;2239;14993;1
39280;2239;23782;1
39281;2239;3447;0
39282;2239;23783;0
39284;2239;12297;0
39285;2239;6138;0
39286;2239;5944;0
39287;2239;3458;1
39288;2239;6197;0
39289;2239;9774;0
39290;2239;10617;0
39291;2239;5416;0
39292;2239;3473;0
39293;2239;752;1
39295;2239;6154;0
39296;2239;1722;1
39298;2239;3524;1
39299;2239;9604;0
39300;2239;93;1
39301;2239;10625;0
39302;2239;1970;0
39303;2239;23785;0
39304;2239;7778;0
39306;2239;8700;0
39308;2239;126;0
39315;2239;770;0
39525;23934;23936;0
39528;23934;23939;0
39531;23934;23942;0
39533;23934;23944;0
39538;23934;23949;0
39539;23934;23950;0
39541;23934;23952;1
39547;23934;23958;0
39549;23934;23960;0
39552;23934;23963;0
39553;23934;23964;0
39561;23934;23972;0
39569;23934;23980;0
39570;23934;23981;0
39572;23934;23983;0
39577;23934;23988;0
39580;23934;23991;0
39589;23934;9376;0
39590;23934;24000;1
39593;23934;24002;1
39595;23934;24004;0
39596;23934;24005;0
39598;23934;24007;0
39599;23934;24008;0
40009;24251;5371;0
40010;24251;721;0
40011;24251;8635;0
40012;24251;2241;0
40013;24251;7344;0
40015;24251;8639;0
40016;24251;739;0
40017;24251;2685;1
40019;24251;1483;0
40020;24251;2572;0
40022;24251;6088;0
40023;24251;2824;0
40024;24251;2579;0
40025;24251;2580;0
40026;24251;24253;0
40027;24251;6108;0
40029;24251;2488;0
40030;24251;744;0
40031;24251;5843;0
40032;24251;6114;0
40033;24251;6116;0
40034;24251;5071;0
40035;24251;1496;0
40036;24251;6119;0
40037;24251;7128;0
40038;24251;6121;0
40039;24251;6122;0
40040;24251;966;0
40041;24251;6132;0
40042;24251;748;0
40043;24251;5939;0
40044;24251;441;0
40045;24251;2830;0
40046;24251;12297;0
40047;24251;1500;0
40048;24251;1697;0
40049;24251;5944;0
40050;24251;3458;0
40051;24251;9774;0
40052;24251;3141;0
40053;24251;2604;0
40054;24251;752;1
40056;24251;24256;0
40057;24251;1001;0
40058;24251;24257;0
40060;24251;1930;0
40061;24251;1425;0
40063;24251;10452;0
40064;24251;10745;0
40065;24251;9019;0
40066;24251;1722;0
40067;24251;1027;0
40069;24251;12302;0
40070;24251;23224;0
40072;24251;1957;0
40073;24251;24260;0
40077;24251;93;0
40078;24251;12306;0
40080;24251;3577;0
40083;24251;1057;0
40085;24251;1767;0
40086;24251;1258;0
40088;24251;1264;0
40090;24251;1070;0
40091;24251;126;0
40092;24251;1071;0
40093;24251;3635;0
40095;24251;879;0
40096;24251;2458;0
40100;24251;770;0
40598;24447;24449;0
40600;24447;24451;0
40601;24447;24452;0
40602;24447;24453;0
40608;24447;24458;0
40612;24447;24462;0
40614;24447;24464;0
40618;24447;24468;1
40620;24447;23099;1
40627;24447;24476;1
40629;24447;24478;1
40634;24447;16641;1
40635;24447;24483;0
40636;24447;24484;1
40640;24447;24488;0
40642;24447;12804;1
40658;24447;24505;0
40660;24447;24507;1
40663;24447;24510;1
40664;24447;24511;0
40673;24447;24520;0
40674;24447;24521;0
40677;24447;23573;1
40678;24447;24524;1
40684;24447;24530;1
40685;24447;24531;0
40690;24447;24536;1
40691;24447;24537;0
40694;24447;24540;1
40696;24447;24542;0
40700;24447;24546;1
40702;24447;24548;0
40703;24447;12906;0
40705;24447;24550;0
40707;24447;24425;0
40708;24447;24551;1
40712;24447;24554;1
40718;24447;24559;1
40719;24447;24428;0
40722;24447;24562;1
40728;24447;24568;0
40730;24447;24570;0
40731;24447;24571;0
40736;24447;23196;1
40740;24447;12301;0
40747;24447;16673;0
40749;24447;24584;0
40751;24447;24585;0
40754;24447;9777;0
40756;24447;9792;0
40761;24447;10564;0
40764;24447;7778;0
40765;24447;1997;0
40766;24447;24589;0
40769;24447;24201;0
40771;24447;24590;0
40772;24447;15012;0
40773;24447;2444;0
40776;24447;2447;0
40780;24447;4048;0
40785;24447;770;0
40798;24429;24599;1
40801;24429;16673;1
40805;24429;16676;0
40807;24429;15660;0
40813;24429;24606;0
40815;24429;10564;1
40816;24429;24608;0
40820;24429;24610;0
40822;24429;2431;0
40823;24429;24198;0
40824;24429;24611;0
40826;24429;2900;0
40828;24429;2443;0
40829;24429;2444;0
40831;24429;2447;0
40832;24429;23914;0
40835;24429;9376;0
40856;24425;16665;1
40860;24425;24623;0
40861;24425;24624;0
40862;24425;24428;1
40863;24425;24625;0
40866;24425;3473;0
40870;24425;16669;1
40871;24425;23196;0
40872;24425;24629;0
40875;24425;24632;0
40879;24425;12301;1
40882;24425;24599;1
40883;24425;24635;0
40886;24425;24636;0
40888;24425;24637;0
40890;24425;24639;0
40892;24425;16673;1
40893;24425;24641;0
40898;24425;16676;1
40899;24425;8682;0
40900;24425;24642;0
40903;24425;24644;1
40905;24425;17034;1
40907;24425;7415;1
40912;24425;24645;1
40922;24425;24608;1
40923;24425;10564;1
40925;24425;3581;0
40929;24425;24651;1
40930;24425;24652;0
40931;24425;24198;0
40932;24425;24653;1
40933;24425;24201;0
40934;24425;15670;0
40937;24425;2046;1
41630;25088;25089;0
41637;25088;25095;0
41638;25088;22687;0
41640;25088;25097;0
41642;25088;12845;1
41652;25088;25103;0
41653;25088;25104;0
41661;25108;25109;0
41662;25108;25110;0
41667;25108;25114;0
41668;25108;25115;0
41670;25108;17006;0
41672;25108;2699;0
41674;25108;25119;0
41676;25108;25121;0
41678;25108;25123;0
41679;25108;25124;0
41683;25108;3451;0
41687;25108;25130;0
41688;25108;25131;0
41691;25108;25133;0
41693;25108;25095;0
41694;25108;25135;0
41699;25108;25023;0
41700;25108;25140;0
41704;25108;25144;0
41707;25108;25147;0
41711;25108;22692;0
41715;25108;12845;0
41716;25108;24043;0
41717;25108;25153;0
41721;25108;5179;0
41722;25108;1170;0
41728;25108;25158;0
41736;25108;7784;0
41739;25108;1630;0
41760;25108;25173;0
41768;25108;25178;0
41802;25199;25205;0
41817;25199;25220;1
41831;25199;10181;0
41841;25199;25243;0
42207;25553;25562;0
42208;25553;25563;0
42211;25553;25565;0
42218;25553;25571;0
42223;25553;25575;0
42232;25553;25582;0
42235;25553;5761;0
42236;25553;8696;0
42238;25553;25586;0
42239;25553;25587;0
42240;25553;25588;0
42241;25553;25589;0
42245;25553;5179;0
42247;25553;1997;0
42251;25553;6373;0
42253;25553;5207;0
42254;25553;1764;0
42256;25553;8700;0
42257;25553;25595;0
42258;25553;25596;0
42259;25553;8702;0
42260;25553;7186;0
42262;25553;21637;0
42264;25553;25598;0
42266;25553;1065;0
42268;25553;2900;0
42269;25553;25599;1
42270;25553;25600;0
42271;25553;7784;0
42275;25553;3626;0
42276;25553;2443;0
42279;25553;1071;0
42281;25553;25604;0
42290;25553;25608;0
42291;25553;23121;0
42292;25553;3640;0
42304;25553;25617;1
42307;25553;25620;0
42359;25652;25658;0
42360;25652;25659;0
42361;25652;25660;0
42368;25652;25667;0
42371;25652;25670;0
42375;25652;25674;0
42385;25652;25683;0
42392;25652;25690;0
42402;25652;42;0
42408;25652;25702;0
42409;25652;2711;0
42413;25652;25706;0
42414;25652;25707;0
42415;25652;25708;0
42416;25652;25709;0
42417;25652;25710;0
42425;25652;61;0
42427;25652;62;0
42428;25652;25719;0
42429;25652;25720;0
42436;25652;25727;0
42437;25652;25728;0
42447;25652;25737;0
42450;25652;25739;0
42455;25652;25742;0
42456;25652;25743;0
42460;25652;25747;0
42462;25652;25749;0
42463;25652;25750;0
42466;25652;25752;0
42474;25652;16101;0
42482;25652;24039;0
42487;25652;25769;0
42493;25652;25774;0
42500;25652;25779;0
42502;25652;25781;0
42504;25652;3581;0
42505;25652;25782;0
42507;25652;105;0
42510;25652;3592;0
42511;25652;7180;0
42512;25652;2007;0
42513;25652;25786;0
42519;25652;25789;0
42520;25652;25790;0
42524;25652;25792;1
42526;25652;7186;0
42527;25652;25794;0
42528;25652;25795;0
42529;25652;19697;0
42532;25652;21082;0
42535;25652;824;0
42538;25652;9781;0
42541;25652;25802;0
42542;25652;9029;0
42544;25652;2443;0
42546;25652;2444;0
42550;25652;25807;0
42556;25652;14786;0
42560;25652;9376;0
42606;25652;199;0
42714;25858;25946;0
43256;26339;26341;0
43257;26339;26342;1
43258;26339;26343;0
43263;26339;7383;1
43266;26339;26350;1
43270;26339;10451;0
43271;26339;26354;1
43273;26339;26356;1
43279;26339;26362;0
43288;26339;26369;0
43289;26339;26370;0
43295;26339;26376;0
43297;26339;93;0
43300;26339;26379;1
43301;26339;26380;0
43311;26339;10456;1
43314;26339;7784;0
43315;26339;1068;1
43316;26339;1630;0
46350;28606;28620;1
46353;28606;28623;0
46355;28606;28625;0
46368;28606;28637;1
46371;28606;28639;1
46373;28606;28641;1
46375;28606;23817;1
46378;28606;28645;1
46383;28606;23651;1
46385;28606;28651;0
46386;28606;28652;0
46387;28606;28653;0
46388;28606;28654;1
46389;28606;28655;0
46390;28606;28656;1
46393;28606;28659;0
46397;28606;28662;0
46398;28606;2740;0
46399;28606;28663;1
46400;28606;28664;1
46402;28606;28666;0
46406;28606;20775;0
46408;28606;28670;0
46413;28606;28674;0
46415;28606;3506;0
46416;28606;28676;1
46418;28606;23857;1
46422;28606;93;0
46423;28606;1224;0
46424;28606;2782;0
46425;28606;28681;0
46426;28606;23859;1
46432;28606;28686;0
46433;28606;2431;0
46434;28606;28687;0
46435;28606;28688;0
46439;28606;28689;0
46440;28606;3635;0
51108;32048;32049;0
51113;32048;32053;0
51117;32048;14418;0
51118;32048;32055;0
51119;32048;32056;1
51120;32048;8475;0
51122;32048;17420;0
51123;32048;14419;0
51124;32048;14420;1
51127;32048;32059;0
51129;32048;32061;0
51130;32048;14424;0
51133;32048;32062;0
51135;32048;8642;1
51136;32048;32032;1
51140;32048;5061;1
51141;32048;3406;0
51146;32048;32068;1
51147;32048;6112;0
51148;32048;14604;0
51151;32048;2591;0
51152;32048;32070;1
51153;32048;14433;0
51154;32048;748;0
51155;32048;32071;0
51158;32048;12903;0
51159;32048;32073;0
51161;32048;32074;0
51162;32048;1698;0
51165;32048;14435;0
51168;32048;2752;0
51170;32048;32077;0
51171;32048;14436;0
51174;32048;5086;1
51176;32048;3167;0
51182;32048;93;0
51185;32048;2782;0
51191;32048;105;0
51193;32048;819;0
51195;32048;5207;0
51197;32048;2431;0
51202;32048;22075;1
51203;32048;31993;0
51206;32048;1071;0
51211;32048;2067;0
51216;32048;879;0
51217;32048;10478;0
51218;32048;9376;0
51242;32048;14442;0
51243;32048;770;1
51247;7345;1451;0
51250;7345;32103;0
51251;7345;32104;0
51252;7345;14968;0
51253;7345;17419;1
51255;7345;17420;1
51256;7345;14419;0
51257;7345;32105;0
51258;7345;14420;0
51260;7345;32061;0
51261;7345;14424;0
51263;7345;1483;0
51265;7345;2699;0
51268;7345;32108;0
51269;7345;5061;1
51270;7345;2824;1
51271;7345;32109;0
51272;7345;2709;0
51275;7345;5064;0
51277;7345;23110;0
51278;7345;6112;0
51279;7345;1496;1
51281;7345;2591;0
51283;7345;14433;1
51284;7345;32070;0
51285;7345;966;0
51287;7345;6132;0
51289;7345;14611;0
51290;7345;748;0
51294;7345;32115;1
51295;7345;12903;0
51296;7345;7131;0
51297;7345;32116;1
51298;7345;32117;0
51299;7345;2600;0
51300;7345;5863;0
51301;7345;6139;1
51303;7345;32118;0
51304;7345;14435;0
51306;7345;32119;0
51307;7345;32120;0
51308;7345;752;0
51310;7345;32121;0
51311;7345;32122;1
51313;7345;7141;0
51316;7345;1001;0
51319;7345;32126;0
51323;7345;5086;0
51325;7345;32129;1
51326;7345;19054;0
51330;7345;6518;0
51332;7345;32133;0
51333;7345;1027;1
51335;7345;7154;0
51337;7345;23220;0
51338;7345;32134;0
51339;7345;32135;1
51340;7345;6208;0
51341;7345;7159;1
51344;7345;32137;0
51345;7345;89;0
51347;7345;6210;0
51354;7345;32143;0
51355;7345;93;0
51356;7345;807;0
51357;7345;2778;0
51360;7345;32146;0
51362;7345;102;0
51364;7345;10564;0
51366;7345;3694;0
51367;7345;1998;0
51368;7345;105;1
51371;7345;818;0
51372;7345;819;0
51374;7345;1057;0
51375;7345;7180;0
51378;7345;7183;1
51379;7345;7184;0
51386;7345;3197;0
51389;7345;2431;0
51390;7345;7186;0
51391;7345;25795;1
51393;7345;824;0
51396;7345;32152;1
51397;7345;8708;0
51400;7345;7188;0
51401;7345;2443;0
51402;7345;2444;0
51403;7345;129;0
51407;7345;2067;0
51408;7345;3635;0
51409;7345;879;0
51422;7345;770;1
51432;32155;32159;1
51437;32155;32164;0
51438;32155;32165;0
51441;32155;32168;0
51442;32155;32169;0
51443;32155;32170;0
51447;32155;32174;0
51449;32155;32176;0
51451;32155;32178;0
51454;32155;32181;0
51456;32155;32183;0
51457;32155;32184;0
51459;32155;32186;0
51460;32155;32187;0
51461;32155;32188;0
51462;32155;32189;0
51463;32155;32190;0
51464;32155;32191;0
51465;32155;32192;0
51466;32155;32193;0
51467;32155;32194;0
51469;32155;32196;0
51472;32155;32199;1
51473;32155;32200;0
51474;32155;32201;0
51477;32155;32204;0
51478;32155;32205;0
51479;32155;4982;0
51480;32155;32206;0
51482;32155;14682;0
51483;32155;32207;0
51484;32155;32208;0
51485;32155;7104;0
51486;32155;32209;0
51487;32155;32210;0
51488;32155;32211;1
51490;32155;32212;0
51492;32155;10060;0
51493;32155;32214;0
51494;32155;14419;0
51495;32155;32215;0
51497;32155;7346;0
51498;32155;739;0
51499;32155;17006;0
51500;32155;5061;0
51504;32155;32218;0
51506;32155;32220;0
51509;32155;7126;0
51510;32155;10072;0
51513;32155;32222;0
51515;32155;441;0
51517;32155;32225;0
51518;32155;8666;0
51519;32155;2604;0
51520;32155;10086;0
51522;32155;32227;0
51527;32155;32231;0
51528;32155;32232;0
51531;32155;8682;0
51532;32155;7775;0
51533;32155;23231;0
51536;32155;32234;0
51537;32155;93;0
51547;32155;32237;0
51549;32155;2431;0
51555;32155;15012;0
51556;32155;1068;0
51558;32155;2496;0
51561;32155;9376;0
51570;32155;770;0
51578;32155;9546;0
51982;32299;32300;0
51992;32299;32310;1
51998;32299;32315;1
51999;32299;32316;1
52002;32299;32318;0
52005;32299;32321;0
52007;32299;32323;0
52008;32299;32324;0
52009;32299;32325;0
52013;32299;32329;0
52014;32299;32330;0
52016;32299;32332;0
52020;32299;32335;0
52022;32299;32337;0
52024;32299;32339;1
52026;32299;32341;0
52028;32299;32343;1
52031;32299;32345;0
52032;32299;32346;0
52035;32299;32348;0
52037;32299;32350;1
52039;32299;32351;0
52040;32299;32352;1
52041;32299;32353;1
52042;32299;32354;0
52049;32299;22754;1
52050;32299;32361;0
52051;32299;32362;0
52053;32299;32364;0
52055;32299;32365;0
52056;32299;32366;1
52058;32299;8614;1
52060;32299;8021;0
52062;32299;32369;0
52064;32299;22760;0
52065;32299;32371;0
52066;32299;32372;1
52068;32299;32374;0
52069;32299;32375;1
52071;32299;32377;0
52072;32299;8625;1
52076;32299;32381;0
52085;32299;32388;1
52088;32299;8630;0
52092;32299;32391;1
52095;32299;32394;1
52097;32299;9441;0
52098;32299;22766;0
52101;32299;22767;0
52103;32299;32398;1
52104;32299;32399;0
52107;32299;32402;0
52108;32299;14583;0
52111;32299;32268;1
52113;32299;31931;0
52114;32299;9456;0
52115;32299;7120;0
52116;32299;32405;0
52117;32299;7345;0
52119;32299;32406;0
52120;32299;32407;1
52121;32299;32408;0
52122;32299;8640;1
52125;32299;14427;0
52126;32299;32410;1
52127;32299;17006;1
52132;32299;32414;0
52138;32299;32418;0
52139;32299;14590;0
52141;32299;32420;0
52142;32299;32421;1
52144;32299;23001;0
52145;32299;32422;0
52146;32299;7357;0
52151;32299;32423;1
52152;32299;32275;0
52153;32299;8994;0
52154;32299;27535;0
52155;32299;32424;0
52162;32299;32428;1
52164;32299;32430;0
52168;32299;27575;0
52170;32299;22776;1
52173;32299;26073;1
52174;32299;27735;0
52179;32299;8663;0
52181;32299;32437;0
52185;32299;32441;1
52188;32299;25739;1
52191;32299;27095;0
52194;32299;32445;0
52195;32299;9520;0
52196;32299;1722;0
52198;32299;20362;0
52199;32299;11595;0
52201;32299;17162;0
52202;32299;22784;1
52203;32299;32448;0
52204;32299;32288;0
52205;32299;7159;0
52206;32299;8682;1
52213;32299;93;0
52217;32299;6221;0
52219;32299;21634;0
52221;32299;6168;0
52222;32299;20205;0
52224;32299;2431;0
52227;32299;5778;0
52231;32299;8708;0
52232;32299;1068;0
52238;32299;1630;0
52244;32299;879;0
52259;32299;32461;0
52260;32299;1188;0
52262;32299;19144;0
52263;32299;8033;0
52283;32299;770;1
52284;32299;199;0
52293;32299;9546;0
52298;9451;1451;0
52304;9451;32486;1
52307;9451;14590;0
52308;9451;32489;0
52313;9451;9467;0
52326;9451;32505;0
52327;9451;32506;0
52330;9451;1698;0
52332;9451;32510;0
52333;9451;32511;0
52335;9451;32513;0
52336;9451;32514;0
52342;9451;9516;0
52345;9451;14636;0
52350;9451;32526;0
52351;9451;32527;0
52352;9451;32528;0
52356;9451;14647;1
52360;9451;1998;0
52366;9451;2431;0
52367;9451;8708;0
52369;9451;7784;0
52370;9451;3625;0
52371;9451;2443;0
52372;9451;2444;1
52375;9451;1267;0
52379;9451;8716;1
52409;9451;9546;1
52419;32561;32566;1
52422;32561;32569;0
52424;32561;32571;0
52426;32561;32573;0
52427;32561;32574;0
52428;32561;32575;0
52431;32561;32578;0
52432;32561;32579;0
52434;32561;32581;0
52435;32561;32582;0
52437;32561;32584;0
52438;32561;32585;1
52441;32561;32588;0
52442;32561;32589;1
52444;32561;32590;1
52446;32561;32592;0
52447;32561;32593;1
52448;32561;32594;0
52449;32561;17365;0
52450;32561;32337;0
52451;32561;32595;0
52452;32561;32345;0
52453;32561;32596;0
52455;32561;32598;0
52458;32561;32600;0
52459;32561;32601;0
52461;32561;32603;0
52462;32561;32604;1
52463;32561;32605;1
52464;32561;32606;1
52467;32561;17;1
52468;32561;32609;1
52469;32561;32610;1
52470;32561;8614;0
52471;32561;32611;0
52473;32561;32612;1
52475;32561;32614;0
52476;32561;17406;0
52477;32561;32615;1
52478;32561;17407;0
52479;32561;19;0
52480;32561;32616;1
52481;32561;4084;0
52483;32561;32617;0
52484;32561;32618;1
52485;32561;32103;1
52487;32561;32619;1
52489;32561;32394;0
52490;32561;32620;1
52493;32561;32623;1
52494;32561;32624;1
52496;32561;32626;1
52498;32561;17420;1
52499;32561;32406;0
52500;32561;32628;1
52501;32561;32061;1
52502;32561;32629;1
52506;32561;32633;0
52507;32561;23110;0
52510;32561;32635;0
52512;32561;32070;1
52513;32561;27052;1
52515;32561;32117;0
52517;32561;32637;0
52520;32561;32118;1
52523;32561;32638;0
52524;32561;17162;0
52525;32561;8682;1
52527;32561;807;0
52528;32561;105;0
52529;32561;819;0
52555;32561;9546;0
52556;32165;32659;0
52557;32165;2506;0
52559;32165;32661;1
52560;32165;8537;0
52561;32165;32662;0
52563;32165;2507;0
52566;32165;32176;1
52568;32165;32178;1
52570;32165;32664;0
52571;32165;32184;0
52572;32165;32186;1
52573;32165;32189;0
52574;32165;32190;0
52575;32165;32665;0
52576;32165;32191;1
52577;32165;32192;0
52578;32165;32193;0
52579;32165;32194;1
52581;32165;32196;0
52583;32165;32199;0
52584;32165;32666;0
52585;32165;32200;0
52587;32165;32201;0
52588;32165;6751;0
52591;32165;32667;0
52592;32165;3016;0
52593;32165;32668;0
52594;32165;32669;1
52595;32165;32670;0
52597;32165;32671;0
52598;32165;12736;0
52599;32165;32204;0
52600;32165;32205;0
52601;32165;12212;0
52602;32165;32206;0
52603;32165;32672;0
52604;32165;32673;0
52605;32165;32208;0
52606;32165;32674;0
52607;32165;32209;0
52608;32165;32210;0
52610;32165;32211;0
52613;32165;10060;0
52615;32165;32214;0
52616;32165;32677;0
52617;32165;32678;0
52618;32165;32215;0
52619;32165;14420;0
52621;32165;32679;0
52622;32165;739;0
52624;32165;32681;0
52625;32165;5061;0
52626;32165;3406;0
52628;32165;32218;0
52630;32165;26303;0
52632;32165;10072;0
52633;32165;5935;0
52634;32165;16195;0
52635;32165;32222;0
52642;32165;32687;0
52645;32165;32689;0
52648;32165;12301;0
52649;32165;32227;1
52653;32165;32692;0
52654;32165;32693;0
52655;32165;32694;0
52658;32165;2407;0
52660;32165;3581;0
52661;32165;32696;0
52663;32165;105;0
52665;32165;15667;0
52680;32165;770;1
52685;32705;32706;0
52687;32705;32168;1
52688;32705;32169;0
52689;32705;32170;0
52694;32705;32176;1
52697;32705;32178;1
52701;32705;32184;0
52702;32705;32186;0
52703;32705;32187;1
52704;32705;32188;0
52705;32705;32189;0
52706;32705;32190;0
52708;32705;32191;0
52710;32705;32192;0
52711;32705;32193;0
52712;32705;32710;0
52713;32705;32194;1
52715;32705;32196;1
52718;32705;32199;0
52719;32705;32666;0
52720;32705;32200;0
52722;32705;32201;0
52725;32705;32711;0
52726;32705;1451;0
52727;32705;32712;0
52728;32705;32204;0
52729;32705;32205;1
52730;32705;32206;0
52731;32705;32713;0
52732;32705;32714;0
52734;32705;32207;0
52735;32705;32208;0
52736;32705;2815;0
52737;32705;32209;0
52738;32705;32210;1
52739;32705;32716;0
52740;32705;32717;0
52741;32705;32718;0
52743;32705;32211;1
52745;32705;32720;0
52748;32705;32722;0
52749;32705;10060;0
52751;32705;32214;0
52752;32705;32677;0
52753;32705;32215;0
52755;32705;7346;0
52757;32705;32679;0
52758;32705;739;0
52759;32705;15410;0
52760;32705;32725;0
52762;32705;12816;0
52765;32705;32218;0
52766;32705;26303;1
52768;32705;32068;0
52769;32705;10072;0
52775;32705;32734;0
52776;32705;32735;0
52777;32705;24425;0
52778;32705;32736;0
52782;32705;24428;0
52786;32705;23590;0
52788;32705;10086;1
52789;32705;32742;0
52790;32705;24256;0
52791;32705;2759;0
52792;32705;32227;0
52794;32705;5870;0
52798;32705;89;0
52799;32705;32745;0
52800;32705;23231;0
52807;32705;2407;0
52809;32705;8031;0
52813;32705;32696;0
52814;32705;105;0
52816;32705;32237;0
52817;32705;2431;0
52818;32705;1764;0
52826;32705;24218;1
52828;32705;3625;0
52829;32705;2444;0
52831;32705;126;0
52833;32705;14785;0
52842;32705;32757;0
52854;32705;770;0
52855;32705;199;0
52866;32767;32768;0
52869;32767;32771;0
52870;32767;32772;0
52871;32767;32773;0
52875;32767;32777;0
52879;32767;1329;0
52882;32767;32783;0
52884;32767;17410;0
52888;32767;32788;0
52889;32767;32789;0
52890;32767;14971;0
52892;32767;32791;0
52895;32767;1482;0
52896;32767;32793;0
52902;32767;32798;0
52906;32767;32802;0
52907;32767;2311;0
52908;32767;32803;0
52911;32767;1133;0
52912;32767;1137;0
52916;32767;32808;0
52920;32767;1355;0
52921;32767;32812;0
52923;32767;3141;0
52927;32767;2381;0
52935;32767;32821;0
52945;32767;1512;0
52946;32767;32828;0
52952;32767;1230;0
52956;32767;1514;0
52962;32767;32837;0
52963;32767;32838;0
52964;32767;32839;0
52965;32767;32840;0
52968;32767;4292;0
52974;32767;5778;0
52975;32767;2039;0
53025;32767;32885;0
53034;32767;32893;0
53052;32767;770;0
53068;12787;1451;0
53069;12787;22682;1
53070;12787;24413;0
53075;12787;32930;0
53076;12787;32931;1
53081;12787;32935;1
53083;12787;32937;0
53085;12787;32939;0
53100;12787;22684;0
53101;12787;32954;0
53106;12787;12825;1
53111;12787;12826;1
53114;12787;12827;1
53115;12787;10612;0
53116;12787;32963;0
53117;12787;32964;1
53121;12787;25130;1
53122;12787;1698;0
53125;12787;32969;1
53126;12787;12831;0
53129;12787;10330;0
53130;12787;10522;0
53133;12787;32974;1
53138;12787;30252;0
53139;12787;25095;0
53140;12787;32978;0
53147;12787;6152;0
53148;12787;32985;1
53153;12787;22687;1
53155;12787;10534;0
53157;12787;32991;0
53167;12787;32999;0
53168;12787;25097;1
53169;12787;22688;1
53173;12787;33002;1
53183;12787;33010;1
53185;12787;11447;0
53188;12787;4009;0
53189;12787;12845;1
53191;12787;22694;1
53198;12787;33019;1
53199;12787;24608;0
53200;12787;10564;0
53217;12787;2431;0
53222;12787;5778;0
53227;12787;3621;0
53233;12787;2444;0
53255;12787;2461;0
53263;12787;33050;0
53271;12787;33056;0
53272;12787;33057;0
53289;12787;8033;0
53292;12787;5345;0
53336;7653;33090;0
53337;7653;33091;0
53338;7653;15053;0
53339;7653;33092;1
53340;7653;9168;1
53341;7653;7276;0
53342;7653;8065;0
53343;7653;7838;0
53344;7653;7280;1
53345;7653;7560;1
53346;7653;33093;1
53347;7653;9172;0
53348;7653;7563;0
53349;7653;15071;1
53350;7653;7058;0
53351;7653;33094;0
53352;7653;6742;1
53353;7653;7678;0
53354;7653;7064;1
53355;7653;33095;1
53356;7653;33096;1
53357;7653;33097;0
53358;7653;33098;1
53359;7653;7294;1
53360;7653;9179;0
53361;7653;7683;0
53362;7653;33099;0
53363;7653;7685;1
53364;7653;7574;1
53366;7653;15077;1
53367;7653;2514;0
53368;7653;7302;0
53369;7653;33101;0
53370;7653;33102;0
53371;7653;2517;1
53372;7653;7304;0
53373;7653;9186;0
53374;7653;7700;0
53375;7653;6754;1
53376;7653;3787;0
53377;7653;7583;1
53378;7653;33103;0
53379;7653;33104;0
53380;7653;7087;0
53381;7653;33105;0
53382;7653;7709;0
53383;7653;7311;1
53385;7653;33107;1
53387;7653;33109;1
53388;7653;33110;1
53389;7653;33111;0
53390;7653;33112;0
53391;7653;33113;0
53392;7653;33114;1
53393;7653;7716;0
53396;7653;33116;1
53397;7653;12356;1
53399;7653;3018;1
53400;7653;33118;0
53401;7653;33119;0
53402;7653;33120;1
53405;7653;33123;1
53406;7653;33124;1
53408;7653;7588;1
53410;7653;3825;0
53411;7653;33126;0
53412;7653;7738;1
53413;7653;8198;1
53414;7653;7591;0
53415;7653;33127;1
53417;7653;8464;0
53418;7653;7592;0
53419;7653;33128;1
53420;7653;7742;0
53421;7653;33129;0
53422;7653;33130;0
53426;7653;33134;0
53427;7653;33135;0
53428;7653;3844;0
53429;7653;33136;0
53431;7653;7748;0
53432;7653;33137;1
53434;7653;7751;0
53438;7653;739;1
53439;7653;5393;1
53440;7653;5392;0
53441;7653;3401;0
53442;7653;33142;1
53444;7653;33143;1
53445;7653;33144;1
53446;7653;33145;0
53447;7653;2699;0
53448;7653;2824;0
53450;7653;743;0
53452;7653;2488;0
53453;7653;744;0
53455;7653;1496;0
53456;7653;8231;0
53457;7653;8491;0
53458;7653;33148;0
53459;7653;33149;0
53461;7653;966;0
53464;7653;6799;0
53467;7653;1500;0
53468;7653;14474;0
53470;7653;990;0
53471;7653;994;0
53472;7653;33156;0
53474;7653;33157;1
53475;7653;33158;1
53476;7653;22599;0
53477;7653;22594;0
53480;7653;33159;0
53482;7653;22601;1
53484;7653;33160;0
53486;7653;22605;0
53494;7653;93;0
53495;7653;6064;1
53496;7653;33163;0
53497;7653;2399;0
53498;7653;33164;0
53499;7653;33165;1
53500;7653;22617;0
53501;7653;1992;0
53502;7653;1997;0
53503;7653;22622;0
53504;7653;33166;0
53505;7653;7780;0
53507;7653;33167;0
53510;7653;2431;1
53515;7653;1520;0
53518;7653;2900;0
53519;7653;1263;0
53522;7653;1070;1
53523;7653;126;0
53524;7653;1071;0
53548;7653;770;0
53561;33190;5061;0
53571;33190;23110;0
53573;33190;744;0
53574;33190;5071;1
53580;33190;33204;0
53582;33190;25708;0
53584;33190;33206;0
53585;33190;3428;0
53586;33190;10502;0
53590;33190;6209;0
53593;33190;748;0
53594;33190;33211;0
53595;33190;12903;0
53596;33190;7131;0
53597;33190;32117;0
53599;33190;12906;0
53603;33190;26073;0
53606;33190;33214;0
53610;33190;33217;0
53611;33190;27735;0
53615;33190;10330;0
53619;33190;5416;0
53621;33190;32119;0
53622;33190;8663;0
53624;33190;1506;0
53635;33190;33231;0
53636;33190;6152;0
53637;33190;7141;0
53638;33190;10334;0
53645;33190;5086;0
53648;33190;10337;0
53653;33190;33241;0
53655;33190;9520;0
53657;33190;14633;0
53662;33190;33245;0
53670;33190;16673;0
53673;33190;3524;0
53674;33190;23858;0
53686;33190;8682;0
53694;33190;1163;0
53697;33190;9792;0
53698;33190;7415;0
53701;33190;32143;0
53703;33190;5762;0
53704;33190;93;0
53705;33190;33262;0
53706;33190;5969;0
53708;33190;3551;0
53713;33190;2782;0
53716;33190;3560;0
53718;33190;23785;0
53719;33190;5972;0
53721;33190;33268;0
53726;33190;8822;0
53730;33190;10185;0
53734;33190;33276;0
53739;33190;1998;0
53746;33190;1057;0
53748;33190;7182;0
53749;33190;7184;0
53751;33190;33283;0
53752;33190;25786;0
53759;33190;10197;0
53760;33190;3197;0
53761;33190;3600;0
53765;33190;2431;0
53766;33190;33288;0
53767;33190;2791;0
53768;33190;12400;0
53770;33190;19697;0
53771;33190;15670;0
53772;33190;3612;0
53775;33190;21637;0
53777;33190;5223;0
53779;33190;1260;0
53780;33190;9649;0
53782;33190;1065;0
53785;33190;824;0
53794;33190;7188;0
53797;33190;1070;0
53798;33190;2444;0
53799;33190;126;0
53800;33190;31993;0
53801;33190;25807;0
53804;33190;2447;0
53805;33190;2067;0
53806;33190;3640;0
53807;33190;879;0
53821;33190;770;1
53822;33190;199;0
53835;33299;33304;0
53838;33299;33306;0
53840;33299;33308;0
53841;33299;33309;0
53842;33299;33310;0
53844;33299;33311;0
53848;33299;33315;0
53849;33299;33316;0
53854;33299;33320;0
53855;33299;33321;0
53856;33299;33322;0
53860;33299;33326;0
53861;33299;33327;1
53863;33299;33329;0
53864;33299;33330;0
53865;33299;26073;0
53867;33299;33332;0
53868;33299;33333;1
53871;33299;33336;0
53872;33299;8665;1
53874;33299;33338;0
53875;33299;33339;0
53878;33299;16667;0
53880;33299;33343;0
53886;33299;33349;1
53887;33299;33350;0
53889;33299;14633;1
53893;33299;33354;0
53894;33299;33355;1
53896;33299;33356;0
53898;33299;33358;0
53901;33299;8682;0
53907;33299;33364;0
53908;33299;33365;0
53914;33299;33369;0
53919;33299;5179;0
53923;33299;33375;0
53924;33299;33376;0
53931;33299;33382;0
53933;33299;1068;0
53958;33299;33399;0
56598;36014;36019;0
56599;36014;36020;0
56600;36014;36021;0
56608;36014;36029;0
56609;36014;32391;0
56610;36014;36030;0
56611;36014;36031;0
56612;36014;36032;0
56613;36014;36033;0
56623;36014;36043;0
56626;36014;36046;0
56629;36014;36049;0
56631;36014;36051;0
56633;36014;32414;1
56635;36014;36054;0
56637;36014;36056;0
56638;36014;14590;0
56644;36014;25119;1
56645;36014;36061;0
56646;36014;36062;1
56649;36014;36065;1
56653;36014;36069;0
56662;36014;36077;0
56663;36014;36078;1
56664;36014;36079;0
56665;36014;36080;0
56666;36014;36081;0
56667;36014;36082;0
56669;36014;36084;1
56671;36014;36086;0
56672;36014;36087;0
56673;36014;36088;0
56674;36014;36089;0
56675;36014;36090;0
56676;36014;36091;1
56678;36014;36093;0
56679;36014;36094;0
56685;36014;36099;0
56687;36014;36101;0
56688;36014;36102;0
56689;36014;12826;0
56691;36014;36104;1
56692;36014;36105;0
56693;36014;36106;0
56694;36014;36107;0
56695;36014;36108;0
56697;36014;36109;0
56700;36014;8655;0
56703;36014;36112;1
56707;36014;36116;0
56714;36014;25131;1
56715;36014;36120;0
56717;36014;36122;0
56719;36014;25133;0
56722;36014;36126;0
56725;36014;36129;0
56726;36014;25095;0
56728;36014;36131;0
56730;36014;36133;0
56735;36014;25135;0
56738;36014;36139;1
56739;36014;36140;0
56741;36014;36142;1
56742;36014;32985;0
56745;36014;36145;0
56750;36014;36149;1
56753;36014;25023;0
56754;36014;36152;0
56756;36014;25140;0
56759;36014;36155;0
56760;36014;36156;1
56761;36014;5870;0
56764;36014;36158;1
56765;36014;36159;0
56778;36014;36169;0
56784;36014;36175;0
56788;36014;10163;0
56793;36014;8682;0
56797;36014;15657;0
56801;36014;22692;1
56803;36014;7418;1
56810;36014;36192;0
56812;36014;12845;1
56813;36014;24043;0
56815;36014;36193;0
56816;36014;36194;0
56822;36014;8031;0
56826;36014;36200;0
56828;36014;1170;1
56829;36014;36202;0
56841;36014;36212;0
56848;36014;36217;0
56853;36014;25158;0
56861;36014;8707;1
56873;36014;36229;0
56885;36014;36238;0
56897;36014;36247;0
56903;36014;25104;0
56947;36279;36280;1
56948;36279;36281;0
56949;36279;25124;0
56955;36279;26512;0
56956;36279;36126;0
56957;36279;27860;0
56958;36279;36140;0
56960;36279;36145;0
56962;36279;36158;0
56965;36279;27878;0
56968;36279;25144;0
56970;36279;27886;0
56972;36279;27675;0
56975;36279;26370;0
56977;36279;22692;0
56978;36279;7418;0
56988;36279;8822;0
56992;36279;1170;0
56998;36279;22901;0
57005;36279;1068;0
57746;36808;36809;0
57747;36808;36810;0
57751;36808;36813;0
57753;36808;36815;0
57754;36808;36816;0
57755;36808;36817;0
57756;36808;36818;1
57757;36808;36819;1
57758;36808;36820;0
57762;36808;36823;0
57764;36808;36824;0
57766;36808;32227;0
57767;36808;6515;1
57770;36808;36828;1
57772;36808;36830;0
57778;36808;11595;0
57779;36808;36835;0
57784;36808;36840;0
57787;36808;25147;0
57789;36808;36843;0
57790;36808;26369;0
57792;36808;36844;1
57795;36808;36847;1
57797;36808;36849;0
57799;36808;36851;0
57802;36808;36854;0
57803;36808;36855;1
57805;36808;2407;1
57807;36808;22788;1
57810;36808;36860;1
57812;36808;5179;1
57813;36808;2412;0
57814;36808;36862;0
57815;36808;8697;0
57821;36808;2431;0
57822;36808;36866;1
57823;36808;36867;0
57824;36808;5114;1
57825;36808;1068;0
57828;36808;36869;0
57830;36808;1630;0
57835;36808;36871;0
58452;37216;3778;0
58454;37216;1451;0
58458;37216;37221;0
58460;37216;37223;0
58461;37216;37224;0
58468;37216;37231;0
58471;37216;37234;1
58472;37216;37235;0
58476;37216;37239;0
58477;37216;37240;0
58478;37216;37241;0
58480;37216;37242;0
58484;37216;37245;0
58485;37216;37246;0
58486;37216;37247;0
58489;37216;37250;1
58491;37216;23329;0
58493;37216;37253;0
58495;37216;37255;0
58497;37216;33332;1
58499;37216;37257;0
58501;37216;37259;0
58503;37216;37260;0
58505;37216;37262;0
58507;37216;37264;0
58508;37216;37265;1
58510;37216;16209;0
58511;37216;37267;0
58514;37216;37270;0
58515;37216;37271;0
58517;37216;37273;0
58518;37216;37274;0
58519;37216;37275;0
58522;37216;23367;0
58523;37216;37278;0
58525;37216;37279;0
58530;37216;37282;0
58531;37216;37283;0
58532;37216;37284;0
58538;37216;28681;0
58539;37216;2407;0
58540;37216;37288;1
58542;37216;37290;0
58545;37216;3695;1
58546;37216;37293;0
58547;37216;15670;0
58549;37216;2046;1
58550;37216;37295;0
58552;37216;37297;0
58555;37216;1445;1
58574;37310;37312;0
58575;37310;37313;0
58576;37310;37314;0
58579;37310;37317;0
58582;37310;12415;0
58583;37310;37320;0
58587;37310;37324;0
58588;37310;37325;0
58590;37310;37326;0
58592;37310;14636;0
58596;37310;10160;0
58597;37310;37329;0
58600;37310;37332;0
58604;37310;105;0
58607;37310;37336;0
58610;37338;37339;0
58612;37338;37341;0
58613;37338;37342;0
58614;37338;37343;0
58617;37338;37346;0
58620;37338;37349;0
58621;37338;14537;1
58622;37338;14542;0
58623;37338;37350;0
58624;37338;37351;0
58629;37338;37356;0
58631;37338;37358;0
58633;37338;37360;1
58634;37338;37361;0
58635;37338;17094;0
58636;37338;14573;0
58637;37338;37362;1
58639;37338;37364;0
58641;37338;37365;0
58642;37338;37366;0
58643;37338;37367;0
58644;37338;37368;0
58648;37338;37371;0
58649;37338;37372;0
58653;37338;37376;0
58658;37338;37381;1
58660;37338;37383;0
58666;37338;37389;0
58669;37338;37392;1
58670;37338;5936;0
58671;37338;37393;0
58674;37338;37396;0
58678;37338;37400;0
58679;37338;14618;1
58680;37338;4477;0
58682;37338;5728;0
58684;37338;37403;0
58686;37338;37404;0
58691;37338;37408;0
58692;37338;37409;0
58694;37338;5955;0
58700;37338;14636;0
58701;37338;37415;0
58706;37338;89;0
58708;37338;32526;0
58710;37338;37420;1
58711;37338;93;1
58712;37338;37421;0
58713;37338;5969;1
58715;37338;5972;0
58716;37338;23666;1
58719;37338;14647;1
58722;37338;1998;0
58723;37338;105;0
58725;37338;14215;0
58726;37338;37426;0
58727;37338;3197;1
58728;37338;2431;0
58732;37338;1068;0
58735;37338;126;0
58737;37338;1071;0
58741;37338;2447;0
58761;37338;770;0
58772;37450;37456;0
58776;37450;37460;0
58777;37450;37461;0
58779;37450;37463;0
58780;37450;37464;1
58781;37450;37465;0
58782;37450;37466;0
58784;37450;37468;1
58793;37450;37476;0
58795;37450;37477;0
58796;37450;37478;0
58798;37450;37479;0
58801;37450;37481;0
58802;37450;37482;0
58808;37450;37488;0
58810;37450;37490;0
58813;37450;37493;0
58820;37450;37496;0
58823;37450;37499;0
58824;37450;37500;0
58826;37450;37502;0
58827;37450;37503;0
58829;37450;37505;1
58830;37450;10121;0
58831;37450;37506;0
58833;37450;37508;0
58834;37450;10126;0
58839;37450;37512;0
58841;37450;6298;0
58862;37450;37530;0
58864;37450;10160;0
58866;37450;37533;0
58871;37450;37536;0
58875;37450;868;0
58876;37450;10185;0
58877;37450;10189;0
58879;37450;10192;0
58888;37450;9376;0
58903;37450;37553;0
58913;14583;37560;0
58914;14583;37561;0
58915;14583;37562;0
58917;14583;37564;0
58918;14583;37565;0
58919;14583;37566;0
58920;14583;37567;0
58921;14583;37568;0
58923;14583;37570;0
58925;14583;37572;0
58926;14583;33299;1
58927;14583;37573;0
58932;14583;37577;0
58933;14583;33304;0
58934;14583;37578;1
58937;14583;33308;0
58939;14583;37580;0
58940;14583;33310;0
58942;14583;16406;0
58944;14583;37582;0
58945;14583;37583;0
58946;14583;33316;0
58950;14583;37584;0
58953;14583;33322;0
58955;14583;37587;0
58956;14583;33326;0
58957;14583;37588;0
58959;14583;33327;0
58961;14583;33330;0
58962;14583;26073;0
58964;14583;33333;0
58968;14583;37592;0
58970;14583;37594;0
58971;14583;8665;0
58973;14583;37596;0
58974;14583;33339;0
58975;14583;37597;0
58979;14583;27862;0
58983;14583;37602;0
58986;14583;33349;0
58987;14583;33350;0
58988;14583;14633;1
58990;14583;33354;0
58991;14583;33355;0
59000;14583;37609;1
59001;14583;8682;0
59006;14583;23231;0
59010;14583;33364;0
59011;14583;37614;0
59014;14583;2407;0
59023;14583;5179;0
59026;14583;759;0
59028;14583;27806;0
59032;14583;33376;0
59034;14583;15901;0
59040;14583;33382;0
59043;14583;8708;0
59045;14583;1068;0
59053;14583;37629;0
59059;14583;37633;0
59086;14583;770;0
59233;37708;27460;0
59234;37708;27478;1
59236;37708;37710;0
59237;37708;7357;0
59238;37708;27502;0
59240;37708;7759;0
59241;37708;37712;0
59245;37708;27538;0
59246;37708;7367;0
59248;37708;37716;0
59252;37708;37719;0
59255;37708;27576;0
59256;37708;15620;0
59257;37708;27581;1
59258;37708;27583;0
59261;37708;27595;1
59263;37708;37723;0
59264;37708;7383;0
59266;37708;37724;1
59269;37708;37726;0
59270;37708;37727;0
59271;37708;37728;0
59272;37708;27860;0
59274;37708;27639;0
59279;37708;27655;0
59282;37708;27876;0
59290;37708;27670;1
59293;37708;27675;0
59299;37708;27678;0
59301;37708;37739;0
59303;37708;26369;1
59305;37708;27684;0
59306;37708;27890;0
59309;37708;37740;0
59315;37708;27690;1
59320;37708;27696;1
59328;37708;15897;0
59339;37708;2431;0
59340;37708;1764;0
59344;37708;10456;0
59349;37708;1068;0
59350;37708;27818;0
59353;37708;37751;0
59354;37708;1630;0
59371;37758;37764;0
59372;37758;37765;0
59373;37758;37766;0
59381;37758;37774;0
59383;37758;37776;0
59386;37758;37779;0
59394;37758;37787;0
59395;37758;37788;0
59400;37758;37793;0
59412;37758;37804;0
59415;37758;37807;0
59416;37758;37808;0
59421;37758;37812;0
59433;37758;37824;0
59469;37758;37860;0
59490;37758;37881;0
59500;37758;37891;0
59511;37758;37901;0
59517;37758;37907;0
59527;37758;37917;0
59531;37758;37921;0
59542;37758;37931;0
59614;37989;37991;0
59615;37989;37992;0
59616;37989;37993;0
59617;37989;37994;0
59618;37989;37995;0
59623;37989;37998;0
59624;37989;37999;0
59625;37989;38000;0
59626;37989;38001;0
59629;37989;38003;0
59630;37989;38004;0
59631;37989;38005;0
59635;37989;38009;0
59637;37989;38011;0
59639;37989;38013;0
59640;37989;38014;0
59642;37989;38015;0
59645;37989;38018;0
59649;37989;38021;0
59650;37989;38022;0
59651;37989;38023;0
59652;37989;38024;0
59653;37989;37724;0
59654;37989;38025;0
59655;37989;38026;0
59658;37989;38028;0
59660;37989;36817;0
59661;37989;36818;0
59662;37989;38030;0
59667;37989;36819;0
59668;37989;38035;0
59669;37989;38036;0
59670;37989;38037;0
59672;37989;36823;0
59673;37989;38039;0
59674;37989;10451;0
59675;37989;32227;0
59676;37989;38040;0
59678;37989;38042;0
59684;37989;11595;0
59685;37989;38048;0
59690;37989;38053;0
59691;37989;7154;0
59692;37989;1027;0
59694;37989;1942;0
59695;37989;38055;0
59696;37989;27670;0
59699;37989;38057;0
59700;37989;38058;0
59701;37989;33356;1
59702;37989;38059;0
59703;37989;16449;0
59704;37989;36843;0
59707;37989;8680;0
59708;37989;36844;0
59710;37989;38062;0
59711;37989;36849;0
59713;37989;38064;0
59714;37989;9792;0
59715;37989;38065;0
59716;37989;38066;0
59718;37989;38068;1
59720;37989;38069;0
59722;37989;38070;0
59723;37989;2399;0
59724;37989;38071;0
59729;37989;38075;0
59730;37989;23785;0
59734;37989;38077;0
59740;37989;38081;0
59744;37989;5179;0
59746;37989;759;0
59747;37989;8697;0
59752;37989;38090;0
59753;37989;38091;0
59758;37989;10197;0
59763;37989;2431;0
59767;37989;36867;0
59769;37989;38097;0
59772;37989;38098;0
59773;37989;38099;0
59774;37989;1068;0
59779;37989;37167;0
59780;37989;38102;0
59781;37989;1070;0
59782;37989;126;0
59791;37989;1630;0
59796;37989;3640;0
59804;37989;36229;0
59808;37989;762;0
59872;5870;38152;0
59873;5870;17157;1
59874;5870;38153;1
59883;5870;38161;0
59885;5870;3767;1
59887;5870;38164;0
59889;5870;38166;1
59891;5870;23857;0
59893;5870;11636;0
59895;5870;38170;0
59896;5870;38171;1
59898;5870;38173;0
59902;5870;38176;0
59903;5870;38177;0
59904;5870;38178;0
59905;5870;37530;0
59910;5870;7160;0
59911;5870;16676;0
59912;5870;15097;0
59913;5870;38180;0
59914;5870;89;1
59915;5870;13722;0
59917;5870;38181;0
59918;5870;38182;0
59920;5870;38183;0
59922;5870;38185;0
59923;5870;38186;0
59926;5870;38189;0
59927;5870;38190;1
59928;5870;6251;0
59929;5870;24113;0
59930;5870;93;1
59931;5870;807;0
59933;5870;1224;1
59934;5870;38192;0
59935;5870;17167;1
59936;5870;2782;1
59937;5870;31055;0
59938;5870;23785;1
59939;5870;2407;0
59940;5870;3730;0
59941;5870;9620;1
59942;5870;38193;0
59944;5870;10185;1
59945;5870;38194;0
59948;5870;15665;0
59949;5870;38195;0
59950;5870;21364;0
59951;5870;10189;1
59952;5870;38196;0
59953;5870;38197;0
59955;5870;38199;0
59957;5870;38200;0
59958;5870;38201;0
59959;5870;105;1
59961;5870;819;0
59962;5870;27128;0
59963;5870;38202;0
59965;5870;37149;1
59966;5870;36764;0
59967;5870;24182;0
59969;5870;38203;0
59971;5870;10197;0
59975;5870;38204;0
59976;5870;9559;0
59977;5870;12400;1
59979;5870;19697;1
59980;5870;1767;0
59981;5870;27131;0
59983;5870;9650;0
59986;5870;32152;0
59988;5870;2900;0
59990;5870;8708;0
59992;5870;1070;1
59993;5870;126;1
59994;5870;3629;0
59996;5870;1071;0
59997;5870;1267;0
59998;5870;129;0
59999;5870;8514;0
60065;9376;38245;0
60068;9376;38246;1
60071;9376;38247;1
60072;9376;38248;1
60073;9376;38249;1
60074;9376;38250;1
60076;9376;38251;1
60077;9376;38252;1
60102;9376;38269;1
60107;9376;38273;0
60128;9376;38288;0
60133;9376;38293;0
60134;9376;4048;0
60136;9376;38294;0
60182;9376;38327;0
60214;9376;38346;1
60223;9376;15023;0
60321;38404;38407;0
60323;38404;38409;1
60324;38404;38410;0
60329;38404;6515;1
60330;38404;38413;1
60331;38404;36835;0
60333;38404;36847;0
60337;38404;38415;0
60338;38404;23785;0
60340;38404;7184;0
60342;38404;38416;0
60343;38404;2431;0
60344;38404;7188;0
60369;38434;1066;0
60371;38434;1069;0
60372;38434;15275;1
60382;38439;38440;0
60383;38439;38441;0
60385;38439;38443;0
60386;38439;8598;0
60391;38439;7734;0
60392;38439;8626;0
60399;38439;38451;0
60400;38439;38452;0
60403;38439;38454;0
60404;38439;38455;0
60407;38439;38457;0
60408;38439;38458;0
60410;38439;38460;0
60411;38439;38461;0
60414;38439;38463;0
60415;38439;38464;0
60416;38439;38465;1
60419;38439;38467;0
60421;38439;8697;0
60423;38439;7783;0
60547;38561;38567;1
60548;38561;14632;1
60550;38561;93;0
60556;38561;38573;0
60557;38561;14650;1
60561;38561;9149;0
60564;38561;3619;0
60569;38561;3625;0
60690;3594;3610;0
60693;3594;7784;0
60695;3594;25807;0
60698;3594;38658;0
60699;3594;38659;0
60712;38664;38665;1
60720;38664;3823;0
60723;38664;15580;0
60728;38664;37320;0
60731;38664;16223;0
60740;38686;38687;0
60741;38686;38688;0
60742;38686;38689;0
60743;38686;38690;0
60744;38686;38691;0
60745;38686;38692;0
60747;38686;38694;0
60748;38686;7415;0
60749;38686;93;0
60750;38686;38695;0
60751;38686;38696;0
60752;38686;38697;0
60755;38686;38699;0
60756;38686;2025;0
60758;38686;2431;0
60759;38686;2036;0
60762;38686;2046;0
60763;38686;1069;0
60764;38686;1070;0
60767;38686;16223;1
60768;38686;3640;0
60790;38713;38716;0
60792;38713;38718;0
60793;38713;2004;0
60829;38744;38746;0
60830;38744;10131;0
60833;38744;38749;0
60835;38744;38751;0
60838;38744;1929;1
60839;38744;38754;0
60841;38744;15650;1
60842;38744;15654;1
60843;38744;38756;0
60846;38744;38758;0
60847;38744;16212;0
60848;38744;38759;1
60849;38744;24098;0
60850;38744;38760;0
60852;38744;38762;0
60853;38744;7415;1
60854;38744;38763;0
60855;38744;37284;1
60856;38744;24110;0
60857;38744;38764;0
60858;38744;38765;0
60860;38744;38767;0
60861;38744;38768;0
60862;38744;38697;0
60864;38744;38770;0
60865;38744;38771;0
60866;38744;38772;1
60868;38744;38774;0
60869;38744;2025;0
60871;38744;38775;0
60872;38744;15669;0
60873;38744;15670;1
60874;38744;38776;0
60877;38744;2046;1
60879;38744;16223;0
60882;38744;38779;1
60920;38808;38809;0
60922;38808;38811;0
60925;38808;38814;0
60926;38808;38815;0
60928;38808;38817;0
60929;38808;38818;0
60930;38808;38819;0
60933;38808;38822;0
60934;38808;38823;0
60936;38808;16184;0
60940;38808;38828;0
60944;38808;38832;0
60951;38808;38838;0
60952;38808;38839;0
60953;38808;15619;0
60954;38808;38840;0
60955;38808;38841;0
60961;38808;38846;0
60963;38808;38848;1
60964;38808;38849;0
60965;38808;38850;0
60966;38808;38851;0
60968;38808;38853;0
60970;38808;38854;0
60972;38808;38856;0
60973;38808;6663;0
60975;38808;38858;0
60977;38808;5772;0
60978;38808;38859;0
60979;38808;16223;0
60993;38865;38869;0
61002;38865;38878;0
61003;38865;38879;1
61004;38865;10131;0
61005;38865;38880;1
61007;38865;38882;0
61009;38865;38884;1
61010;38865;38885;0
61011;38865;17024;0
61015;38865;38888;1
61021;38865;38893;1
61022;38865;38894;0
61025;38865;38896;0
61028;38865;2407;0
61034;38865;2046;0
61070;38926;24833;0
61071;38926;15654;1
61072;38926;37279;1
61073;38926;7415;0
61074;38926;37284;1
61075;38926;2412;0
61076;38926;2025;1
61077;38926;15670;0
61079;38926;2046;0
61096;38926;2150;1
61103;38940;1920;0
61115;38940;38951;0
61119;38940;38955;0
61124;38940;16184;0
61133;38940;23319;0
61134;38940;38968;0
61136;38940;38970;0
61137;38940;16194;0
61140;38940;38973;0
61144;38940;38976;0
61145;38940;15616;0
61151;38940;38980;0
61155;38940;38982;1
61156;38940;38983;0
61160;38940;38986;0
61161;38940;15639;0
61164;38940;32129;0
61167;38940;15643;0
61168;38940;38991;0
61174;38940;3770;0
61176;38940;16212;0
61177;38940;1163;0
61178;38940;7415;1
61179;38940;38998;0
61180;38940;16215;0
61181;38940;38999;0
61183;38940;10564;1
61185;38940;2982;0
61186;38940;3695;1
61187;38940;15666;1
61189;38940;11474;0
61190;38940;2025;0
61192;38940;7185;0
61193;38940;2028;1
61194;38940;15668;0
61196;38940;15669;0
61197;38940;15670;1
61198;38940;2036;0
61200;38940;25335;0
61202;38940;2046;1
61206;38940;16223;1
61233;39021;39023;1
61235;39021;39025;1
61237;39021;39027;0
61238;39021;39028;0
61239;39021;39029;1
61240;39021;39030;1
61241;39021;39031;0
61242;39021;39032;1
61243;39021;39033;0
61244;39021;39034;0
61245;39021;39035;0
61246;39021;39036;0
61247;39021;39037;0
61249;39021;39039;0
61250;39021;39040;0
61251;39021;39041;0
61254;39021;39044;0
61256;39021;39046;0
61258;39021;39048;0
61259;39021;39049;0
61260;39021;39050;0
61261;39021;39051;0
61262;39021;38884;0
61263;39021;39052;0
61264;39021;39053;0
61265;39021;38885;0
61266;39021;39054;0
61267;39021;39055;0
61269;39021;39057;0
61270;39021;39058;1
61272;39021;39060;0
61273;39021;39061;1
61274;39021;38687;1
61275;39021;39062;1
61276;39021;39063;0
61277;39021;39064;0
61278;39021;39065;0
61283;39021;39070;1
61284;39021;39071;0
61285;39021;39072;0
61286;39021;39073;0
61288;39021;39074;0
61290;39021;39076;0
61291;39021;39077;0
61292;39021;39078;0
61293;39021;37265;0
61294;39021;39079;0
61295;39021;38754;0
61299;39021;39083;0
61300;39021;39084;0
61302;39021;39085;1
61303;39021;39086;1
61304;39021;39087;0
61307;39021;39090;0
61312;39021;39094;0
61314;39021;39096;0
61315;39021;37284;0
61316;39021;39097;0
61317;39021;16215;0
61318;39021;39098;0
61319;39021;38999;0
61320;39021;39099;0
61322;39021;39101;0
61323;39021;39102;0
61324;39021;39103;0
61325;39021;38695;0
61328;39021;39105;0
61329;39021;39106;1
61330;39021;39107;0
61331;39021;39108;0
61332;39021;39109;1
61336;39021;39113;0
61337;39021;39114;0
61338;39021;8031;0
61339;39021;39115;1
61340;39021;38718;0
61341;39021;39116;0
61342;39021;2412;0
61345;39021;39119;0
61347;39021;7895;0
61350;39021;16219;0
61351;39021;2013;1
61354;39021;39123;0
61356;39021;38772;0
61357;39021;15666;0
61359;39021;2025;0
61360;39021;15668;0
61361;39021;36217;0
61363;39021;15670;0
61364;39021;39126;0
61365;39021;38776;0
61368;39021;39129;0
61377;39021;39136;0
61380;39021;39138;0
61387;39021;38779;0
61389;39021;9376;0
61391;39021;39146;0
61404;39021;39157;0
61407;39021;39159;0
61426;39021;2150;0
61439;39021;39180;0
61476;39208;39212;0
61477;39208;38884;0
61479;39208;15660;0
61480;39208;93;0
61485;39208;2150;0
61491;39208;39219;0
61704;39228;39229;0
61705;39228;39230;0
61706;39228;39231;0
61707;39228;39232;0
61709;39228;39234;0
61710;39228;7630;0
61711;39228;39235;1
61712;39228;39236;1
61713;39228;39237;0
61714;39228;39238;0
61715;39228;39239;0
61716;39228;39240;1
61718;39228;39242;0
61719;39228;39243;0
61720;39228;39244;0
61721;39228;39245;0
61722;39228;39246;0
61723;39228;39247;0
61724;39228;39248;0
61725;39228;39249;1
61726;39228;7283;1
61730;39228;39252;0
61731;39228;39253;0
61732;39228;39254;0
61735;39228;39256;0
61736;39228;39257;0
61737;39228;39258;0
61738;39228;39259;1
61739;39228;39260;1
61740;39228;39261;0
61741;39228;39262;0
61742;39228;39263;0
61743;39228;39264;0
61744;39228;39265;0
61745;39228;39266;0
61747;39228;39268;0
61748;39228;39269;0
61749;39228;3013;0
61750;39228;3014;0
61751;39228;39270;0
61752;39228;39271;0
61753;39228;39272;0
61756;39228;39274;0
61757;39228;2517;0
61758;39228;39275;0
61759;39228;39276;1
61760;39228;39277;0
61761;39228;39278;0
61762;39228;39279;0
61763;39228;39280;0
61764;39228;7705;0
61765;39228;39281;0
61766;39228;3787;0
61767;39228;39282;0
61768;39228;39283;0
61769;39228;39284;0
61770;39228;39285;0
61773;39228;4982;0
61774;39228;39288;0
61776;39228;39289;0
61777;39228;7321;0
61778;39228;39290;0
61779;39228;39291;0
61780;39228;39292;0
61781;39228;39293;1
61782;39228;39294;0
61783;39228;39295;0
61784;39228;39296;0
61785;39228;39297;0
61786;39228;5371;0
61788;39228;14573;0
61789;39228;7112;0
61790;39228;39298;0
61791;39228;39299;0
61793;39228;39300;0
61794;39228;39301;0
61795;39228;39302;0
61796;39228;2239;0
61797;39228;7120;0
61798;39228;39303;0
61799;39228;39304;0
61800;39228;739;0
61801;39228;15596;0
61803;39228;39306;0
61805;39228;39307;0
61806;39228;23319;0
61808;39228;39309;0
61809;39228;39310;1
61810;39228;39311;0
61811;39228;39312;0
61813;39228;39313;1
61814;39228;39314;0
61815;39228;39315;0
61816;39228;752;0
61817;39228;39316;0
61818;39228;39317;0
61820;39228;38152;0
61822;39228;39319;0
61823;39228;16212;0
61825;39228;37284;0
61826;39228;39320;0
61827;39228;93;1
61830;39228;2431;0
61831;39228;2028;0
61832;39228;2036;0
61835;39228;126;0
61836;39228;38779;0
61844;39228;770;0
61846;39031;39328;0
61847;39031;39329;0
61849;39031;39331;0
61850;39031;39039;1
61851;39031;39332;0
61852;39031;39070;0
61853;39031;39333;0
61854;39031;39334;0
61855;39031;39083;0
61856;39031;39335;0
61857;39031;39086;0
61858;39031;39336;0
61860;39031;39337;0
61861;39031;37284;0
61862;39031;39338;0
61863;39031;39097;0
61864;39031;39098;0
61866;39031;38695;0
61868;39031;22693;0
61869;39031;39106;0
61871;39031;39341;0
61872;39031;38718;0
61873;39031;2412;1
61874;39031;2013;0
61876;39031;15666;0
61881;39031;39129;0
61882;39031;7784;0
61885;39031;39347;0
61891;39031;39350;0
61894;39031;39353;1
61899;39031;39358;0
61900;39031;39157;0
61911;39031;25104;0
62062;39472;39475;0
62063;39472;39476;0
62066;39472;39479;0
62067;39472;39480;0
62068;39472;39481;0
62073;39472;39485;0
62074;39472;39486;0
62078;39472;39490;0
62079;39472;39212;0
62083;39472;39492;0
62084;39472;39493;0
62089;39472;39064;0
62090;39472;39497;0
62091;39472;39498;0
62092;39472;39070;0
62094;39472;23349;0
62101;39472;26318;0
62103;39472;39506;0
62105;39472;39507;0
62107;39472;39508;0
62109;39472;39510;0
62112;39472;23367;1
62114;39472;38896;0
62115;39472;16212;0
62117;39472;39513;0
62118;39472;7415;1
62120;39472;38695;0
62124;39472;23379;0
62127;39472;38767;0
62128;39472;2407;0
62129;39472;39422;0
62131;39472;39516;0
62133;39472;39517;0
62136;39472;15665;0
62137;39472;36862;0
62138;39472;33276;0
62140;39472;23391;0
62141;39472;3695;0
62145;39472;2025;0
62147;39472;2028;0
62148;39472;15668;0
62149;39472;15669;0
62150;39472;15670;0
62151;39472;2036;0
62153;39472;2038;0
62154;39472;39522;0
62155;39472;824;0
62159;39472;2046;0
62164;39472;39525;0
62178;39472;39533;0
62183;39472;25104;0
62191;39472;37553;0
62211;39546;39547;0
62212;39546;15639;1
62213;39546;39548;0
62219;39546;33262;1
62220;39546;39552;0
62221;39546;39422;0
62226;39546;15666;0
62227;39546;2025;0
62229;39546;2028;0
62230;39546;36217;0
62231;39546;39431;0
62233;39546;2036;1
62237;39546;16223;1
62254;39546;2150;0
62277;39574;39583;0
62278;39574;39584;1
62292;39574;39598;0
62299;39574;39605;1
62301;39574;39607;0
62306;39574;39612;0
62308;39574;39614;0
62310;39574;39616;1
62313;39574;15572;0
62314;39574;39619;1
62316;39574;39621;0
62319;39574;39624;0
62320;39574;39625;0
62322;39574;39627;0
62323;39574;39628;0
62325;39574;39630;0
62331;39574;39636;0
62334;39574;39639;0
62341;39574;39645;1
62343;39574;39647;1
62348;39574;39652;0
62349;39574;39653;0
62355;39574;39659;1
62358;39574;39662;1
62364;39574;39668;0
62367;39574;39671;0
62372;39574;15650;0
62373;39574;38894;0
62376;39574;39677;0
62379;39574;15660;0
62381;39574;7415;0
62384;39574;15662;0
62387;39574;1982;0
62388;39574;38194;0
62389;39574;33276;0
62391;39574;105;1
62394;39574;39687;0
62395;39574;2025;0
62398;39574;39689;0
62399;39574;39690;0
62400;39574;2028;0
62402;39574;15669;1
62403;39574;15670;1
62405;39574;2040;0
62407;39574;2046;0
62414;39574;16223;0
62466;39639;39472;0
62470;39639;23323;0
62481;39639;39752;0
62487;39639;39758;0
62503;39639;39774;0
62504;39639;39775;0
62507;39639;39497;0
62509;39639;39779;0
62517;39639;39786;0
62519;39639;15650;1
62525;39639;23367;0
62527;39639;7415;0
62530;39639;39793;1
62534;39639;39795;0
62535;39639;39516;0
62536;39639;39796;0
62537;39639;39517;0
62540;39639;39425;0
62541;39639;33276;0
62542;39639;39798;0
62545;39639;38772;0
62546;39639;2025;0
62547;39639;36767;0
62548;39639;2431;0
62549;39639;2028;0
62550;39639;15668;0
62552;39639;15669;0
62553;39639;15670;1
62554;39639;2041;0
62557;39639;2046;0
62635;39855;16288;1
62641;39855;7415;1
62643;39855;39870;0
62644;39855;2025;0
62647;39855;15669;0
62648;39855;15670;1
62654;39855;16223;0
62682;15660;24098;0
62683;15660;38760;0
62684;15660;7415;0
62685;15660;38185;0
62686;15660;39897;0
62687;15660;38763;0
62688;15660;39898;0
62689;15660;38998;0
62690;15660;24113;0
62691;15660;39899;0
62692;15660;38695;0
62693;15660;39900;0
62694;15660;39417;1
62696;15660;39419;0
62698;15660;39901;0
62699;15660;38767;0
62701;15660;39903;0
62703;15660;38696;0
62704;15660;37288;0
62705;15660;39107;0
62706;15660;39904;1
62707;15660;38697;0
62709;15660;1982;0
62710;15660;39114;0
62712;15660;15665;1
62713;15660;38718;0
62714;15660;2411;0
62715;15660;39425;1
62716;15660;2412;0
62717;15660;10564;0
62718;15660;1994;0
62720;15660;36862;0
62721;15660;33276;0
62722;15660;39906;0
62725;15660;38201;0
62727;15660;39119;0
62728;15660;39908;0
62730;15660;22022;0
62732;15660;39909;0
62733;15660;39910;0
62734;15660;3695;0
62736;15660;16219;0
62737;15660;39911;0
62738;15660;2013;0
62739;15660;38771;0
62740;15660;39912;0
62741;15660;37149;0
62742;15660;36764;0
62743;15660;39123;0
62745;15660;39913;0
62746;15660;39914;0
62747;15660;38772;0
62748;15660;15666;0
62749;15660;39915;0
62750;15660;39870;0
62751;15660;39428;1
62752;15660;2024;0
62753;15660;38699;0
62754;15660;39687;0
62755;15660;2025;1
62757;15660;36767;0
62758;15660;39916;1
62759;15660;39917;1
62761;15660;2028;1
62762;15660;2027;0
62763;15660;39919;0
62764;15660;39920;0
62765;15660;15668;0
62766;15660;39431;0
62768;15660;15669;0
62769;15660;39921;0
62770;15660;2030;0
62771;15660;15670;1
62772;15660;38776;0
62773;15660;2036;1
62774;15660;39922;1
62775;15660;39923;0
62778;15660;39129;1
62779;15660;39522;0
62780;15660;39925;0
62781;15660;2041;1
62782;15660;10378;1
62785;15660;2046;0
62786;15660;1263;0
62790;15660;3629;0
62799;15660;38779;0
62800;15660;9376;0
62804;15660;2081;0
62806;15660;1445;0
62864;1982;39955;0
62866;1982;39957;0
62869;1982;39960;0
62871;1982;39961;0
62874;1982;38896;0
62876;1982;39962;0
62879;1982;39965;0
62882;1982;39968;0
62883;1982;15660;0
62886;1982;39971;0
62887;1982;39972;0
62888;1982;17034;0
62889;1982;24103;0
62890;1982;33010;0
62891;1982;39973;0
62894;1982;1959;0
62896;1982;39897;0
62898;1982;38763;0
62899;1982;39898;0
62900;1982;39976;0
62901;1982;39977;0
62902;1982;37283;0
62904;1982;38998;0
62905;1982;37284;0
62906;1982;39979;0
62909;1982;39982;0
62914;1982;16215;0
62917;1982;38190;0
62918;1982;24110;0
62919;1982;24112;0
62920;1982;12842;0
62921;1982;24113;0
62922;1982;39984;0
62923;1982;39985;0
62925;1982;93;0
62926;1982;8692;0
62927;1982;36730;0
62928;1982;1224;0
62930;1982;39986;0
62931;1982;39987;1
62933;1982;39899;0
62934;1982;1225;0
62937;1982;27688;0
62938;1982;39989;0
62939;1982;39990;0
62940;1982;39991;0
62944;1982;39994;0
62945;1982;27691;0
62946;1982;39995;0
62947;1982;23377;0
62948;1982;39102;0
62949;1982;39996;0
62950;1982;3551;0
62951;1982;36854;0
62952;1982;2399;0
62956;1982;39999;0
62957;1982;15308;0
62959;1982;39417;1
62960;1982;40000;0
62962;1982;39419;0
62964;1982;39901;0
62967;1982;40002;0
62969;1982;40003;0
62971;1982;1595;0
62973;1982;17167;0
62974;1982;1230;0
62975;1982;40006;0
62976;1982;3559;0
62977;1982;24137;0
62978;1982;2876;0
62979;1982;3560;0
62984;1982;31055;0
62985;1982;28681;0
62988;1982;36745;0
62990;1982;1976;0
62991;1982;4416;0
62996;1982;14868;0
62999;1982;40013;0
63000;1982;40014;0
63001;1982;37288;1
63002;1982;38696;0
63003;1982;39108;0
63004;1982;1898;0
63005;1982;39107;0
63006;1982;22788;0
63007;1982;40015;0
63008;1982;40016;0
63010;1982;39109;0
63011;1982;40017;0
63012;1982;39795;0
63013;1982;39904;0
63014;1982;25588;0
63017;1982;39422;0
63018;1982;38858;0
63019;1982;40019;0
63021;1982;40020;0
63022;1982;40021;0
63024;1982;40022;0
63028;1982;40025;0
63029;1982;1899;0
63031;1982;27695;0
63032;1982;15555;0
63034;1982;40027;1
63036;1982;3693;0
63037;1982;33165;0
63038;1982;40029;0
63039;1982;2784;0
63041;1982;3569;0
63042;1982;38193;0
63043;1982;30195;0
63044;1982;39341;0
63045;1982;23666;1
63049;1982;1439;0
63050;1982;40032;0
63053;1982;39114;0
63057;1982;1985;0
63058;1982;8031;0
63059;1982;6997;0
63060;1982;3186;0
63061;1982;10185;0
63062;1982;38194;0
63063;1982;1604;0
63067;1982;15665;1
63068;1982;38718;0
63069;1982;3575;0
63071;1982;2411;0
63074;1982;40040;0
63076;1982;15484;0
63077;1982;21364;0
63078;1982;39116;0
63080;1982;1240;0
63081;1982;40042;1
63082;1982;1994;1
63083;1982;40043;0
63086;1982;10564;0
63088;1982;38770;0
63089;1982;5179;0
63090;1982;24608;0
63091;1982;1992;0
63092;1982;40045;0
63093;1982;1993;0
63094;1982;5178;0
63095;1982;40046;0
63096;1982;40047;0
63097;1982;2412;0
63098;1982;39425;0
63100;1982;36862;0
63101;1982;33276;0
63102;1982;10632;1
63103;1982;39906;0
63104;1982;1995;0
63105;1982;1996;0
63106;1982;10633;0
63112;1982;2417;0
63114;1982;40053;0
63115;1982;40054;0
63117;1982;3584;0
63118;1982;1997;0
63119;1982;40055;0
63120;1982;3589;0
63121;1982;38201;0
63122;1982;1056;0
63124;1982;39119;0
63125;1982;24589;0
63126;1982;40056;0
63127;1982;39908;0
63129;1982;21634;0
63131;1982;1440;0
63134;1982;40057;0
63135;1982;22022;0
63137;1982;4507;0
63139;1982;2005;0
63140;1982;40059;0
63142;1982;7895;0
63143;1982;40061;0
63144;1982;39909;0
63145;1982;40062;0
63146;1982;10692;0
63148;1982;4216;0
63149;1982;5976;0
63151;1982;7180;0
63152;1982;5772;0
63153;1982;3695;1
63154;1982;2008;0
63155;1982;40064;1
63156;1982;2010;1
63157;1982;1609;0
63158;1982;16219;0
63160;1982;40066;0
63161;1982;39911;0
63162;1982;2013;0
63163;1982;1246;0
63164;1982;2015;0
63165;1982;40067;0
63167;1982;39912;0
63168;1982;40069;0
63169;1982;37149;1
63170;1982;1368;0
63171;1982;1610;0
63172;1982;36764;0
63175;1982;39123;0
63178;1982;40073;0
63179;1982;39914;0
63181;1982;38772;0
63182;1982;15666;0
63183;1982;1172;0
63185;1982;40075;0
63187;1982;11474;1
63188;1982;39915;1
63189;1982;40076;0
63190;1982;12489;0
63191;1982;39870;0
63192;1982;39428;0
63193;1982;37293;0
63194;1982;40077;0
63196;1982;40079;0
63197;1982;40080;0
63198;1982;3197;0
63199;1982;2024;0
63200;1982;25789;0
63201;1982;38699;1
63203;1982;2025;0
63204;1982;40082;1
63206;1982;36767;0
63207;1982;1060;0
63210;1982;2431;1
63212;1982;38775;0
63213;1982;40084;0
63214;1982;2027;0
63215;1982;2028;0
63216;1982;38204;0
63217;1982;39919;0
63218;1982;15668;0
63220;1982;36217;0
63221;1982;1443;1
63222;1982;40085;0
63223;1982;9638;0
63224;1982;40086;0
63226;1982;15669;0
63228;1982;2030;0
63229;1982;15670;0
63230;1982;1256;0
63232;1982;38776;0
63234;1982;2036;0
63236;1982;39923;0
63238;1982;39129;0
63240;1982;2038;0
63241;1982;39522;0
63242;1982;2040;0
63243;1982;40089;0
63247;1982;11080;0
63249;1982;824;0
63254;1982;10378;1
63256;1982;40094;1
63260;1982;2046;0
63262;1982;1263;0
63263;1982;8708;0
63264;1982;9781;0
63267;1982;24070;0
63269;1982;1068;0
63270;1982;1264;0
63273;1982;9029;0
63274;1982;3626;0
63275;1982;1069;0
63277;1982;1070;1
63278;1982;126;0
63279;1982;3629;0
63281;1982;25807;0
63283;1982;1071;0
63285;1982;1267;0
63288;1982;40103;1
63296;1982;39525;0
63306;1982;879;0
63311;1982;38779;0
63316;1982;12495;1
63324;1982;16849;0
63360;1982;2143;0
63363;1982;2150;0
63422;40153;40157;0
63423;40153;40158;0
63425;40153;40160;0
63426;40153;38808;0
63427;40153;40161;0
63432;40153;40166;0
63433;40153;40167;0
63434;40153;40168;0
63435;40153;38818;0
63437;40153;40169;0
63438;40153;38822;1
63439;40153;40170;0
63441;40153;16184;0
63444;40153;40174;1
63448;40153;40177;0
63449;40153;40178;0
63451;40153;40180;1
63452;40153;40181;0
63454;40153;40183;0
63459;40153;40185;0
63460;40153;40186;0
63461;40153;40187;0
63465;40153;40191;0
63467;40153;40193;0
63468;40153;40194;1
63470;40153;15619;0
63476;40153;38840;0
63477;40153;40201;0
63478;40153;38841;1
63479;40153;39758;0
63482;40153;3144;0
63483;40153;40204;0
63484;40153;39317;0
63486;40153;40206;0
63488;40153;2751;0
63491;40153;40208;0
63492;40153;40209;1
63494;40153;40211;0
63501;40153;40217;1
63502;40153;6056;0
63505;40153;38854;0
63508;40153;40222;0
63509;40153;6061;0
63513;40153;40223;1
63514;40153;40224;0
63516;40153;38856;1
63519;40153;40227;0
63522;40153;24098;0
63523;40153;39898;0
63524;40153;40229;0
63528;40153;39102;0
63536;40153;1982;1
63537;40153;40237;0
63539;40153;2411;0
63540;40153;39119;0
63541;40153;1759;0
63544;40153;38772;1
63545;40153;15666;0
63546;40153;3197;1
63547;40153;38859;1
63551;40153;2028;0
63552;40153;15668;0
63556;40153;10378;0
63562;40153;2444;0
63563;40153;40250;0
63567;40153;39525;1
63677;40345;1920;0
63679;40345;40346;0
63681;40345;23365;0
63683;40345;1982;0
63687;40345;40351;1
63688;40345;1267;1
63696;40345;40358;1
63701;40345;40362;0
63715;40345;40371;1
63723;40345;2143;0
63726;40345;40379;0
63729;40345;40381;1
63785;38973;40424;0
63794;38973;40431;0
63795;38973;40432;0
63797;38973;40434;0
63801;38973;1920;1
63808;38973;40443;1
63809;38973;40444;0
63814;38973;15639;0
63815;38973;40448;0
63818;38973;40451;0
63822;38973;40455;0
63823;38973;40456;0
63825;38973;38853;0
63830;38973;38854;0
63835;38973;40465;0
63836;38973;40466;0
63839;38973;40468;0
63840;38973;40469;0
63843;38973;40471;0
63845;38973;40472;0
63846;38973;40473;0
63848;38973;31861;0
63861;38973;40486;0
63862;38973;24099;0
63864;38973;40488;0
63867;38973;7415;0
63868;38973;39897;0
63870;38973;37284;0
63873;38973;33262;0
63878;38973;40496;0
63879;38973;39552;0
63885;38973;39109;0
63888;38973;1982;1
63890;38973;1438;0
63893;38973;38718;0
63897;38973;2412;0
63901;38973;14215;0
63908;38973;5772;0
63909;38973;2013;0
63913;38973;40516;0
63914;38973;2019;0
63915;38973;40075;0
63921;38973;40522;0
63922;38973;2025;1
63928;38973;2028;0
63929;38973;15668;0
63930;38973;36217;0
63931;38973;40526;0
63932;38973;2029;0
63934;38973;15669;0
63935;38973;15670;0
63936;38973;39129;0
63958;38973;40544;0
63984;38973;40566;0
63986;38973;40568;0
64065;38973;40630;0
64146;40692;40693;0
64147;40692;40694;0
64148;40692;40695;0
64149;40692;40696;0
64150;40692;40697;0
64151;40692;40698;0
64152;40692;40699;0
64153;40692;40700;0
64154;40692;40701;0
64155;40692;40702;1
64156;40692;40703;0
64157;40692;10822;0
64163;40692;10841;0
64164;40692;2511;0
64165;40692;3012;0
64169;40692;1451;0
64170;40692;10870;0
64176;40692;40710;0
64177;40692;10888;0
64178;40692;15092;0
64179;40692;7109;0
64181;40692;17879;0
64182;40692;7114;0
64183;40692;40711;0
64184;40692;7120;1
64185;40692;739;0
64186;40692;3107;0
64187;40692;2699;0
64188;40692;2488;0
64189;40692;744;0
64192;40692;10984;0
64202;40692;770;1
64367;40807;40809;0
64373;40807;21765;0
64377;40807;2506;0
64384;40807;40821;0
64389;40807;40825;0
64391;40807;3003;1
64395;40807;40830;1
64396;40807;40703;0
64398;40807;10822;0
64406;40807;40838;0
64408;40807;3008;1
64409;40807;3007;0
64412;40807;40841;0
64415;40807;40843;0
64419;40807;40845;1
64421;40807;40847;1
64424;40807;40849;0
64426;40807;40851;0
64429;40807;10832;1
64436;40807;40855;0
64437;40807;40856;0
64438;40807;4439;0
64439;40807;40723;0
64441;40807;6745;0
64443;40807;10841;0
64444;40807;40859;0
64448;40807;40728;1
64450;40807;40729;1
64455;40807;40865;0
64456;40807;40866;0
64460;40807;2511;1
64461;40807;40736;0
64466;40807;3012;1
64468;40807;39269;0
64469;40807;40739;1
64470;40807;40871;0
64471;40807;40872;0
64473;40807;40741;0
64474;40807;7067;0
64475;40807;40742;1
64479;40807;2514;0
64480;40807;8802;0
64485;40807;40876;1
64487;40807;2517;0
64493;40807;7078;1
64494;40807;14540;0
64496;40807;40879;0
64497;40807;40880;0
64499;40807;3786;0
64502;40807;7080;0
64506;40807;1451;0
64507;40807;7085;1
64509;40807;10870;0
64518;40807;40766;0
64523;40807;40885;0
64524;40807;12735;0
64526;40807;40887;0
64527;40807;7089;1
64528;40807;40888;0
64532;40807;10876;1
64535;40807;4982;0
64539;40807;40892;0
64541;40807;10888;1
64542;40807;40893;1
64543;40807;3019;1
64544;40807;40894;0
64545;40807;14559;0
64546;40807;40895;0
64547;40807;40896;1
64548;40807;40897;0
64550;40807;40898;0
64551;40807;40899;0
64552;40807;7098;0
64553;40807;40779;1
64557;40807;40900;0
64558;40807;40783;0
64559;40807;6467;0
64561;40807;19929;0
64562;40807;15092;1
64563;40807;40902;1
64566;40807;40905;0
64568;40807;2538;0
64570;40807;40906;1
64572;40807;2815;1
64574;40807;7109;1
64576;40807;40907;0
64579;40807;40909;0
64580;40807;40910;0
64581;40807;14893;0
64583;40807;40789;1
64584;40807;7112;1
64585;40807;40911;0
64587;40807;40912;1
64588;40807;7114;1
64590;40807;733;0
64591;40807;40792;1
64597;40807;7120;1
64600;40807;21375;1
64601;40807;32628;0
64602;40807;739;0
64604;40807;40919;0
64607;40807;40920;0
64608;40807;40921;1
64610;40807;40923;0
64612;40807;32109;0
64613;40807;40181;0
64615;40807;40926;0
64618;40807;744;0
64619;40807;38610;0
64621;40807;745;0
64623;40807;2322;0
64624;40807;7129;1
64626;40807;14610;0
64627;40807;3451;0
64628;40807;40931;0
64629;40807;8816;0
64630;40807;40932;0
64632;40807;3458;0
64635;40807;40936;1
64636;40807;40937;0
64637;40807;40938;0
64642;40807;6515;1
64643;40807;14632;0
64646;40807;40939;0
64647;40807;3528;0
64650;40807;26370;0
64651;40807;3025;0
64656;40807;9792;0
64657;40807;24038;0
64659;40807;807;0
64660;40807;39999;0
64663;40807;2782;0
64665;40807;39108;0
64667;40807;40945;0
64669;40807;1998;0
64670;40807;24174;0
64672;40807;3594;0
64673;40807;3695;0
64674;40807;14650;0
64675;40807;7184;0
64676;40807;40948;0
64679;40807;3610;0
64680;40807;19697;0
64682;40807;3621;0
64683;40807;40950;0
64684;40807;10984;1
64685;40807;7188;0
64686;40807;25807;0
64689;40807;9672;0
64692;40807;3220;0
64728;40807;199;0
64856;41007;1451;0
64859;41007;41010;0
64861;41007;41012;0
64862;41007;41013;0
64865;41007;41016;0
64866;41007;41017;0
64868;41007;41019;0
64869;41007;41020;0
64872;41007;41023;0
64874;41007;41025;0
64877;41007;41028;1
64879;41007;41030;0
64880;41007;27417;0
64881;41007;41031;0
64882;41007;41032;1
64883;41007;10062;0
64886;41007;41035;0
64893;41007;41039;0
64894;41007;41040;0
64895;41007;41041;1
64897;41007;41043;0
64898;41007;41044;1
64899;41007;41045;0
64900;41007;10067;1
64901;41007;7759;0
64905;41007;41049;0
64906;41007;41050;1
64907;41007;41051;0
64910;41007;41054;0
64916;41007;41060;0
64919;41007;41062;0
64920;41007;41063;0
64923;41007;16195;0
64931;41007;41072;0
64933;41007;36604;0
64936;41007;41076;0
64937;41007;41077;0
64938;41007;41078;0
64940;41007;36610;0
64941;41007;41080;0
64943;41007;12906;0
64946;41007;41084;0
64948;41007;41086;0
64951;41007;41088;0
64952;41007;41089;0
64953;41007;36621;1
64954;41007;41090;0
64956;41007;41091;1
64957;41007;10083;1
64960;41007;36630;0
64962;41007;41094;0
64964;41007;41096;1
64969;41007;41101;0
64971;41007;41103;0
64972;41007;10085;1
64974;41007;41105;0
64975;41007;41106;0
64977;41007;41108;0
64980;41007;41111;0
64981;41007;23193;0
64982;41007;36636;0
64983;41007;17154;0
64984;41007;41112;0
64985;41007;10087;1
64989;41007;36653;0
64995;41007;41120;1
65001;41007;10089;0
65002;41007;25563;0
65017;41007;39506;0
65021;41007;41132;0
65023;41007;32231;0
65032;41007;41140;1
65040;41007;41146;0
65041;41007;16585;0
65042;41007;12842;0
65043;41007;27688;0
65048;41007;2407;1
65053;41007;22007;1
65054;41007;32696;0
65055;41007;41152;0
65062;41007;9082;1
65063;41007;32237;0
65066;41007;41159;0
65067;41007;2027;0
65083;41007;41167;0
65096;41007;41178;0
65144;41220;41221;0
65149;41220;41226;0
65150;41220;41227;1
65151;41220;41228;0
65153;41220;41230;1
65154;41220;41231;0
65157;41220;41234;0
65158;41220;41235;0
65159;41220;41236;0
65161;41220;41238;1
65162;41220;41239;0
65164;41220;41241;0
65165;41220;41242;1
65166;41220;41243;0
65168;41220;41245;1
65169;41220;41246;0
65172;41220;41249;0
65175;41220;41252;0
65177;41220;41254;0
65178;41220;41255;0
65179;41220;41256;0
65180;41220;41257;0
65181;41220;41258;0
65184;41220;41261;0
65185;41220;41262;0
65188;41220;41264;0
65191;41220;41267;1
65193;41220;41269;0
65194;41220;41270;0
65195;41220;41271;0
65196;41220;41272;0
65197;41220;41273;1
65198;41220;41274;0
65199;41220;41275;0
65203;41220;41279;0
65204;41220;41280;0
65205;41220;10062;0
65206;41220;7346;0
65211;41220;41283;0
65212;41220;41284;0
65213;41220;41285;0
65215;41220;41043;0
65216;41220;41287;0
65217;41220;41288;0
65218;41220;41289;1
65220;41220;41044;0
65222;41220;41045;0
65223;41220;10067;1
65224;41220;41292;0
65225;41220;41293;0
65226;41220;41294;0
65228;41220;41296;0
65230;41220;41298;0
65231;41220;41050;0
65234;41220;32068;0
65235;41220;41300;0
65236;41220;41301;0
65237;41220;41302;0
65239;41220;36592;0
65240;41220;41303;0
65241;41220;41062;0
65245;41220;36595;0
65247;41220;16195;0
65248;41220;41307;0
65250;41220;41007;0
65253;41220;41309;0
65256;41220;41080;0
65257;41220;41311;0
65258;41220;32734;0
65260;41220;41312;0
65263;41220;41088;0
65265;41220;41091;1
65266;41220;10083;1
65267;41220;41103;0
65268;41220;10085;0
65269;41220;41108;0
65270;41220;36636;0
65271;41220;36653;0
65273;41220;41313;0
65275;41220;10089;0
65283;41220;41140;0
65288;41220;27688;0
65291;41220;41323;0
65294;41220;22007;0
65295;41220;32696;0
65296;41220;32237;0
65305;41220;14785;0
65322;41220;41343;0
65838;41672;41041;0
65840;41672;41673;0
65841;41672;10067;1
65843;41672;41050;0
65847;41672;41676;0
65849;41672;32036;0
65850;41672;41677;0
65851;41672;26073;0
65853;41672;9499;0
65854;41672;10079;0
65856;41672;36621;0
65857;41672;10083;0
65858;41672;41101;1
65859;41672;10085;0
65860;41672;10087;0
65861;41672;41678;0
65863;41672;41680;0
65865;41672;89;0
65867;41672;8682;0
65878;41672;105;0
65881;41672;36572;0
65882;41672;32237;1
65887;41672;9781;0
65889;41672;1068;0
65890;41672;25807;0
65897;41672;770;0
65917;41697;41708;0
65919;41697;41710;0
65926;41697;41717;0
65928;41697;41719;0
65930;41697;41721;0
65934;41697;41723;0
65936;41697;15040;0
65941;41697;41728;0
65944;41697;15043;0
65946;41697;41729;0
65948;41697;41731;0
65954;41697;14677;1
65955;41697;41736;0
65956;41697;41737;0
65959;41697;41739;0
65960;41697;41740;0
65964;41697;8893;0
65966;41697;41744;0
65969;41697;41747;0
65972;41697;2537;0
65974;41697;5364;0
65987;41697;41761;0
65988;41697;2815;0
65989;41697;41762;0
65993;41697;41766;1
65995;41697;41768;0
65996;41697;2545;0
65998;41697;41770;0
65999;41697;41771;0
66006;41697;9434;0
66011;41697;6081;0
66032;41697;41799;0
66033;41697;24294;0
66036;41697;41802;0
66038;41697;41803;0
66039;41697;41804;0
66040;41697;41805;0
66043;41697;739;1
66046;41697;41810;0
66047;41697;41811;0
66056;41697;41819;0
66067;41697;41828;1
66072;41697;41831;0
66074;41697;8982;0
66075;41697;17010;0
66078;41697;41045;0
66079;41697;41834;0
66083;41697;2581;0
66085;41697;17012;0
66088;41697;14600;0
66089;41697;41841;0
66090;41697;41842;0
66093;41697;41845;0
66099;41697;41851;0
66100;41697;41852;0
66101;41697;41853;0
66102;41697;41854;0
66103;41697;41855;0
66104;41697;41856;0
66105;41697;5413;0
66106;41697;41857;0
66107;41697;2721;0
66108;41697;41858;0
66109;41697;41859;0
66111;41697;5935;0
66114;41697;41863;0
66125;41697;41872;0
66127;41697;27073;1
66131;41697;1145;0
66136;41697;24308;1
66140;41697;24624;0
66141;41697;41881;0
66145;41697;41885;0
66146;41697;41886;0
66147;41697;8663;0
66148;41697;23693;0
66152;41697;17024;0
66153;41697;41890;0
66155;41697;41892;1
66156;41697;15256;0
66157;41697;40444;0
66161;41697;17025;0
66163;41697;12301;0
66167;41697;17027;1
66168;41697;41896;0
66171;41697;41897;1
66172;41697;1722;0
66175;41697;39506;1
66177;41697;1027;0
66178;41697;41900;0
66180;41697;41901;0
66181;41697;16673;0
66182;41697;25147;0
66185;41697;22784;0
66190;41697;28905;1
66194;41697;8682;0
66195;41697;41909;0
66200;41697;32694;0
66202;41697;93;0
66209;41697;4416;1
66210;41697;41916;0
66211;41697;2407;1
66212;41697;14868;0
66213;41697;41917;0
66218;41697;1057;0
66220;41697;4216;1
66226;41697;2431;0
66229;41697;22075;0
66230;41697;2838;0
66256;41697;2642;0
66265;41697;770;1
66267;41697;199;0
66432;1145;16661;0
66433;1145;24308;0
66434;1145;41886;0
66435;1145;8663;0
66436;1145;42048;1
66437;1145;42049;0
66440;1145;4376;0
66443;1145;41890;0
66449;1145;40444;0
66452;1145;17025;0
66453;1145;12301;0
66457;1145;17027;1
66458;1145;41896;1
66462;1145;27104;0
66465;1145;42058;0
66466;1145;42059;0
66468;1145;42061;0
66469;1145;18114;0
66474;1145;20164;0
66477;1145;41900;0
66478;1145;42065;0
66479;1145;20171;0
66480;1145;25147;0
66490;1145;38059;0
66494;1145;42070;0
66495;1145;41909;0
66496;1145;38896;0
66499;1145;24644;0
66500;1145;22691;0
66501;1145;16585;0
66502;1145;9335;0
66505;1145;29176;1
66507;1145;12842;0
66510;1145;28681;0
66512;1145;4416;1
66513;1145;14868;1
66514;1145;2407;1
66515;1145;42036;1
66517;1145;41917;0
66520;1145;8031;0
66522;1145;42077;1
66524;1145;10564;0
66532;1145;4216;1
66534;1145;2421;0
66536;1145;39911;0
66539;1145;40075;0
66543;1145;2431;1
66546;1145;22901;0
66549;1145;3626;0
66550;1145;1069;0
66552;1145;126;0
66764;42151;42152;0
66772;42151;42160;0
66782;42168;3012;0
66785;42168;1451;0
66787;42168;15092;0
66789;42168;40909;0
66792;42168;7120;0
66793;42168;21375;0
66794;42168;42173;0
66795;42168;42174;0
66798;42168;40926;0
66799;42168;42176;0
66800;42168;7129;0
66801;42168;42177;0
66803;42168;40937;0
66810;42168;39422;0
66811;42168;40945;0
66812;42168;3586;1
66814;42168;7184;0
66815;42168;30007;0
66818;42168;10984;0
66819;42168;22075;0
67071;42359;42375;0
67178;42359;42471;0
67233;42359;9546;1
67260;42533;42539;0
67261;42533;42540;0
67263;42533;31969;0
67268;42533;42545;0
67273;42533;2491;0
67278;42533;6209;0
67290;42533;14207;0
67291;42533;42561;0
67292;42533;42562;0
67295;42533;30195;0
67308;42533;3197;0
67309;42533;42575;0
67321;42533;1068;0
67322;42533;9029;0
67329;42533;2444;0
67335;42533;827;0
67339;42533;2067;0
67340;42533;42594;0
67364;42533;4542;0
67425;42533;9546;1
67429;42652;42654;0
67433;42652;7153;0
67443;42652;42664;0
67449;42652;5178;0
67460;42652;10647;0
67463;42652;2431;0
67464;42652;1764;0
67467;42652;42673;0
67475;42652;25335;0
67486;42652;2443;0
67498;42652;42692;0
67514;42652;12495;0
67515;42652;42702;1
67517;42652;42703;0
67546;42652;42726;0
67547;42652;42727;0
67553;42652;2150;0
67554;42652;42733;0
67588;42755;7759;1
67590;42755;42760;0
67593;42755;36621;0
67599;42755;42766;0
67601;42755;7141;0
67605;42755;2759;0
67607;42755;6515;0
67611;42755;11595;0
67614;42755;42776;0
67615;42755;7153;0
67616;42755;23216;0
67622;42755;8680;0
67624;42755;9777;0
67627;42755;42781;0
67631;42755;42783;1
67641;42755;36761;0
67642;42755;10568;0
67644;42755;42789;0
67655;42755;9082;1
67670;42755;42805;0
67673;42755;42807;0
67675;42755;25335;0
67680;42755;42812;0
67683;42755;7784;1
67684;42755;42815;0
67694;42755;2443;0
67696;42755;2444;0
67697;42755;42823;0
67701;42755;42824;0
67723;42755;2067;0
67731;42755;14786;0
67733;42755;42842;0
67734;42755;8716;0
67741;42755;36229;0
67742;42755;9376;0
67743;42755;38251;0
67753;42755;42853;0
67755;42755;36871;0
67821;42892;42893;0
67825;42892;42897;0
67826;42892;42898;0
67827;42892;42899;0
67828;42892;42900;0
67832;42892;42903;0
67833;42892;24639;0
67836;42892;39989;0
67838;42892;3693;0
67841;42892;42908;1
67869;26376;41152;0
67874;26376;20205;0
67876;26376;10456;0
67880;26376;1068;1
67884;26376;27820;0
67885;26376;14785;0
67886;26376;1630;0
67890;26376;27822;0
67893;26376;42933;0
67924;42939;42955;1
67947;27848;42976;0
67949;27848;27581;0
67950;27848;27582;0
67953;27848;42979;0
67954;27848;27586;0
67956;27848;27738;0
67975;27848;27876;1
67978;27848;26362;1
67979;27848;27881;1
67980;27848;27668;1
67981;27848;27670;0
67983;27848;42983;0
67985;27848;27886;0
67987;27848;9832;0
67989;27848;42985;0
67992;27848;27675;0
67996;27848;27771;0
67997;27848;27773;1
68002;27848;26369;0
68003;27848;7411;1
68004;27848;26370;1
68006;27848;27684;1
68010;27848;23231;1
68021;27848;93;0
68022;27848;27901;1
68024;27848;27691;1
68026;27848;2399;0
68031;27848;3560;0
68034;27848;26379;0
68040;27848;27695;0
68043;27848;8031;0
68047;27848;27803;0
68051;27848;7422;0
68053;27848;1170;0
68055;27848;21634;0
68063;27848;7895;0
68064;27848;42995;0
68076;27848;2025;0
68077;27848;20205;0
68078;27848;2431;1
68081;27848;8700;0
68082;27848;42998;0
68084;27848;10456;1
68086;27848;27816;0
68087;27848;15669;0
68089;27848;4017;0
68098;27848;2046;0
68100;27848;7784;0
68101;27848;5782;0
68102;27848;1068;1
68103;27848;27818;0
68105;27848;37167;0
68109;27848;2443;1
68110;27848;1070;0
68111;27848;2444;1
68117;27848;1630;1
68122;27848;3635;0
68123;27848;3640;0
68127;27848;2458;0
68129;27848;38779;0
68130;27848;38247;0
68131;27848;12495;0
68208;43034;43040;0
68222;43034;43046;0
68228;43034;43051;0
68238;43034;32237;0
68262;43063;43067;1
68263;43063;43068;0
68270;43063;37602;0
68271;43063;14632;0
68272;43063;43073;0
68274;43063;17168;0
68275;43063;24137;0
68277;43063;14650;0
68280;43063;7784;1
68317;43103;43104;0
68319;43103;43106;0
68322;43103;43109;0
68323;43103;43110;0
68324;43103;27554;0
68327;43103;43113;0
68330;43103;27737;0
68331;43103;27738;0
68332;43103;37594;0
68337;43103;43116;0
68339;43103;43117;0
68341;43103;27878;1
68346;43103;27894;0
68349;43103;5969;0
68355;43103;27696;1
68357;43103;7422;1
68361;43103;3197;1
68363;43103;10456;0
68366;43103;1068;1
68367;43103;126;0
68368;43103;1630;0
68369;43103;2447;1
68372;43103;770;0
68380;43124;43126;0
68388;43124;6793;0
68389;43124;43131;0
68393;43124;41819;0
68394;43124;43135;0
68395;43124;43136;0
68401;43124;43141;0
68404;43124;43144;0
68405;43124;43145;0
68409;43124;43148;1
68413;43124;36109;0
68414;43124;441;0
68418;43124;43153;0
68419;43124;43154;0
68420;43124;43155;0
68422;43124;43157;0
68423;43124;43158;0
68424;43124;42024;0
68426;43124;43160;0
68428;43124;43162;0
68430;43124;43164;0
68435;43124;43167;0
68437;43124;43169;0
68438;43124;43170;0
68439;43124;42031;0
68443;43124;43172;0
68445;43124;43174;0
68447;43124;43175;0
68449;43124;39506;0
68455;43124;43180;0
68456;43124;43181;0
68458;43124;43183;0
68465;43124;43185;1
68467;43124;43186;1
68470;43124;43188;0
68473;43124;8031;1
68480;43124;43191;0
68482;43124;39910;0
68484;43124;2431;1
68485;43124;24198;0
68490;43124;2443;1
68491;43124;2444;1
68494;43124;16223;0
68518;43202;1451;1
68526;43202;39999;1
68565;43202;9546;0
68576;32718;43251;0
68577;32718;43252;0
68581;32718;43255;1
68606;32718;43278;1
68645;32718;43316;0
68786;20352;43429;0
68788;20352;43431;0
68795;20352;43436;0
68798;20352;16195;0
68815;20352;12906;0
68824;20352;43455;0
68825;20352;43456;1
68866;20352;20362;0
68879;20352;9777;0
68893;20352;36731;0
68908;20352;43509;0
68912;20352;32237;0
68913;20352;3197;0
68920;20352;15012;0
68922;20352;20387;0
68930;20352;19638;0
68940;20352;38512;0
68950;43529;43535;0
68952;43529;43537;0
68953;43529;43538;1
68957;43529;43542;0
68961;43529;807;0
68962;43529;40054;0
68964;43529;3584;0
68965;43529;1998;0
68966;43529;105;1
68968;43529;27128;0
68970;43529;43547;0
68971;43529;37123;0
68973;43529;33283;1
68977;43529;39430;0
68978;43529;3609;0
68979;43529;19697;0
68983;43529;38776;0
68987;43529;3619;1
68989;43529;3620;0
68993;43529;43557;1
68994;43529;43558;0
68997;43529;3625;0
69000;43529;28689;0
69002;43529;8514;0
69003;43529;2447;0
69006;43529;2458;0
69050;43585;1451;0
69065;43585;43598;0
69069;43585;43601;0
69073;43585;43605;0
69074;43585;43606;0
69077;43585;43609;0
69084;43585;27739;0
69085;43585;43616;0
69088;43585;11583;0
69090;43585;38494;1
69091;43585;43620;0
69099;43585;43628;0
69101;43585;43630;0
69102;43585;11589;0
69103;43585;43631;1
69118;43585;43645;0
69119;43585;43646;0
69125;43585;43652;0
69134;43585;43661;0
69136;43585;7397;1
69139;43585;43665;0
69142;43585;13714;0
69144;43585;7400;0
69146;43585;38048;0
69153;43585;43675;0
69158;43585;43677;0
69161;43585;23231;0
69166;43585;43681;0
69170;43585;27691;0
69172;43585;23377;1
69175;43585;3901;0
69176;43585;23379;0
69183;43585;27696;0
69184;43585;43687;0
69186;43585;759;1
69187;43585;9839;0
69194;43585;1759;0
69196;43585;5772;0
69198;43585;27811;0
69200;43585;3197;0
69205;43585;10456;0
69208;43585;4017;0
69211;43585;11080;0
69215;43585;2496;0
69223;43585;43705;0
69227;43585;3640;0
69231;43585;762;1
69233;43585;4542;0
69237;43585;16849;0
69328;43784;12896;0
69330;43784;3575;0
69331;43784;43786;0
69338;43784;6366;0
69339;43784;43788;0
69341;43784;43790;0
69344;43784;2789;0
69371;43784;43808;0
69373;43784;283;1
69393;43784;4623;0
69405;43784;2067;1
69409;43784;15320;0
69422;43784;879;0
69454;43784;3773;0
69460;43784;4048;1
69487;43784;43867;1
69533;43784;42726;0
69930;43987;43989;0
69931;43987;43990;0
69934;43987;43993;0
69935;43987;43994;0
69938;43987;43997;0
69941;43987;44000;0
69943;43987;44001;0
69946;43987;44004;0
69947;43987;44005;0
69948;43987;44006;0
69949;43987;44007;0
69950;43987;44008;0
69951;43987;44009;0
69953;43987;44011;0
69954;43987;44012;0
69957;43987;44015;0
69960;43987;44018;0
69961;43987;8629;0
69964;43987;44021;0
69965;43987;44022;0
69966;43987;44023;0
69968;43987;3851;0
69977;43987;32679;0
69980;43987;44034;0
69981;43987;44035;0
69983;43987;44036;0
69989;43987;44042;0
69991;43987;44044;0
69994;43987;44047;0
69997;43987;44049;0
69998;43987;36966;0
70002;43987;44053;0
70003;43987;41090;0
70004;43987;44054;0
70005;43987;44055;0
70008;43987;44057;0
70009;43987;44058;0
70012;43987;44060;0
70016;43987;14633;0
70017;43987;44064;0
70018;43987;8677;0
70019;43987;44065;0
70025;43987;44070;0
70027;43987;8694;0
70032;43987;2407;0
70035;43987;27803;0
70041;43987;44079;0
70044;43987;44081;0
70048;43987;10456;0
70051;43987;1068;0
70058;43987;1630;0
70059;43987;2067;0
70061;43987;44089;0
70074;43987;44101;0
70160;44155;335;0
70162;44155;44164;0
70180;44180;44181;0
70181;44180;44182;1
70183;44180;44184;0
70185;44180;44186;0
70189;44180;44190;0
70195;44180;44196;0
70202;44180;44203;0
70213;44180;44212;0
70443;44394;44397;0
70445;44394;44398;0
70446;44394;44399;0
70448;44394;44401;0
70452;44394;44404;0
70453;44394;23817;0
70457;44394;14420;0
70458;44394;44408;0
70459;44394;739;0
70462;44394;15596;0
70463;44394;3023;0
70466;44394;44412;0
70467;44394;44413;0
70469;44394;44415;0
70471;44394;5061;0
70472;44394;44416;0
70473;44394;44417;0
70475;44394;23651;0
70477;44394;23319;0
70479;44394;32802;1
70480;44394;39310;0
70483;44394;44420;0
70484;44394;44421;0
70487;44394;23111;1
70488;44394;44423;0
70494;44394;44428;0
70497;44394;44431;0
70498;44394;12903;0
70500;44394;44432;0
70501;44394;44433;0
70503;44394;28662;0
70505;44394;8661;0
70508;44394;44437;0
70509;44394;27735;0
70510;44394;32812;0
70511;44394;28663;0
70512;44394;44438;0
70513;44394;44439;0
70514;44394;37404;0
70515;44394;15628;0
70519;44394;44441;0
70521;44394;32122;0
70522;44394;39316;0
70523;44394;44443;0
70524;44394;37408;0
70533;44394;44449;0
70534;44394;44450;0
70539;44394;5086;0
70542;44394;5870;0
70543;44394;28676;0
70544;44394;44456;0
70546;44394;40455;0
70549;44394;44458;0
70554;44394;44462;0
70556;44394;44464;0
70560;44394;23857;0
70562;44394;31976;0
70563;44394;44466;0
70566;44394;44467;0
70573;44394;44473;0
70578;44394;12842;0
70580;44394;1224;0
70584;44394;38767;0
70586;44394;39105;0
70588;44394;2407;0
70589;44394;39341;0
70591;44394;10185;0
70592;44394;10189;0
70594;44394;44481;0
70596;44394;44483;0
70605;44394;2431;0
70609;44394;44492;0
70611;44394;38776;0
70614;44394;44496;0
70621;44394;1068;0
70623;44394;27818;0
70628;44394;1630;0
70629;44394;44505;0
70634;44394;3640;0
70636;44394;15673;0
70637;44394;44507;1
70638;44394;9376;0
70642;44394;44509;0
70643;44394;44510;0
70645;44394;44512;0
70669;44394;44528;0
70676;44394;2150;0
70691;44394;770;0
70712;16722;44556;0
70713;16722;44557;0
70714;16722;44558;0
70715;16722;22932;0
70716;16722;44559;0
70717;16722;44560;0
70718;16722;44561;0
70719;16722;44562;0
70720;16722;44563;0
70721;16722;44564;0
70722;16722;44565;0
70723;16722;22934;0
70724;16722;44566;0
70725;16722;44567;0
70730;16722;44572;0
70731;16722;44573;0
70732;16722;44574;0
70733;16722;44575;0
70737;16722;32773;0
70739;16722;44580;0
70740;16722;44581;0
70742;16722;44583;0
70743;16722;44584;0
70745;16722;44585;0
70747;16722;44587;0
70749;16722;44588;0
70750;16722;44589;0
70751;16722;44590;0
70752;16722;44591;0
70753;16722;22958;0
70754;16722;44592;0
70756;16722;44594;0
70758;16722;44596;0
70759;16722;44597;0
70760;16722;44598;0
70761;16722;44599;0
70764;16722;44602;1
70767;16722;44604;0
70768;16722;8022;1
70769;16722;44605;0
70770;16722;44606;1
70771;16722;44607;0
70772;16722;44608;0
70773;16722;44609;1
70774;16722;44610;0
70777;16722;22976;0
70780;16722;44615;0
70781;16722;44616;0
70782;16722;44398;1
70783;16722;44617;1
70784;16722;44618;0
70792;16722;44625;0
70795;16722;44628;0
70800;16722;44633;0
70801;16722;44634;1
70803;16722;44636;0
70804;16722;44637;0
70806;16722;44639;0
70807;16722;44640;1
70808;16722;44641;0
70809;16722;14420;0
70810;16722;44642;1
70812;16722;44644;0
70813;16722;44645;1
70814;16722;44646;1
70815;16722;44647;0
70816;16722;16398;0
70817;16722;739;0
70819;16722;44649;0
70820;16722;44650;0
70824;16722;17006;0
70825;16722;44653;0
70827;16722;44655;0
70828;16722;44656;1
70829;16722;31938;0
70832;16722;36956;0
70833;16722;44658;0
70834;16722;44659;0
70835;16722;44660;1
70836;16722;5061;0
70837;16722;23000;0
70838;16722;44661;1
70839;16722;44662;0
70840;16722;10067;0
70842;16722;44664;1
70843;16722;11552;0
70845;16722;14600;0
70850;16722;44668;0
70852;16722;25708;0
70853;16722;44669;1
70857;16722;27555;0
70867;16722;40201;0
70869;16722;8029;0
70871;16722;44677;1
70873;16722;44679;0
70880;16722;37408;1
70881;16722;44684;0
70888;16722;36140;0
70895;16722;754;0
70896;16722;32227;0
70897;16722;44693;1
70901;16722;44695;0
70906;16722;38048;0
70908;16722;44699;0
70910;16722;44700;0
70911;16722;31976;0
70914;16722;44703;0
70917;16722;16449;0
70921;16722;44706;1
70926;16722;5968;0
70930;16722;7418;0
70933;16722;5969;0
70941;16722;2407;1
70942;16722;5972;0
70954;16722;759;0
70955;16722;16819;0
70962;16722;32237;0
70963;16722;31534;0
70964;16722;16828;0
70975;16722;824;1
70979;16722;8708;1
70981;16722;7784;0
70996;16722;44507;0
70997;16722;9376;1
71000;16722;762;0
71033;16722;770;0
71044;43628;44764;0
71045;43628;44765;0
71047;43628;7396;0
71048;43628;7397;0
71049;43628;43117;0
71052;43628;44767;0
71055;43628;43665;0
71059;43628;27761;0
71060;43628;7400;1
71062;43628;44773;0
71064;43628;44775;0
71069;43628;44778;1
71070;43628;44779;0
71071;43628;26369;0
71072;43628;44780;0
71075;43628;44781;0
71078;43628;44784;1
71083;43628;44787;0
71084;43628;44788;0
71085;43628;44789;0
71088;43628;44792;0
71090;43628;44794;0
71092;43628;27690;0
71093;43628;23377;1
71097;43628;44797;0
71101;43628;27696;1
71103;43628;7422;0
71104;43628;23391;0
71109;43628;16219;0
71111;43628;27811;0
71140;43628;1630;0
71147;43628;44839;0
71179;43628;2150;1
71208;44883;44891;0
71210;44883;4982;0
71223;44883;2815;0
71224;44883;7967;0
71228;44883;44905;0
71235;44883;6263;0
71237;44883;44911;0
71238;44883;44912;0
71240;44883;6266;0
71244;44883;739;0
71247;44883;44917;0
71248;44883;44918;0
71250;44883;44920;0
71255;44883;44925;0
71262;44883;44929;0
71263;44883;2699;0
71264;44883;44930;0
71268;44883;44933;0
71269;44883;10066;0
71271;44883;44935;0
71274;44883;6277;0
71275;44883;44938;0
71278;44883;20062;0
71280;44883;6189;0
71282;44883;44942;0
71283;44883;8993;0
71284;44883;44943;0
71285;44883;44944;0
71287;44883;44946;0
71290;44883;4146;1
71293;44883;41845;0
71294;44883;4365;1
71298;44883;41853;0
71299;44883;44951;0
71300;44883;41855;0
71301;44883;44952;1
71304;44883;44955;0
71305;44883;41859;0
71306;44883;16195;0
71307;44883;44956;0
71309;44883;6287;0
71313;44883;44959;1
71316;44883;44961;0
71317;44883;44962;0
71318;44883;748;0
71319;44883;5076;1
71320;44883;44963;0
71322;44883;3449;0
71327;44883;4164;0
71329;44883;44967;0
71330;44883;27073;0
71332;44883;44969;1
71335;44883;1145;0
71344;44883;10081;0
71346;44883;41091;0
71349;44883;44979;0
71352;44883;42049;0
71354;44883;44982;0
71356;44883;44984;0
71357;44883;4376;0
71358;44883;17024;0
71360;44883;41890;0
71364;44883;44987;0
71365;44883;14342;0
71366;44883;6202;1
71368;44883;40444;0
71374;44883;41896;0
71375;44883;38040;0
71377;44883;42058;0
71378;44883;44992;0
71383;44883;6060;0
71385;44883;39506;0
71386;44883;3519;0
71387;44883;3722;0
71388;44883;42127;0
71391;44883;27675;0
71397;44883;89;0
71398;44883;41909;0
71405;44883;1959;1
71406;44883;29176;0
71407;44883;4198;1
71411;44883;45003;0
71412;44883;12842;0
71413;44883;9025;1
71415;44883;807;1
71421;44883;45007;0
71422;44883;4416;0
71424;44883;2407;1
71426;44883;42036;0
71429;44883;868;0
71432;44883;42077;0
71434;44883;5179;0
71436;44883;11465;1
71438;44883;45012;1
71442;44883;4216;1
71443;44883;5772;0
71446;44883;36764;0
71448;44883;45013;0
71453;44883;2431;0
71458;44883;45016;0
71461;44883;1068;0
71462;44883;45018;0
71466;44883;2443;0
71479;44883;879;0
71488;44883;38293;0
71496;44883;4050;0
71505;44883;8033;0
71520;44883;770;1
71521;44883;6399;0
71543;40181;1451;1
71549;40181;6277;0
71557;40181;45065;0
71579;40181;15616;0
71585;40181;32115;0
71587;40181;3457;0
71597;40181;45093;0
71603;40181;45098;0
71604;40181;20755;0
71607;40181;45099;0
71613;40181;45104;0
71616;40181;45106;0
71618;40181;45108;0
71619;40181;45109;0
71621;40181;45111;0
71625;40181;3145;0
71626;40181;15629;0
71637;40181;45122;0
71638;40181;45123;0
71639;40181;7141;1
71640;40181;45124;1
71643;40181;45126;0
71645;40181;45128;0
71648;40181;2382;0
71663;40181;45134;1
71667;40181;7144;1
71669;40181;45137;0
71671;40181;45139;0
71684;40181;45147;0
71686;40181;4405;0
71687;40181;45149;0
71693;40181;45152;0
71695;40181;3515;0
71696;40181;45154;0
71711;40181;45163;0
71712;40181;45164;0
71714;40181;30162;0
71715;40181;45165;0
71716;40181;44699;0
71717;40181;7154;1
71719;40181;3520;0
71722;40181;45168;0
71727;40181;37274;0
71731;40181;27765;0
71732;40181;27668;0
71735;40181;3525;0
71736;40181;640;0
71738;40181;45175;0
71739;40181;45176;0
71740;40181;45177;0
71741;40181;3528;0
71747;40181;45181;0
71748;40181;45182;0
71759;40181;3529;0
71767;40181;45194;0
71768;40181;6208;0
71770;40181;45195;0
71771;40181;45196;0
71778;40181;3025;0
71781;40181;45201;0
71782;40181;45202;0
71786;40181;45204;0
71788;40181;7162;1
71789;40181;45205;0
71795;40181;7163;1
71814;40181;45221;0
71822;40181;3545;0
71823;40181;24114;0
71827;40181;39986;0
71830;40181;3550;0
71831;40181;30187;0
71833;40181;39989;0
71835;40181;45228;0
71839;40181;45231;0
71841;40181;45233;0
71843;40181;24120;0
71844;40181;45234;0
71846;40181;45235;0
71848;40181;45237;0
71849;40181;27787;0
71852;40181;39999;0
71854;40181;43186;0
71856;40181;45241;0
71861;40181;45244;0
71867;40181;45246;0
71868;40181;24137;1
71869;40181;3559;1
71870;40181;3560;0
71873;40181;24140;0
71877;40181;14207;0
71878;40181;3561;0
71882;40181;32146;0
71883;40181;45250;0
71888;40181;45254;0
71889;40181;3564;0
71890;40181;3565;0
71891;40181;22694;0
71893;40181;27797;0
71895;40181;45255;0
71899;40181;1235;0
71900;40181;8822;0
71901;40181;3568;0
71902;40181;24158;0
71906;40181;30195;1
71913;40181;45263;0
71916;40181;45265;0
71921;40181;3576;0
71922;40181;40945;0
71923;40181;7174;1
71926;40181;3580;0
71929;40181;3581;0
71938;40181;2417;0
71940;40181;3584;0
71941;40181;45276;0
71942;40181;3589;0
71943;40181;3694;0
71945;40181;24174;1
71947;40181;23392;0
71951;40181;3592;1
71952;40181;39910;0
71953;40181;7180;0
71954;40181;2007;1
71955;40181;3695;0
71959;40181;7183;1
71965;40181;24194;0
71967;40181;20205;0
71969;40181;7186;1
71971;40181;45279;0
71972;40181;16828;0
71973;40181;25795;0
71974;40181;39430;0
71975;40181;3610;0
71978;40181;24216;0
71979;40181;5782;0
71980;40181;1068;0
71983;40181;3625;0
71985;40181;1630;0
71988;40181;38658;0
71989;40181;38659;0
72010;40181;37553;0
72276;45361;1451;0
72279;45361;7098;0
72280;45361;45363;0
72281;45361;40783;0
72284;45361;40906;0
72285;45361;45365;0
72289;45361;7109;0
72291;45361;45368;0
72292;45361;45369;1
72294;45361;40909;0
72296;45361;40789;1
72297;45361;7112;0
72298;45361;40911;0
72299;45361;40912;0
72300;45361;45371;0
72302;45361;7114;0
72303;45361;45373;0
72304;45361;8635;0
72305;45361;45374;0
72307;45361;45375;0
72310;45361;12800;0
72311;45361;45378;0
72312;45361;7120;1
72320;45361;8639;0
72321;45361;45385;0
72322;45361;45386;0
72324;45361;45388;0
72325;45361;739;1
72328;45361;45390;0
72329;45361;45391;0
72330;45361;40920;0
72332;45361;45393;0
72334;45361;45395;0
72339;45361;40181;0
72340;45361;45399;0
72342;45361;40926;0
72346;45361;39309;0
72352;45361;45406;0
72355;45361;45407;0
72356;45361;45408;0
72357;45361;45409;0
72360;45361;45412;0
72363;45361;7129;0
72368;45361;7131;0
72370;45361;45419;0
72371;45361;8816;0
72372;45361;45420;0
72373;45361;45421;0
72374;45361;3458;1
72380;45361;7134;0
72381;45361;45425;0
72382;45361;45426;1
72383;45361;40936;1
72385;45361;45428;0
72390;45361;751;0
72392;45361;32119;0
72393;45361;45432;0
72394;45361;7137;0
72396;45361;40937;0
72397;45361;45434;0
72398;45361;45435;0
72402;45361;32041;0
72404;45361;45439;0
72407;45361;7141;1
72408;45361;38409;1
72410;45361;38410;1
72412;45361;44336;0
72414;45361;45444;0
72416;45361;7144;0
72417;45361;6515;1
72418;45361;45445;0
72424;45361;7151;0
72427;45361;1581;0
72428;45361;7154;1
72431;45361;3527;0
72432;45361;3528;0
72433;45361;30169;0
72434;45361;1733;0
72435;45361;3529;0
72437;45361;7159;0
72441;45361;45451;0
72447;45361;93;1
72450;45361;7167;0
72453;45361;3559;0
72456;45361;45457;0
72457;45361;8822;1
72458;45361;3568;0
72462;45361;21403;0
72464;45361;3579;0
72467;45361;3581;0
72472;45361;1998;0
72473;45361;24174;0
72476;45361;20202;1
72477;45361;2007;0
72479;45361;7184;1
72481;45361;40948;0
72483;45361;25790;0
72484;45361;3600;1
72486;45361;20205;0
72487;45361;2431;0
72489;45361;3607;0
72490;45361;7186;0
72491;45361;25795;0
72492;45361;3609;0
72493;45361;3610;0
72494;45361;45461;0
72498;45361;40950;0
72499;45361;10984;0
72501;45361;30202;0
72502;45361;8708;0
72503;45361;1264;0
72504;45361;3625;0
72505;45361;7188;0
72508;45361;3635;0
72510;45361;38659;0
72535;45361;770;0
72537;45361;3560;0
73046;3025;45228;0
73047;3025;3559;1
73048;3025;45250;0
73049;3025;45599;0
73050;3025;3693;0
73051;3025;3568;1
73052;3025;24158;0
73054;3025;30195;0
73060;3025;3580;0
73066;3025;45276;0
73067;3025;3694;0
73069;3025;24174;0
73071;3025;3592;0
73072;3025;7180;1
73073;3025;2007;1
73077;3025;7183;0
73080;3025;7186;1
73081;3025;25795;0
73082;3025;3610;0
73084;3025;8708;0
73087;3025;3625;0
73089;3025;38659;0
73090;3025;879;0
73094;3025;3560;0
73097;45721;45722;0
73098;45721;45723;0
73099;45721;32115;1
73102;45721;45109;0
73103;45721;7141;1
73104;45721;45726;1
73105;45721;45727;1
73106;45721;45728;0
73107;45721;45729;1
73109;45721;7144;1
73111;45721;45731;0
73112;45721;45732;0
73114;45721;45733;1
73115;45721;45163;0
73117;45721;45734;0
73120;45721;7154;0
73122;45721;45176;1
73123;45721;45177;0
73125;45721;3529;1
73126;45721;45343;1
73129;45721;3025;1
73130;45721;45202;0
73133;45721;7162;1
73136;45721;45738;0
73137;45721;45739;0
73140;45721;24114;0
73142;45721;36730;0
73143;45721;39989;0
73144;45721;45228;0
73146;45721;45231;0
73147;45721;45233;0
73148;45721;24120;0
73150;45721;45244;0
73152;45721;3559;1
73153;45721;24137;0
73154;45721;3560;0
73155;45721;45250;1
73157;45721;3568;1
73159;45721;30195;0
73161;45721;45740;0
73164;45721;40945;0
73165;45721;45742;1
73166;45721;3580;1
73167;45721;7175;0
73169;45721;2417;1
73170;45721;3589;0
73172;45721;45743;0
73173;45721;7180;0
73174;45721;2007;1
73177;45721;20205;0
73178;45721;7186;0
73179;45721;15668;0
73180;45721;3609;0
73181;45721;3610;1
73182;45721;15669;0
73184;45721;8708;0
73185;45721;24216;0
73203;16101;45753;0
73208;16101;807;0
73210;16101;6350;0
73234;16101;2410;1
73235;16101;6222;0
73240;16101;105;1
73256;16101;819;1
73257;16101;27128;1
73259;16101;6252;0
73260;16101;24182;1
73261;16101;45776;0
73263;16101;2428;1
73264;16101;36572;0
73265;16101;38203;0
73266;16101;6374;0
73272;16101;6531;0
73274;16101;45778;0
73275;16101;12400;0
73277;16101;2433;0
73278;16101;19697;0
73279;16101;6379;0
73284;16101;36580;0
73285;16101;45781;0
73290;16101;27131;0
73293;16101;32152;0
73298;16101;286;0
73303;16101;10386;0
73305;16101;129;1
73306;16101;8514;0
73309;16101;2067;0
73312;16101;879;0
73313;16101;2455;0
73314;16101;9376;0
73326;16101;335;0
73351;199;45808;1
73352;199;45809;0
73354;199;45811;0
73355;199;45812;0
73356;199;45813;1
73357;199;45814;0
73358;199;45815;0
73359;199;45816;0
73360;199;65;0
73361;199;45817;0
73362;199;15800;0
73364;199;32437;0
73365;199;45819;1
73368;199;45821;0
73369;199;45822;0
73370;199;14169;0
73371;199;2752;1
73373;199;45823;0
73375;199;10149;0
73382;199;12433;0
73385;199;45830;0
73390;199;7145;0
73392;199;2758;0
73393;199;2759;0
73395;199;32129;0
73397;199;5870;0
73399;199;45834;0
73400;199;45835;0
73403;199;7149;0
73406;199;14944;0
73410;199;43538;0
73412;199;6248;0
73414;199;45837;0
73415;199;45838;0
73416;199;38166;0
73417;199;7155;0
73418;199;37663;0
73419;199;45839;0
73420;199;17160;0
73422;199;45840;0
73425;199;17162;1
73426;199;23220;0
73431;199;32134;0
73435;199;7160;0
73436;199;89;0
73440;199;16101;0
73442;199;43542;0
73443;199;45843;0
73445;199;93;1
73446;199;807;0
73448;199;95;0
73450;199;2780;0
73452;199;2782;0
73453;199;17168;0
73454;199;3559;0
73455;199;2783;0
73456;199;6525;0
73461;199;3693;0
73467;199;10187;0
73468;199;102;0
73470;199;45849;0
73472;199;1997;0
73473;199;45851;0
73474;199;105;0
73477;199;27128;0
73479;199;24182;0
73484;199;2431;0
73485;199;3608;0
73487;199;12400;0
73488;199;27130;1
73490;199;19697;0
73492;199;1767;0
73493;199;27131;0
73496;199;32152;0
73499;199;1070;1
73502;199;1071;0
73503;199;129;0
73504;199;8514;0
73517;199;335;0
73549;45875;45878;0
73551;45875;45880;0
73552;45875;45881;0
73554;45875;45883;0
73555;45875;45884;0
73556;45875;45885;0
73557;45875;45886;0
73559;45875;45888;0
73560;45875;45889;0
73561;45875;45890;0
73564;45875;45893;0
73566;45875;45895;0
73567;45875;45896;0
73568;45875;45897;0
73569;45875;45898;1
73571;45875;45900;0
73576;45875;45904;0
73577;45875;45905;1
73578;45875;45906;0
73579;45875;45907;1
73581;45875;45908;1
73582;45875;45909;1
73583;45875;45910;1
73587;45875;45914;0
73588;45875;17073;0
73589;45875;45915;0
73590;45875;45916;0
73591;45875;45917;0
73592;45875;45918;1
73593;45875;45919;0
73594;45875;45920;0
73595;45875;45921;0
73596;45875;32606;0
73597;45875;45922;1
73598;45875;45923;1
73599;45875;45924;0
73600;45875;45925;0
73602;45875;45927;0
73604;45875;45929;0
73605;45875;45930;0
73606;45875;32614;0
73608;45875;45932;0
73609;45875;45933;0
73611;45875;17091;0
73613;45875;45936;1
73614;45875;17094;0
73615;45875;45937;0
73616;45875;45938;0
73617;45875;45939;0
73618;45875;45940;0
73620;45875;45942;0
73621;45875;32617;0
73622;45875;45943;0
73623;45875;45944;0
73626;45875;32103;0
73627;45875;45947;0
73629;45875;45949;0
73630;45875;5913;0
73631;45875;45950;1
73632;45875;45951;0
73634;45875;45953;1
73635;45875;17106;1
73636;45875;45954;1
73640;45875;6237;0
73642;45875;45958;1
73648;45875;17419;0
73650;45875;45965;1
73653;45875;17420;0
73654;45875;27424;0
73655;45875;45968;1
73656;45875;45969;0
73657;45875;17119;0
73658;45875;17120;0
73659;45875;45970;0
73660;45875;16398;0
73661;45875;45971;0
73662;45875;41283;0
73663;45875;45972;0
73664;45875;45973;1
73669;45875;45976;0
73671;45875;45978;0
73672;45875;32108;0
73674;45875;16760;0
73677;45875;45980;0
73678;45875;10067;0
73679;45875;45981;0
73680;45875;45982;0
73681;45875;45983;0
73682;45875;45984;0
73684;45875;45986;0
73685;45875;45987;0
73687;45875;5935;0
73688;45875;45989;0
73689;45875;45990;0
73696;45875;45994;0
73697;45875;45995;1
73698;45875;61;0
73700;45875;44432;0
73701;45875;32117;0
73703;45875;16420;0
73705;45875;45998;0
73707;45875;17148;0
73708;45875;41615;0
73710;45875;65;0
73712;45875;16944;0
73716;45875;27605;1
73717;45875;46004;0
73719;45875;41091;0
73724;45875;32437;0
73726;45875;46008;0
73728;45875;17155;0
73729;45875;72;0
73731;45875;46010;1
73732;45875;46011;0
73733;45875;754;0
73734;45875;38040;1
73740;45875;44699;0
73741;45875;45840;0
73744;45875;32232;0
73747;45875;45221;0
73749;45875;807;0
73751;45875;2782;0
73752;45875;2783;0
73753;45875;5972;0
73754;45875;33268;0
73758;45875;22007;0
73759;45875;759;0
73760;45875;105;1
73764;45875;32237;0
73765;45875;3197;0
73768;45875;16828;0
73771;45875;46017;0
73772;45875;5782;0
73773;45875;1068;0
73778;45875;762;0
73783;45875;44203;0
73786;45875;182;0
73802;46033;46034;0
73803;46033;46035;0
73804;46033;46036;1
73805;46033;46037;0
73806;46033;46038;0
73807;46033;46039;0
73809;46033;17091;0
73810;46033;17094;0
73811;46033;7337;0
73812;46033;45943;1
73814;46033;45947;0
73819;46033;46044;0
73823;46033;17120;0
73824;46033;45971;0
73827;46033;40177;0
73828;46033;46049;0
73829;46033;45980;0
73830;46033;5712;0
73831;46033;46050;0
73834;46033;46052;0
73835;46033;17148;0
73840;46033;1727;0
73843;46033;3197;0
74270;46059;46060;0
74272;46059;46062;0
74273;46059;46063;0
74275;46059;46065;0
74276;46059;46066;0
74277;46059;32604;0
74278;46059;46067;0
74279;46059;46068;0
74280;46059;26936;0
74281;46059;32617;1
74282;46059;45943;0
74283;46059;32618;0
74284;46059;46069;1
74285;46059;46070;0
74286;46059;45970;1
74287;46059;45973;0
74291;46059;46072;0
74295;46059;46075;0
74297;46059;12433;0
74298;46059;38040;1
74299;46059;46076;0
74300;46059;23220;1
74302;46059;2782;0
74306;46059;2431;0
74485;46171;46173;1
74486;46171;46174;0
74487;46171;46175;1
74488;46171;46176;0
74489;46171;46177;0
74490;46171;46178;1
74491;46171;46179;1
74492;46171;46180;1
74493;46171;6300;0
74495;46171;40932;0
74496;46171;46181;1
74498;46171;44969;0
74500;46171;46183;1
74502;46171;46184;1
74503;46171;46185;1
74505;46171;45822;0
74506;46171;46186;1
74507;46171;2752;1
74508;46171;46187;1
74509;46171;45823;1
74513;46171;38178;0
74514;46171;89;1
74517;46171;807;1
74518;46171;17167;0
74519;46171;2782;1
74521;46171;2783;0
74522;46171;23785;0
74523;46171;105;0
74524;46171;27128;0
74525;46171;24182;0
74526;46171;38203;0
74528;46171;12400;0
74529;46171;19697;0
74531;46171;8514;0
74538;46171;46198;0
74569;46171;199;1
74580;46230;46231;0
74581;46230;46232;0
74582;46230;46233;0
74583;46230;46234;0
74584;46230;1451;1
74587;46230;46237;0
74589;46230;46238;0
74591;46230;46240;0
74592;46230;40921;1
74594;46230;46242;0
74595;46230;46243;0
74598;46230;32109;0
74600;46230;46247;1
74604;46230;46251;0
74605;46230;46252;0
74606;46230;46253;0
74607;46230;46254;1
74608;46230;46255;0
74609;46230;7127;0
74610;46230;46256;0
74613;46230;7129;0
74614;46230;33211;1
74615;46230;46259;1
74616;46230;46260;0
74617;46230;32116;1
74618;46230;46261;0
74620;46230;46052;0
74621;46230;46263;1
74622;46230;46264;1
74623;46230;7132;0
74624;46230;46265;1
74625;46230;46266;1
74627;46230;46268;0
74628;46230;46269;0
74630;46230;46271;0
74634;46230;15800;0
74636;46230;45439;1
74638;46230;46275;1
74640;46230;2752;0
74643;46230;46279;0
74644;46230;46280;0
74645;46230;10149;0
74646;46230;7145;0
74647;46230;32129;1
74649;46230;46281;1
74650;46230;46282;0
74651;46230;46283;0
74652;46230;7148;0
74657;46230;32133;1
74658;46230;7155;0
74659;46230;38166;0
74660;46230;46284;0
74662;46230;40939;1
74663;46230;45839;0
74665;46230;32134;0
74666;46230;7160;0
74667;46230;46287;1
74668;46230;46288;0
74672;46230;2782;1
74674;46230;3560;0
74677;46230;102;1
74678;46230;3581;0
74679;46230;105;0
74680;46230;1246;0
74681;46230;7182;0
74682;46230;7184;1
74683;46230;40075;0
74685;46230;7185;0
74687;46230;3607;0
74688;46230;7186;0
74690;46230;9650;0
74695;46230;3625;0
74696;46230;126;0
74699;46230;1071;1
74700;46230;827;0
74731;46230;199;0
74928;46407;46409;0
74931;46407;45808;0
74932;46407;46411;0
74933;46407;2724;0
74935;46407;27052;0
74936;46407;46176;0
74940;46407;17148;0
74941;46407;46415;0
74945;46407;66;1
74946;46407;46416;0
74947;46407;46417;1
74949;46407;15800;1
74950;46407;2752;0
74951;46407;17155;0
74952;46407;46418;1
74953;46407;27095;0
74954;46407;45840;0
74955;46407;17162;1
74956;46407;89;0
74959;46407;807;1
74960;46407;95;1
74961;46407;2782;0
74965;46407;1997;0
74966;46407;105;1
74967;46407;819;1
74968;46407;27128;1
74969;46407;46420;0
74970;46407;27130;1
74972;46407;1767;0
74977;46407;32152;0
74979;46407;129;1
74980;46407;8514;0
74999;46407;199;1
75009;46441;46442;0
75012;46441;46445;0
75013;46441;46446;0
75014;46441;46447;0
75017;46441;46450;0
75021;46441;39276;0
75032;46441;4982;0
75042;46441;46472;0
75047;46441;46477;0
75048;46441;46478;0
75049;46441;46479;0
75053;46441;46483;0
75057;46441;46487;0
75064;46441;46493;0
75067;46441;46496;0
75072;46441;46500;0
75075;46441;46501;0
75076;46441;46502;0
75077;46441;46503;0
75078;46441;46504;0
75084;46441;44413;0
75088;46441;46511;0
75090;46441;2305;0
75091;46441;46513;0
75093;46441;46109;0
75094;46441;23048;0
75095;46441;46515;0
75099;46441;46518;0
75102;46441;16655;0
75104;46441;45989;0
75108;46441;37320;0
75109;46441;46523;0
75110;46441;65;1
75116;46441;46525;0
75117;46441;15633;0
75118;46441;46526;0
75121;46441;6318;0
75124;46441;38040;0
75125;46441;38152;0
75126;46441;5870;0
75128;46441;46530;0
75133;46441;39677;0
75137;46441;89;0
75138;46441;6344;0
75140;46441;7415;0
75141;46441;1959;0
75142;46441;36730;0
75143;46441;807;0
75144;46441;39991;0
75146;46441;17167;0
75147;46441;2783;0
75148;46441;1982;0
75149;46441;38194;0
75150;46441;105;1
75151;46441;38203;0
75152;46441;37293;0
75153;46441;2025;0
75154;46441;2028;0
75155;46441;15669;0
75156;46441;15670;0
75157;46441;2040;0
75159;46441;2046;0
75160;46441;16223;0
75175;46441;199;1
75190;46551;46558;0
75191;46551;46559;0
75193;46551;46561;0
75199;46551;46566;0
75203;46551;46570;0
75207;46551;46573;1
75208;46551;46574;0
75209;46551;44650;0
75218;46551;46581;0
75219;46551;46407;0
75225;46551;46587;0
75228;46551;46589;0
75229;46551;45809;1
75234;46551;46593;1
75239;46551;42018;0
75243;46551;46600;0
75245;46551;45813;0
75246;46551;46602;0
75250;46551;46604;0
75252;46551;16944;0
75253;46551;46606;0
75254;46551;36456;0
75257;46551;27605;0
75258;46551;66;0
75264;46551;15800;0
75265;46551;45819;0
75267;46551;45821;0
75270;46551;2752;0
75273;46551;12433;0
75274;46551;45830;0
75279;46551;2759;0
75282;46551;5870;1
75283;46551;17157;0
75285;46551;46619;0
75286;46551;46620;0
75290;46551;6248;0
75291;46551;32133;0
75292;46551;45838;0
75294;46551;38166;0
75295;46551;46623;1
75297;46551;45840;0
75299;46551;17162;0
75300;46551;23220;0
75303;46551;46625;0
75304;46551;1949;0
75307;46551;89;1
75310;46551;38181;0
75312;46551;43542;0
75315;46551;38183;0
75317;46551;1743;0
75318;46551;38186;0
75319;46551;6251;0
75320;46551;93;0
75321;46551;807;1
75323;46551;46629;0
75324;46551;2782;0
75325;46551;17168;0
75327;46551;2783;1
75329;46551;10185;0
75331;46551;102;0
75334;46551;105;0
75335;46551;819;0
75336;46551;27128;0
75337;46551;37149;0
75338;46551;24182;0
75341;46551;2431;0
75342;46551;12400;0
75343;46551;27130;0
75344;46551;19697;0
75346;46551;27131;0
75348;46551;283;0
75350;46551;286;0
75351;46551;8514;0
75352;46551;136;0
75357;46551;152;0
75359;46551;335;0
75375;46551;46650;1
75381;46551;199;0
75390;15800;16909;0
75391;15800;45809;0
75396;15800;46602;0
75397;15800;46662;0
75398;15800;65;0
75400;15800;46606;0
75402;15800;27605;0
75403;15800;66;0
75409;15800;32437;0
75410;15800;45822;0
75411;15800;36462;0
75413;15800;2752;0
75414;15800;17155;0
75417;15800;46666;0
75428;15800;45830;0
75431;15800;2759;1
75433;15800;27095;1
75434;15800;32129;0
75436;15800;38040;0
75437;15800;5870;1
75443;15800;43538;0
75445;15800;32133;0
75446;15800;38166;0
75447;15800;46669;0
75448;15800;45840;0
75449;15800;17162;0
75452;15800;32134;0
75453;15800;32135;0
75454;15800;1949;0
75457;15800;7160;0
75458;15800;89;0
75464;15800;43542;0
75466;15800;1959;0
75470;15800;38190;0
75471;15800;93;0
75472;15800;807;1
75473;15800;1224;0
75475;15800;95;0
75477;15800;2780;0
75479;15800;2782;0
75480;15800;17168;1
75481;15800;2783;0
75482;15800;6525;0
75487;15800;10185;0
75491;15800;102;0
75492;15800;45851;0
75493;15800;105;1
75496;15800;27128;0
75497;15800;37149;0
75498;15800;24182;1
75499;15800;38203;0
75502;15800;2431;0
75503;15800;3608;0
75504;15800;12400;1
75506;15800;27130;1
75507;15800;19697;1
75509;15800;27131;0
75511;15800;32152;0
75512;15800;7784;0
75514;15800;126;0
75516;15800;1071;0
75517;15800;129;0
75518;15800;8514;1
75549;15800;199;0
75574;46689;46695;0
75576;46689;46697;0
75580;46689;46701;1
75587;46689;46708;0
75593;46689;46714;0
75594;46689;46715;1
75595;46689;46716;0
75596;46689;46717;0
75597;46689;46718;0
75599;46689;46720;1
75602;46689;46723;0
75603;46689;46724;1
75604;46689;46725;0
75606;46689;46727;0
75607;46689;46728;0
75614;46689;46733;0
75616;46689;45924;0
75619;46689;46737;0
75621;46689;46738;0
75624;46689;46740;0
75627;46689;46743;1
75629;46689;46745;0
75630;46689;46746;0
75632;46689;17407;0
75633;46689;46747;0
75636;46689;46750;0
75637;46689;46751;0
75639;46689;46753;0
75640;46689;46754;0
75641;46689;46755;0
75644;46689;46757;0
75646;46689;46559;1
75647;46689;46551;0
75648;46689;46759;0
75651;46689;46561;0
75652;46689;46762;0
75653;46689;42755;0
75654;46689;46763;0
75660;46689;46767;0
75661;46689;46570;0
75665;46689;46574;1
75666;46689;44650;0
75668;46689;17126;0
75669;46689;46771;0
75670;46689;46772;0
75671;46689;46773;0
75673;46689;46775;0
75677;46689;43;0
75679;46689;42652;0
75680;46689;46777;0
75681;46689;46778;0
75686;46689;46781;0
75687;46689;3968;0
75688;46689;45809;1
75691;46689;42018;0
75693;46689;46783;0
75695;46689;45813;0
75697;46689;65;0
75698;46689;46606;0
75700;46689;66;0
75705;46689;15800;0
75707;46689;2752;0
75711;46689;17157;0
75712;46689;5870;0
75713;46689;45840;0
75715;46689;89;0
75717;46689;807;0
75718;46689;2782;0
75720;46689;105;1
75721;46689;10647;0
75733;46689;46650;0
75741;46689;199;0
75747;17094;46804;0
75748;17094;46805;0
75749;17094;46745;0
75750;17094;17091;1
75754;17094;45943;0
75756;17094;46810;0
75757;17094;46811;0
75758;17094;45947;1
75760;17094;45949;1
75762;17094;17116;0
75763;17094;17119;1
75764;17094;17120;1
75765;17094;46814;0
75766;17094;45971;0
75767;17094;46815;0
75768;17094;46816;0
75770;17094;5920;0
75772;17094;45980;1
75774;17094;7759;0
75776;17094;45987;1
75777;17094;5936;0
75781;17094;27069;0
75782;17094;17148;1
75783;17094;46822;0
75784;17094;16944;1
75785;17094;46606;0
75788;17094;2752;0
75789;17094;5955;0
75790;17094;45830;0
75791;17094;5957;0
75795;17094;3999;0
75798;17094;6248;0
75799;17094;9023;0
75802;17094;89;0
75804;17094;5762;0
75805;17094;93;0
75808;17094;33268;0
75812;17094;105;0
75813;17094;3197;0
75816;17094;27131;0
75817;17094;2444;0
75834;17094;770;1
75840;16891;46839;1
75841;16891;46840;0
75842;16891;46841;0
75843;16891;46842;0
75844;16891;45897;1
75845;16891;46843;0
75850;16891;45904;0
75856;16891;17073;0
75858;16891;46852;0
75860;16891;45921;0
75861;16891;46854;0
75863;16891;45927;1
75865;16891;45929;0
75869;16891;46857;0
75870;16891;45933;1
75873;16891;46859;0
75876;16891;46860;0
75877;16891;45938;0
75882;16891;46864;1
75884;16891;16389;0
75886;16891;17106;0
75891;16891;46566;0
75893;16891;46865;0
75903;16891;46872;0
75906;16891;45976;0
75912;16891;16760;1
75913;16891;16405;0
75916;16891;46880;0
75917;16891;558;0
75919;16891;46881;0
75922;16891;45986;0
75925;16891;5935;0
75926;16891;46125;0
75928;16891;46886;1
75932;16891;16420;0
75938;16891;46892;0
75939;16891;46893;0
75941;16891;37596;0
75943;16891;2752;0
75952;16891;46898;0
75953;16891;46899;0
75957;16891;468;0
75958;16891;89;0
75964;16891;807;0
75970;16891;759;1
75971;16891;105;0
75972;16891;482;0
75973;16891;485;0
75974;16891;819;0
75975;16891;14783;0
75978;16891;16828;0
75980;16891;129;0
75990;16891;762;1
76000;16891;169;0
76271;47085;40876;0
76272;47085;47086;0
76273;47085;47087;1
76276;47085;47089;0
76278;47085;47091;1
76279;47085;40902;0
76280;47085;20969;0
76282;47085;47093;1
76283;47085;47094;0
76284;47085;47095;0
76286;47085;47097;0
76287;47085;47098;0
76290;47085;47101;1
76292;47085;47103;0
76293;47085;7120;0
76294;47085;47104;1
76297;47085;47107;0
76298;47085;47108;1
76300;47085;47109;0
76302;47085;27052;0
76303;47085;7129;0
76305;47085;40932;0
76306;47085;47110;0
76307;47085;23204;0
76308;47085;44456;0
76309;47085;47111;1
76312;47085;807;0
76313;47085;2782;0
76314;47085;23247;0
76316;47085;10197;1
76321;47085;47115;0
76328;47119;47122;0
76340;47119;2305;0
76341;47119;47134;0
76342;47119;47135;0
76344;47119;45812;0
76349;47119;45817;0
76350;47119;15800;0
76353;47119;4176;0
76355;47119;45830;0
76361;47119;2758;0
76363;47119;22548;0
76368;47119;43538;0
76372;47119;38166;1
76379;47119;32134;0
76383;47119;7160;0
76385;47119;89;1
76387;47119;16101;0
76388;47119;43542;1
76390;47119;38186;0
76393;47119;47148;0
76394;47119;93;0
76395;47119;807;1
76399;47119;6350;0
76403;47119;17167;0
76404;47119;2782;0
76405;47119;2783;0
76406;47119;6525;0
76408;47119;36502;0
76409;47119;10185;0
76410;47119;38194;0
76412;47119;102;0
76414;47119;47153;0
76415;47119;105;1
76420;47119;819;1
76421;47119;27128;0
76424;47119;24182;0
76429;47119;36572;0
76431;47119;47161;0
76435;47119;47163;0
76438;47119;27130;0
76439;47119;19697;0
76441;47119;45781;0
76447;47119;27131;0
76450;47119;47171;1
76452;47119;32152;0
76454;47119;283;0
76458;47119;2050;0
76460;47119;5232;0
76470;47119;129;0
76471;47119;5118;0
76473;47119;8514;0
76483;47119;9376;0
76501;47119;199;0
76510;47191;47194;0
76511;47191;47195;0
76513;47191;47197;0
76516;47191;47200;0
76520;47191;47204;0
76522;47191;47206;0
76523;47191;47207;0
76524;47191;47208;0
76525;47191;47209;0
76526;47191;47210;0
76527;47191;47211;0
76528;47191;47212;0
76530;47191;47214;1
76532;47191;47216;0
76534;47191;47218;0
76535;47191;47219;0
76537;47191;46036;0
76539;47191;47222;0
76540;47191;47223;0
76541;47191;47224;0
76543;47191;47226;0
76544;47191;47227;0
76545;47191;47228;0
76546;47191;47229;0
76547;47191;47230;0
76549;47191;47232;0
76550;47191;47233;0
76551;47191;47234;0
76552;47191;47235;0
76553;47191;47236;0
76554;47191;47237;0
76555;47191;47238;0
76557;47191;46063;0
76558;47191;47240;0
76559;47191;47241;0
76560;47191;47242;0
76561;47191;47243;0
76562;47191;47244;0
76563;47191;47245;0
76564;47191;47246;0
76565;47191;47247;0
76566;47191;47248;0
76567;47191;47249;0
76569;47191;47250;0
76570;47191;4064;0
76571;47191;47251;0
76572;47191;47252;0
76573;47191;47253;0
76574;47191;47254;0
76575;47191;47255;0
76576;47191;47256;0
76577;47191;47257;0
76579;47191;46409;0
76580;47191;47259;0
76581;47191;45942;0
76582;47191;45943;0
76583;47191;47260;0
76584;47191;47261;0
76585;47191;46566;0
76587;47191;27424;0
76588;47191;47262;0
76589;47191;46815;0
76590;47191;37371;0
76591;47191;47263;0
76594;47191;6282;0
76595;47191;16909;0
76597;47191;47266;0
76599;47191;42018;0
76600;47191;45813;0
76602;47191;46415;0
76603;47191;16944;0
76605;47191;66;0
76607;47191;2752;0
76608;47191;27095;0
76610;47191;17162;0
76611;47191;89;0
76614;47191;807;0
76615;47191;105;0
76636;47191;199;0
76870;47291;4378;0
76871;47291;1006;0
76872;47291;14016;0
76873;47291;6329;0
76878;47291;1224;0
76879;47291;4382;0
76880;47291;2782;1
76881;47291;2783;1
76882;47291;6525;0
76883;47291;47293;0
76886;47291;4039;0
76888;47291;4013;0
76889;47291;12400;0
76891;47291;4425;0
76899;47294;45890;0
76901;47294;47296;0
76902;47294;47297;0
76904;47294;47299;0
76906;47294;32610;0
76907;47294;47301;0
76908;47294;47302;0
76909;47294;47303;0
76910;47294;47304;0
76911;47294;17406;0
76912;47294;4084;0
76913;47294;47305;0
76917;47294;47308;0
76921;47294;32618;0
76923;47294;46551;0
76925;47294;32620;0
76926;47294;47313;0
76927;47294;32623;0
76929;47294;47315;0
76932;47294;30;0
76934;47294;17419;0
76936;47294;47319;1
76937;47294;17420;0
76938;47294;32105;0
76939;47294;7345;0
76940;47294;32628;0
76941;47294;47320;0
76942;47294;32061;0
76943;47294;47321;0
76944;47294;47322;0
76945;47294;44650;0
76946;47294;47323;0
76948;47294;46171;0
76950;47294;46173;0
76951;47294;47325;0
76953;47294;47327;0
76954;47294;49;0
76959;47294;32635;0
76960;47294;47329;1
76962;47294;32070;0
76963;47294;47331;0
76965;47294;47332;0
76966;47294;46176;0
76967;47294;61;0
76968;47294;47333;0
76969;47294;32117;0
76970;47294;46178;0
76975;47294;40932;0
76977;47294;46602;0
76978;47294;44969;0
76980;47294;32637;0
76981;47294;46662;0
76983;47294;46606;0
76984;47294;32118;0
76985;47294;66;0
76986;47294;46184;0
76987;47294;45817;0
76990;47294;32437;1
76991;47294;46186;0
76992;47294;2752;0
76993;47294;45823;0
76995;47294;4176;0
77001;47294;5086;0
77008;47294;43538;0
77010;47294;6248;0
77011;47294;38166;0
77015;47294;17162;0
77019;47294;43542;0
77022;47294;807;0
77024;47294;47344;0
77025;47294;2780;0
77026;47294;2782;0
77027;47294;17168;0
77028;47294;6525;0
77031;47294;10185;0
77032;47294;102;0
77033;47294;105;0
77036;47294;819;0
77037;47294;9801;0
77039;47294;36572;0
77041;47294;14783;0
77043;47294;19697;0
77044;47294;45781;0
77047;47294;32152;0
77052;47294;129;0
77053;47294;47351;0
77059;47294;141;0
77081;47294;194;0
77082;47294;46650;0
77084;47294;770;0
77085;47294;199;0
77094;46483;26899;0
77097;46483;17406;0
77098;46483;17407;0
77100;46483;47370;0
77101;46483;17094;0
77102;46483;47371;0
77104;46483;32618;0
77105;46483;47373;0
77106;46483;47374;0
77107;46483;32103;0
77108;46483;32620;0
77109;46483;47375;0
77110;46483;46069;0
77112;46483;17116;0
77116;46483;17419;0
77117;46483;47378;0
77118;46483;47379;0
77119;46483;17420;0
77120;46483;47380;0
77121;46483;32061;0
77124;46483;44650;0
77130;46483;2699;0
77134;46483;46171;0
77135;46483;32108;0
77138;46483;47387;0
77139;46483;46173;0
77140;46483;47263;0
77141;46483;47325;0
77142;46483;6238;0
77144;46483;47327;0
77145;46483;47389;0
77150;46483;7759;0
77152;46483;17133;0
77154;46483;46778;1
77157;46483;2711;0
77160;46483;45982;0
77161;46483;47394;0
77162;46483;46252;0
77163;46483;46119;1
77167;46483;41845;0
77169;46483;46411;0
77171;46483;6240;0
77175;46483;47400;0
77176;46483;14333;0
77177;46483;16655;0
77179;46483;5851;0
77180;46483;45809;0
77181;46483;19031;0
77182;46483;47025;0
77186;46483;2724;0
77187;46483;19682;0
77188;46483;47329;0
77189;46483;1351;0
77190;46483;965;0
77191;46483;32070;0
77192;46483;27052;0
77199;46483;3975;0
77201;46483;47332;0
77202;46483;46176;0
77205;46483;45994;0
77206;46483;6294;0
77207;46483;47406;0
77208;46483;46600;0
77210;46483;2735;0
77211;46483;47333;0
77212;46483;47408;0
77213;46483;47409;0
77214;46483;32117;0
77215;46483;46523;0
77216;46483;47410;0
77217;46483;46180;0
77218;46483;45813;0
77219;46483;6300;0
77220;46483;47411;0
77222;46483;5862;0
77223;46483;47413;0
77224;46483;47414;0
77225;46483;47415;0
77227;46483;5863;0
77228;46483;40932;0
77229;46483;27069;0
77230;46483;2739;0
77232;46483;47416;0
77233;46483;27073;0
77234;46483;46181;0
77235;46483;985;0
77236;46483;17148;0
77237;46483;27074;0
77238;46483;46415;0
77239;46483;46268;0
77240;46483;16665;0
77241;46483;45815;0
77242;46483;46662;0
77248;46483;2742;0
77250;46483;47420;0
77251;46483;779;0
77257;46483;65;0
77259;46483;47424;0
77260;46483;47425;0
77261;46483;47426;0
77262;46483;17152;0
77263;46483;16944;1
77264;46483;46183;0
77265;46483;46606;0
77267;46483;47428;0
77269;46483;47429;0
77273;46483;47430;0
77274;46483;27605;0
77275;46483;66;0
77280;46483;47291;0
77281;46483;68;0
77283;46483;47435;0
77286;46483;15800;0
77289;46483;47437;0
77290;46483;32437;0
77294;46483;47440;0
77296;46483;45822;0
77297;46483;36462;0
77299;46483;46186;1
77301;46483;2752;0
77302;46483;45823;0
77303;46483;17155;0
77304;46483;47442;0
77306;46483;24629;0
77310;46483;4378;0
77311;46483;15256;1
77312;46483;4173;0
77313;46483;4176;0
77316;46483;46666;0
77319;46483;1005;0
77321;46483;1006;0
77322;46483;4379;0
77327;46483;32126;0
77329;46483;12433;0
77331;46483;45830;0
77336;46483;47448;0
77340;46483;47450;0
77342;46483;2758;0
77343;46483;2759;0
77345;46483;27095;0
77347;46483;32129;0
77348;46483;38040;0
77350;46483;17157;0
77351;46483;5870;0
77352;46483;38153;0
77356;46483;47451;0
77357;46483;46281;0
77358;46483;27104;0
77360;46483;46282;0
77363;46483;47452;0
77364;46483;22548;0
77365;46483;7149;0
77369;46483;14944;0
77370;46483;46620;0
77375;46483;47453;0
77382;46483;38161;0
77384;46483;43538;0
77386;46483;6248;0
77387;46483;47457;0
77388;46483;32133;0
77389;46483;45838;0
77392;46483;38166;0
77394;46483;37663;0
77396;46483;40939;0
77397;46483;38171;0
77398;46483;46623;0
77399;46483;45839;0
77400;46483;17160;0
77401;46483;46669;0
77402;46483;6336;0
77403;46483;45840;0
77406;46483;17162;0
77407;46483;23220;0
77408;46483;38178;0
77412;46483;46625;1
77419;46483;7160;0
77420;46483;89;0
77422;46483;47460;0
77425;46483;8682;0
77427;46483;43542;0
77428;46483;38183;0
77433;46483;38190;0
77434;46483;6251;0
77435;46483;93;0
77436;46483;807;1
77438;46483;1224;0
77439;46483;95;0
77442;46483;2780;0
77444;46483;46629;1
77445;46483;4382;1
77446;46483;17167;0
77447;46483;2782;0
77448;46483;17168;0
77449;46483;2783;0
77450;46483;6525;0
77455;46483;9620;0
77461;46483;10185;0
77462;46483;38194;0
77465;46483;10187;0
77466;46483;102;0
77467;46483;10189;0
77469;46483;45851;0
77470;46483;105;1
77473;46483;819;0
77474;46483;27128;0
77475;46483;37123;0
77476;46483;37149;0
77477;46483;24182;0
77481;46483;4013;0
77483;46483;2431;0
77485;46483;12400;0
77487;46483;27130;0
77488;46483;19697;0
77490;46483;1767;0
77491;46483;27131;0
77493;46483;9654;0
77494;46483;2900;0
77495;46483;1066;0
77497;46483;2443;0
77498;46483;126;0
77499;46483;3629;0
77501;46483;1071;0
77503;46483;129;0
77504;46483;8514;0
77508;46483;5260;0
77511;46483;15362;0
77526;46483;46650;0
77527;46483;199;0
77529;46483;770;0
77540;47468;47470;0
77543;47468;15256;0
77544;47468;47472;0
77545;47468;47473;0
77548;47468;12433;0
77549;47468;45830;1
77550;47468;2759;0
77552;47468;46076;0
77553;47468;17162;0
77554;47468;23220;0
77557;47468;32134;0
77561;47468;89;0
77563;47468;36556;0
77565;47468;16101;0
77567;47468;807;0
77572;47468;47476;0
77575;47468;47153;0
77577;47468;47478;0
77578;47468;105;1
77582;47468;819;0
77583;47468;27128;0
77586;47468;36572;0
77590;47468;36580;1
77592;47468;47483;0
77594;47468;32152;0
77598;47468;129;0
77601;47468;2067;1
77604;47468;879;0
77624;47468;152;0
77648;47468;182;0
77661;47468;194;0
77678;17406;45890;0
77679;17406;1451;0
77680;17406;47530;1
77683;17406;47532;0
77686;17406;32604;1
77687;17406;32605;0
77688;17406;40898;0
77690;17406;17;1
77692;17406;47535;0
77693;17406;32610;0
77695;17406;47536;0
77699;17406;32612;0
77701;17406;47540;0
77703;17406;47256;0
77704;17406;32615;1
77706;17406;17407;0
77707;17406;47542;0
77708;17406;19;0
77709;17406;32616;1
77710;17406;46068;0
77712;17406;47544;1
77713;17406;4084;1
77715;17406;47545;0
77717;17406;21;0
77718;17406;47546;0
77726;17406;45942;0
77727;17406;47550;0
77730;17406;32618;0
77731;17406;47373;1
77732;17406;47551;0
77733;17406;32103;1
77734;17406;47552;0
77736;17406;32620;0
77737;17406;47313;0
77738;17406;47375;1
77739;17406;32623;1
77740;17406;32624;1
77741;17406;46069;1
77743;17406;47315;0
77744;17406;47554;0
77745;17406;32029;1
77746;17406;47555;0
77748;17406;17419;1
77751;17406;47319;1
77752;17406;17420;1
77753;17406;32105;1
77754;17406;7345;1
77755;17406;14420;0
77756;17406;32628;1
77758;17406;32061;1
77760;17406;44650;1
77761;17406;47559;0
77764;17406;5061;1
77765;17406;47325;0
77766;17406;2305;0
77767;17406;47327;0
77769;17406;32633;0
77770;17406;49;0
77774;17406;47561;1
77775;17406;47562;0
77776;17406;47329;0
77777;17406;32070;0
77778;17406;14433;0
77779;17406;27052;0
77780;17406;748;0
77782;17406;47333;1
77783;17406;45812;0
77784;17406;32117;1
77786;17406;32637;1
77787;17406;32118;0
77789;17406;32437;1
77790;17406;2752;0
77794;17406;5086;0
77795;17406;2759;0
77796;17406;46282;0
77797;17406;37663;0
77799;17406;89;0
77800;17406;45843;0
77801;17406;807;0
77802;17406;102;1
77804;17406;105;1
77806;17406;819;1
77809;17406;36572;0
77811;17406;32237;0
77814;17406;32152;0
77816;17406;129;1
77819;17406;2067;0
77820;17406;879;0
77838;17406;199;0
77840;17406;770;0
77847;47575;5870;0
77848;47575;47576;0
77849;47575;38166;0
77850;47575;45839;0
77851;47575;47577;0
77853;47575;23220;0
77854;47575;47578;0
77855;47575;89;0
77856;47575;47579;0
77859;47575;807;0
77864;47575;17168;0
77865;47575;2783;0
77873;47575;102;0
77876;47575;105;0
77878;47575;819;0
77879;47575;27128;0
77880;47575;38202;1
77881;47575;24182;0
77882;47575;36572;0
77883;47575;38203;0
77890;47575;12400;0
77891;47575;27130;0
77893;47575;47588;0
77894;47575;19697;0
77895;47575;38097;0
77897;47575;27131;0
77899;47575;32152;0
77903;47575;1071;0
77904;47575;129;0
77905;47575;5118;0
77906;47575;8514;0
77908;47575;2067;0
77913;47575;879;0
77919;47575;9376;0
77936;47575;152;0
77963;47575;194;0
77985;17407;45890;0
77986;17407;47627;0
77987;17407;46804;0
77988;17407;1451;0
77989;17407;47628;1
77993;17407;47631;0
77995;17407;32603;1
77996;17407;32604;0
77997;17407;17;0
77998;17407;46745;0
78000;17407;17406;0
78001;17407;32616;1
78002;17407;47633;0
78003;17407;17094;0
78006;17407;45942;0
78007;17407;32618;1
78009;17407;32103;0
78010;17407;46810;0
78011;17407;46811;0
78012;17407;47635;0
78013;17407;47636;0
78014;17407;32620;1
78016;17407;45958;1
78017;17407;47554;0
78018;17407;47637;0
78019;17407;17116;0
78020;17407;17419;0
78022;17407;17420;1
78023;17407;47319;0
78025;17407;32105;0
78026;17407;7345;1
78027;17407;14420;1
78028;17407;36948;0
78029;17407;32628;1
78030;17407;17120;0
78031;17407;46814;0
78032;17407;32061;1
78033;17407;46815;0
78036;17407;8642;0
78039;17407;5061;0
78040;17407;47325;1
78041;17407;32109;0
78042;17407;7759;0
78044;17407;25708;0
78045;17407;47561;0
78046;17407;47329;1
78047;17407;32070;1
78048;17407;14433;0
78049;17407;42018;0
78050;17407;46072;0
78051;17407;2347;0
78053;17407;47639;0
78054;17407;32117;0
78055;17407;27069;0
78056;17407;46606;0
78057;17407;32118;1
78059;17407;47640;0
78060;17407;47470;0
78063;17407;32437;0
78064;17407;2752;0
78067;17407;45830;1
78068;17407;5086;0
78069;17407;27095;0
78070;17407;32133;0
78071;17407;37663;1
78072;17407;40939;0
78073;17407;17162;0
78074;17407;17436;0
78077;17407;89;1
78078;17407;38186;0
78079;17407;45843;0
78080;17407;807;0
78081;17407;2783;0
78082;17407;33268;0
78085;17407;102;1
78086;17407;105;0
78089;17407;36572;0
78096;17407;22075;0
78098;17407;129;0
78099;17407;879;0
78117;17407;770;0
78124;47644;47647;0
78125;47644;47648;0
78127;47644;47650;0
78129;47644;46968;0
78130;47644;47652;0
78131;47644;47653;0
78134;47644;47655;0
78135;47644;47656;0
78137;47644;47657;1
78139;47644;47659;0
78140;47644;47660;0
78141;47644;37371;1
78142;47644;2711;1
78145;47644;47663;1
78148;47644;2752;1
78149;47644;89;0
78150;47644;43542;1
78151;47644;105;0
78152;47644;8514;0
78163;47669;44437;0
78164;47669;46606;0
78165;47669;47676;0
78179;47669;7160;0
78184;47669;105;0
78185;47669;27128;1
78188;47669;27131;0
78195;47669;199;0
78198;47688;47689;0
78199;47688;47690;0
78200;47688;47691;0
78201;47688;2744;0
78202;47688;47692;1
78203;47688;1005;1
78205;47688;1006;1
78206;47688;4379;1
78209;47688;2758;1
78211;47688;5871;0
78212;47688;47694;0
78213;47688;15549;0
78214;47688;7148;0
78215;47688;22548;1
78216;47688;7149;1
78217;47688;4185;1
78219;47688;14944;1
78220;47688;47695;1
78221;47688;1026;1
78222;47688;1027;1
78223;47688;45840;1
78224;47688;15355;1
78225;47688;2773;1
78226;47688;89;1
78227;47688;1036;1
78234;47688;15424;1
78235;47688;22517;0
78236;47688;93;1
78237;47688;807;0
78238;47688;18130;0
78239;47688;17620;1
78240;47688;47700;0
78241;47688;1972;0
78242;47688;2779;0
78243;47688;2780;1
78244;47688;4382;1
78245;47688;18132;0
78246;47688;1044;0
78247;47688;1045;0
78248;47688;6525;0
78249;47688;1977;0
78250;47688;1600;0
78251;47688;19690;1
78252;47688;3569;0
78253;47688;47701;0
78254;47688;1240;0
78255;47688;1055;0
78257;47688;19692;1
78258;47688;1056;1
78259;47688;4418;1
78260;47688;105;0
78262;47688;47702;0
78263;47688;9800;0
78265;47688;27128;0
78266;47688;47703;1
78267;47688;1057;0
78268;47688;2014;1
78273;47688;24182;0
78274;47688;47706;0
78275;47688;2788;1
78277;47688;1059;1
78279;47688;3906;0
78280;47688;4013;0
78281;47688;12400;1
78282;47688;15317;0
78283;47688;1062;0
78284;47688;19697;0
78287;47688;1520;0
78288;47688;1767;0
78292;47688;27131;0
78293;47688;1065;0
78294;47688;47712;0
78295;47688;2900;0
78296;47688;1066;0
78297;47688;7784;0
78299;47688;1070;0
78300;47688;126;1
78301;47688;1071;1
78310;47688;47716;0
78319;47688;4050;0
78332;47688;47723;0
78554;47816;47817;0
78555;47816;47818;0
78556;47816;47819;0
78557;47816;47820;0
78558;47816;47821;0
78559;47816;47822;0
78560;47816;47823;0
78561;47816;46479;0
78562;47816;26936;0
78563;47816;47824;0
78564;47816;47825;1
78565;47816;47826;1
78566;47816;47827;1
78567;47816;14968;0
78569;47816;47828;0
78570;47816;47829;0
78571;47816;47103;1
78572;47816;47830;0
78573;47816;47831;0
78574;47816;47832;0
78575;47816;47833;0
78577;47816;47321;0
78579;47816;47836;0
78580;47816;44415;0
78581;47816;46173;1
78582;47816;46174;0
78583;47816;46175;0
78584;47816;47327;0
78585;47816;47837;0
78586;47816;47838;1
78590;47816;47331;0
78591;47816;47332;0
78592;47816;46176;0
78593;47816;47408;1
78594;47816;47409;0
78595;47816;46178;0
78596;47816;46179;0
78597;47816;40932;1
78598;47816;46602;0
78599;47816;46181;0
78600;47816;32736;0
78601;47816;2740;0
78602;47816;46183;1
78603;47816;46184;0
78604;47816;47841;0
78605;47816;38024;0
78607;47816;36818;1
78608;47816;46186;1
78609;47816;36819;0
78610;47816;20775;0
78611;47816;2752;1
78612;47816;38036;0
78613;47816;45823;1
78614;47816;46187;0
78616;47816;47843;0
78617;47816;32227;0
78618;47816;5870;0
78622;47816;47577;0
78623;47816;46669;0
78624;47816;38178;0
78626;47816;807;0
78627;47816;1224;0
78629;47816;17167;0
78630;47816;2782;0
78631;47816;23785;0
78634;47816;10185;0
78635;47816;105;0
78636;47816;819;0
78637;47816;27128;0
78638;47816;38203;0
78639;47816;19697;0
78642;47816;8514;0
78678;47862;47864;0
78681;47862;47867;0
78683;47862;47869;0
78685;47862;47200;0
78687;47862;47871;0
78688;47862;47872;0
78691;47862;47875;0
78693;47862;47207;0
78694;47862;47877;0
78695;47862;45884;0
78698;47862;47880;0
78701;47862;47882;0
78703;47862;47884;0
78704;47862;47885;0
78707;47862;47888;0
78713;47862;45875;0
78715;47862;47893;0
78716;47862;47894;0
78717;47862;46839;0
78718;47862;47895;0
78720;47862;47897;0
78721;47862;32335;0
78723;47862;47899;0
78725;47862;47191;0
78729;47862;47901;0
78730;47862;44584;0
78731;47862;46964;0
78732;47862;47902;0
78734;47862;47904;0
78735;47862;46063;0
78737;47862;45897;0
78738;47862;47906;0
78740;47862;47908;0
78741;47862;46720;0
78743;47862;45900;0
78745;47862;47910;0
78747;47862;46968;0
78748;47862;47911;1
78749;47862;46326;0
78750;47862;46969;0
78754;47862;45905;0
78755;47862;45907;0
78756;47862;47913;1
78758;47862;32352;0
78761;47862;47914;0
78765;47862;45910;0
78766;47862;47820;0
78767;47862;47917;0
78769;47862;46331;0
78770;47862;47919;0
78774;47862;17073;0
78775;47862;45915;0
78778;47862;45916;0
78779;47862;47922;0
78782;47862;46972;1
78783;47862;45917;1
78784;47862;46039;1
78785;47862;47925;0
78787;47862;45918;1
78789;47862;46852;0
78790;47862;46973;0
78791;47862;45919;0
78792;47862;47928;0
78793;47862;41569;0
78794;47862;47929;0
78795;47862;47930;0
78797;47862;26899;0
78798;47862;45920;0
78799;47862;47738;0
78800;47862;46974;0
78801;47862;45922;0
78802;47862;45923;0
78805;47862;46975;0
78806;47862;47934;0
78809;47862;46976;0
78810;47862;46737;0
78813;47862;46738;0
78818;47862;32611;1
78821;47862;47941;0
78822;47862;47942;0
78823;47862;47943;0
78824;47862;47944;0
78825;47862;47945;0
78826;47862;47946;0
78827;47862;47743;0
78829;47862;47948;0
78831;47862;47949;0
78832;47862;47950;0
78833;47862;24402;0
78834;47862;17406;0
78835;47862;45933;1
78836;47862;47951;0
78838;47862;47952;0
78839;47862;46334;0
78840;47862;47953;0
78842;47862;17091;0
78844;47862;47955;0
78846;47862;47956;0
78847;47862;47957;0
78849;47862;21;0
78850;47862;17094;1
78851;47862;46751;0
78852;47862;47958;1
78853;47862;45939;0
78855;47862;47960;0
78857;47862;45943;1
78858;47862;45944;0
78859;47862;47962;0
78861;47862;47964;0
78863;47862;47966;1
78866;47862;47968;0
78867;47862;47969;1
78868;47862;45947;0
78870;47862;45949;0
78871;47862;46551;1
78872;47862;45950;1
78873;47862;14968;0
78874;47862;46759;0
78877;47862;17106;1
78878;47862;45954;0
78880;47862;46762;0
78881;47862;47828;0
78882;47862;47973;0
78883;47862;45958;0
78886;47862;47975;0
78894;47862;45965;0
78896;47862;46337;0
78897;47862;27424;0
78898;47862;45968;1
78899;47862;17119;0
78900;47862;17120;1
78902;47862;45971;0
78903;47862;41283;0
78904;47862;45973;0
78906;47862;44650;0
78908;47862;23045;0
78912;47862;47979;0
78915;47862;46347;0
78918;47862;44415;0
78920;47862;46173;0
78921;47862;46349;0
78928;47862;45980;0
78931;47862;45808;0
78932;47862;10067;0
78933;47862;47985;0
78939;47862;45982;1
78940;47862;40187;0
78942;47862;46359;0
78944;47862;32635;0
78946;47862;45809;0
78948;47862;5935;1
78949;47862;16195;0
78950;47862;45989;0
78954;47862;27052;0
78956;47862;47992;0
78957;47862;42018;0
78958;47862;45994;0
78959;47862;45995;0
78960;47862;441;0
78961;47862;17430;0
78963;47862;41613;0
78965;47862;16420;0
78966;47862;45813;0
78967;47862;47994;0
78968;47862;17148;0
78969;47862;46266;0
78970;47862;46075;0
78971;47862;16944;1
78972;47862;46606;0
78974;47862;47995;1
78976;47862;27605;1
78977;47862;46004;0
78978;47862;66;0
78980;47862;45817;0
78981;47862;15800;0
78983;47862;43620;0
78984;47862;47996;0
78987;47862;2752;0
78990;47862;46010;0
78991;47862;47997;0
78993;47862;38040;1
78996;47862;10089;0
79000;47862;9023;0
79007;47862;41640;0
79011;47862;2782;0
79014;47862;5972;0
79017;47862;48004;0
79021;47862;32237;0
79022;47862;3197;0
79023;47862;19697;0
79024;47862;1068;0
79026;47862;762;0
79061;47862;199;0
79136;1727;43116;0
79139;1727;48032;0
79141;1727;40229;0
79149;1727;1595;0
79151;1727;5972;0
79152;1727;22788;0
79157;1727;48039;0
79160;1727;48042;0
79164;1727;48045;1
79165;1727;5179;0
79175;1727;5976;0
79176;1727;5772;0
79182;1727;3197;0
79186;1727;48059;0
79195;1727;1263;0
79197;1727;5782;0
79201;1727;48065;1
79202;1727;48066;0
79207;1727;1630;0
79210;1727;2447;0
79291;5712;48135;0
79301;5712;48144;0
79305;5712;48148;0
79309;5712;5720;0
79316;5712;48158;0
79317;5712;48159;0
79321;5712;48161;1
79328;5712;48167;0
79334;5712;5952;0
79336;5712;48173;0
79337;5712;5739;0
79343;5712;48179;0
79353;5712;6056;0
79371;5712;41146;0
79372;5712;24099;0
79374;5712;5968;0
79376;5712;37420;0
79380;5712;5762;0
79381;5712;5969;0
79386;5712;3560;0
79390;5712;5972;1
79392;5712;22788;0
79395;5712;48205;0
79405;5712;5976;0
79406;5712;5772;0
79408;5712;1248;0
79410;5712;3197;0
79421;5712;11080;0
79423;5712;3621;0
79424;5712;5114;0
79426;5712;5782;1
79429;5712;2443;0
79430;5712;126;0
79434;5712;2447;1
79436;5712;48218;0
79453;48226;48227;0
79459;48226;3540;1
79460;48226;2775;1
79462;48226;2789;0
79468;48236;1451;0
79470;48236;48238;0
79472;48236;48240;0
79474;48236;37482;0
79477;48236;5923;0
79479;48236;45555;0
79480;48236;48244;0
79481;48236;45556;0
79485;48236;48247;0
79486;48236;48248;0
79491;48236;40201;0
79492;48236;48251;0
79493;48236;48158;0
79494;48236;48252;0
79497;48236;48253;0
79498;48236;48254;0
79499;48236;5952;0
79506;48236;48257;0
79507;48236;5957;0
79508;48236;48258;0
79509;48236;48259;0
79512;48236;6056;0
79515;48236;9023;0
79516;48236;6061;0
79518;48236;1727;0
79521;48236;48265;0
79531;48236;48269;0
79532;48236;9024;0
79536;48236;48272;0
79540;48236;5969;0
79541;48236;38415;0
79546;48236;5972;1
79554;48236;1997;0
79555;48236;3694;0
79556;48236;1759;0
79557;48236;5772;0
79561;48236;3197;0
79564;48236;38429;0
79565;48236;2431;0
79567;48236;7186;0
79574;48236;5782;0
79576;48236;37167;0
79578;48236;1070;0
79581;48236;1630;0
79582;48236;2447;0
79583;48236;2067;0
79617;48294;5952;0
79618;48294;48295;0
79622;48294;6061;1
79623;48294;1727;0
79627;48294;48299;0
79631;48294;41146;0
79633;48294;5762;0
79638;48294;23666;0
79639;48294;48301;0
79645;48294;48302;0
79646;48294;5772;0
79651;48294;48304;0
79652;48294;3197;0
79655;48294;2431;0
79657;48294;5109;0
79658;48294;5216;0
79661;48294;11080;0
79662;48294;5979;0
79666;48294;2838;0
79668;48294;9029;0
79669;48294;2443;0
79670;48294;1070;0
79671;48294;2444;0
79672;48294;126;0
79674;48294;2447;1
79685;48238;48308;0
79687;48238;48310;0
79691;48238;48314;0
79692;48238;48315;0
79696;48238;48319;0
79701;48238;37360;0
79702;48238;48323;0
79704;48238;47955;0
79707;48238;5905;0
79708;48238;17094;0
79709;48238;7336;0
79713;48238;48329;0
79714;48238;48330;0
79716;48238;5913;0
79718;48238;48333;0
79724;48238;17120;0
79725;48238;48338;0
79726;48238;48339;1
79732;48238;48344;0
79733;48238;48244;0
79735;48238;45980;0
79736;48238;48346;1
79740;48238;40187;0
79742;48238;48349;0
79743;48238;48350;0
79744;48238;14924;1
79747;48238;45987;0
79748;48238;48353;0
79749;48238;33206;0
79753;48238;48357;0
79754;48238;48358;0
79758;48238;5712;0
79760;48238;5938;0
79761;48238;48362;0
79762;48238;48363;0
79763;48238;46050;0
79764;48238;48364;0
79766;48238;5858;0
79768;48238;14434;0
79770;48238;48368;0
79771;48238;48369;0
79773;48238;48158;0
79774;48238;5728;0
79778;48238;46371;0
79779;48238;48370;0
79781;48238;48371;1
79784;48238;48373;0
79785;48238;48257;0
79786;48238;48258;0
79787;48238;6054;1
79789;48238;6056;0
79790;48238;43116;1
79791;48238;48375;0
79795;48238;9023;1
79796;48238;6061;1
79797;48238;1727;1
79801;48238;48269;0
79802;48238;9024;1
79807;48238;37420;0
79808;48238;5762;1
79809;48238;93;1
79810;48238;5969;1
79815;48238;5972;1
79818;48238;23666;1
79823;48238;105;0
79827;48238;3594;0
79830;48238;48383;1
79831;48238;3197;1
79832;48238;3601;1
79835;48238;1263;0
79837;48238;2444;0
79838;48238;126;0
79863;48238;199;0
79871;6781;37376;0
79872;6781;48399;0
79873;6781;37381;0
79874;6781;48400;0
79875;6781;48401;1
79876;6781;48402;0
79879;6781;5712;0
79880;6781;48404;1
79882;6781;43609;0
79883;6781;48406;0
79886;6781;48407;0
79888;6781;48408;0
79890;6781;6056;0
79893;6781;6060;0
79894;6781;48411;0
79895;6781;9023;0
79900;6781;41146;0
79902;6781;48413;0
79904;6781;48414;0
79906;6781;5772;0
79907;6781;48383;0
79908;6781;3197;0
79992;48424;48430;0
79994;48424;48432;0
80004;48424;40201;0
80006;48424;48251;1
80007;48424;16944;0
80010;48424;5728;0
80012;48424;10448;0
80017;48424;48446;0
80026;48424;48450;0
80027;48424;5955;0
80031;48424;48453;0
80032;48424;48258;0
80033;48424;48454;0
80034;48424;6054;0
80035;48424;32227;0
80036;48424;6515;0
80037;48424;48455;0
80041;48424;48458;0
80042;48424;6056;0
80045;48424;43116;0
80046;48424;48460;0
80055;48424;48466;0
80056;48424;1727;0
80059;48424;48469;0
80063;48424;48471;0
80067;48424;9024;0
80071;48424;48474;0
80075;48424;42781;0
80077;48424;40229;0
80079;48424;48477;0
80080;48424;38068;0
80081;48424;37420;0
80083;48424;5762;0
80084;48424;5969;0
80085;48424;48479;0
80087;48424;48481;0
80090;48424;6352;0
80092;48424;5879;0
80093;48424;5972;0
80094;48424;22788;0
80097;48424;3693;0
80098;48424;23666;0
80099;48424;48482;0
80100;48424;48483;0
80103;48424;105;0
80105;48424;48485;0
80106;48424;1759;0
80107;48424;5976;0
80109;48424;7180;0
80110;48424;5772;1
80115;48424;2789;0
80116;48424;48304;0
80118;48424;48487;0
80119;48424;3197;0
80121;48424;38429;0
80122;48424;2431;0
80124;48424;33288;0
80125;48424;38776;0
80130;48424;11080;0
80132;48424;48489;0
80133;48424;38099;0
80134;48424;1263;0
80136;48424;5782;0
80137;48424;2838;0
80140;48424;2054;0
80143;48424;2444;0
80148;48424;1630;0
80149;48424;2447;0
80178;48424;770;0
80200;48346;48353;0
80201;48346;48520;0
80202;48346;5712;0
80205;48346;48362;0
80206;48346;48521;0
80208;48346;39490;0
80209;48346;48523;0
80210;48346;48524;0
80212;48346;6056;0
80213;48346;43116;0
80217;48346;9024;0
80218;48346;41146;0
80223;48346;3197;0
80224;48346;48530;0
80226;48346;4542;0
80366;48591;48596;0
80367;48591;48597;0
80369;48591;37392;0
80373;48591;48601;0
80374;48591;48602;0
80377;48591;48158;0
80378;48591;48605;0
80379;48591;48606;0
80383;48591;48407;1
80385;48591;48373;0
80388;48591;6056;0
80393;48591;48573;1
80394;48591;48574;0
80395;48591;41146;0
80404;48591;5179;0
80405;48591;5772;0
80406;48591;3197;0
80437;48640;7939;0
80438;48640;48642;0
80439;48640;48643;1
80440;48640;48644;0
80441;48640;7565;0
80442;48640;48645;0
80443;48640;48646;0
80444;48640;48647;0
80446;48640;7946;0
80447;48640;48649;0
80448;48640;48650;0
80449;48640;48651;0
80450;48640;48652;0
80451;48640;48653;0
80453;48640;48655;0
80454;48640;48656;0
80455;48640;48657;0
80456;48640;48658;0
80457;48640;48659;0
80459;48640;2514;0
80460;48640;48661;0
80461;48640;8126;0
80462;48640;48662;0
80463;48640;48663;0
80464;48640;48664;0
80466;48640;7954;0
80467;48640;7698;1
80469;48640;48667;0
80472;48640;48670;0
80474;48640;48672;0
80475;48640;48673;0
80477;48640;5896;0
80479;48640;48676;0
80480;48640;48677;0
80481;48640;48678;0
80482;48640;48679;1
80483;48640;48680;1
80484;48640;48681;0
80487;48640;4982;0
80488;48640;48683;0
80490;48640;48685;0
80491;48640;47922;0
80492;48640;7962;0
80493;48640;48686;0
80494;48640;48687;0
80495;48640;48688;0
80496;48640;48689;0
80497;48640;8179;0
80499;48640;48691;0
80500;48640;5901;0
80501;48640;7964;0
80502;48640;48692;1
80503;48640;48693;0
80505;48640;7729;1
80506;48640;7966;1
80507;48640;48695;0
80508;48640;48696;0
80513;48640;5903;0
80514;48640;48701;0
80517;48640;8205;0
80519;48640;48704;0
80521;48640;48706;0
80525;48640;48710;0
80526;48640;48711;0
80528;48640;48712;0
80529;48640;48713;0
80530;48640;48714;0
80531;48640;48715;0
80533;48640;48716;0
80534;48640;48717;0
80537;48640;5913;0
80538;48640;48720;0
80539;48640;6025;0
80540;48640;48721;0
80543;48640;48723;0
80546;48640;48725;0
80547;48640;48726;0
80549;48640;48728;0
80550;48640;48729;0
80551;48640;5916;1
80556;48640;1340;0
80557;48640;48733;0
80559;48640;739;0
80560;48640;48735;0
80561;48640;5812;0
80562;48640;48736;0
80564;48640;48738;0
80565;48640;48739;0
80566;48640;5919;0
80567;48640;8966;0
80568;48640;48740;0
80569;48640;5920;0
80572;48640;48742;0
80574;48640;48744;0
80575;48640;27476;0
80577;48640;12816;0
80579;48640;48745;0
80581;48640;48747;0
80582;48640;48748;0
80583;48640;3406;0
80586;48640;48750;0
80587;48640;37381;0
80589;48640;48751;0
80591;48640;3962;0
80592;48640;5927;0
80593;48640;48753;0
80594;48640;48754;0
80596;48640;5845;0
80598;48640;23111;0
80599;48640;5931;0
80601;48640;48247;0
80603;48640;5852;0
80605;48640;5936;0
80606;48640;48758;0
80609;48640;11572;0
80610;48640;6043;0
80612;48640;48762;0
80615;48640;5939;0
80617;48640;5940;0
80619;48640;5941;0
80620;48640;43155;0
80622;48640;48764;0
80623;48640;12297;0
80626;48640;33214;0
80628;48640;48765;0
80630;48640;48767;0
80633;48640;48768;0
80634;48640;5728;0
80635;48640;48769;0
80637;48640;455;1
80642;48640;5868;0
80643;48640;37408;0
80645;48640;23152;0
80647;48640;48773;0
80651;48640;6152;0
80659;48640;48258;0
80660;48640;48454;0
80661;48640;6054;0
80662;48640;48776;0
80666;48640;6056;0
80668;48640;5959;0
80670;48640;5960;0
80672;48640;38854;0
80673;48640;6156;0
80680;48640;43180;0
80683;48640;37739;0
80686;48640;48783;0
80687;48640;48471;0
80690;48640;48269;0
80694;48640;48785;0
80700;48640;5972;0
80704;48640;8031;0
80707;48640;5975;0
80711;48640;39910;0
80712;48640;7180;0
80713;48640;5772;0
80717;48640;33288;0
80726;48640;126;0
80728;48640;9376;0
80900;48876;37392;1
80901;48876;14607;1
80903;48876;48878;0
80907;48876;14625;1
80908;48876;48881;1
80910;48876;1727;0
80913;48876;5969;0
80917;48876;14647;1
80918;48876;48885;1
80920;48876;3197;1
80925;48876;2443;0
80926;48876;126;0
80927;48876;1071;0
80935;48888;48889;0
80936;48888;48890;0
80937;48888;14419;0
80938;48888;14420;0
80942;48888;5061;0
80943;48888;43431;0
80946;48888;41294;0
80948;48888;5071;0
80949;48888;7128;0
80953;48888;48897;0
80958;48888;23590;0
80962;48888;1027;0
80965;48888;9777;0
80971;48888;48902;0
80978;48888;37127;0
80981;48888;24201;0
80985;48888;15012;0
80987;48888;24218;0
80993;48888;14785;0
81019;48919;48922;0
81020;48919;48923;0
81021;48919;41831;1
81022;48919;48924;0
81023;48919;48925;1
81024;48919;48926;0
81026;48919;41608;0
81027;48919;48927;0
81028;48919;48928;0
81029;48919;48929;0
81030;48919;48930;0
81032;48919;48931;0
81035;48919;48933;1
81036;48919;24308;0
81037;48919;41881;0
81038;48919;48934;0
81039;48919;15628;0
81041;48919;42048;1
81042;48919;24429;0
81044;48919;48937;0
81045;48919;17024;1
81046;48919;48938;1
81047;48919;48939;0
81048;48919;48940;0
81050;48919;25739;0
81051;48919;17025;0
81052;48919;48942;0
81053;48919;17027;0
81054;48919;17026;0
81055;48919;41896;0
81056;48919;27104;0
81057;48919;42058;1
81061;48919;17030;1
81062;48919;48943;1
81063;48919;39506;0
81065;48919;48944;0
81066;48919;41900;1
81067;48919;48945;0
81068;48919;37275;1
81069;48919;25147;1
81070;48919;15654;0
81075;48919;48946;0
81076;48919;48947;1
81077;48919;32694;0
81079;48919;29176;0
81082;48919;48948;0
81083;48919;48949;0
81084;48919;28681;0
81085;48919;4416;1
81086;48919;41916;0
81087;48919;2407;1
81088;48919;14868;0
81089;48919;42036;0
81090;48919;15665;0
81092;48919;24608;0
81093;48919;36862;0
81094;48919;48950;0
81097;48919;4216;1
81098;48919;7180;0
81100;48919;38771;1
81105;48919;48952;0
81106;48919;15670;0
81110;48919;7784;1
81115;48919;8716;0
81156;48978;48979;0
81157;48978;48980;0
81158;48978;48981;0
81159;48978;48982;0
81160;48978;48983;1
81162;48978;48985;0
81163;48978;48986;1
81165;48978;48988;0
81166;48978;48989;0
81168;48978;48991;0
81169;48978;48992;0
81170;48978;48993;0
81171;48978;48994;0
81173;48978;48996;0
81174;48978;48997;0
81175;48978;48998;0
81176;48978;48999;0
81177;48978;49000;1
81178;48978;49001;0
81180;48978;49003;1
81181;48978;49004;1
81182;48978;49005;0
81183;48978;49006;1
81184;48978;49007;0
81185;48978;49008;0
81186;48978;49009;0
81187;48978;49010;0
81190;48978;49013;0
81191;48978;49014;0
81192;48978;49015;0
81193;48978;49016;1
81195;48978;49018;1
81196;48978;49019;0
81197;48978;49020;0
81198;48978;49021;0
81199;48978;49022;0
81200;48978;49023;0
81201;48978;49024;0
81202;48978;49025;0
81203;48978;49026;0
81204;48978;49027;0
81205;48978;49028;0
81207;48978;49030;0
81208;48978;49031;0
81209;48978;49032;0
81210;48978;49033;0
81211;48978;49034;0
81212;48978;49035;0
81213;48978;49036;0
81215;48978;49038;0
81216;48978;49039;0
81218;48978;49041;0
81220;48978;49043;0
81221;48978;49044;0
81222;48978;49045;0
81223;48978;49046;0
81224;48978;49047;0
81225;48978;49048;0
81226;48978;7828;0
81227;48978;49049;0
81229;48978;49051;0
81232;48978;6746;1
81233;48978;8010;0
81234;48978;48657;0
81235;48978;49053;0
81236;48978;2517;0
81237;48978;6754;1
81238;48978;7584;0
81239;48978;7311;0
81241;48978;49055;0
81242;48978;3819;0
81243;48978;49056;0
81244;48978;6000;1
81246;48978;2554;0
81247;48978;1120;0
81248;48978;7346;0
81250;48978;45723;0
81251;48978;49058;0
81252;48978;17905;0
81254;48978;49060;0
81255;48978;6250;0
81258;48978;2407;0
81261;48978;15670;0
81274;1120;49073;0
81275;1120;17006;0
81276;1120;44925;0
81277;1120;49074;0
81278;1120;4132;0
81279;1120;49075;1
81281;1120;4146;0
81282;1120;4365;1
81283;1120;1137;0
81284;1120;49077;0
81286;1120;24308;0
81287;1120;49078;0
81288;1120;4376;1
81289;1120;17024;0
81291;1120;14342;0
81292;1120;10532;0
81293;1120;1156;0
81294;1120;42061;1
81296;1120;1722;0
81297;1120;39506;1
81299;1120;4416;1
81300;1120;2407;1
81301;1120;4216;0
81302;1120;4017;0
81306;1120;770;0
81308;17006;49081;0
81309;17006;49082;0
81310;17006;49083;0
81312;17006;32215;0
81320;17006;49090;0
81321;17006;28486;0
81322;17006;49091;1
81323;17006;48922;0
81330;17006;16552;0
81331;17006;17010;0
81335;17006;17011;0
81336;17006;49096;0
81337;17006;49097;0
81338;17006;17012;0
81340;17006;49099;0
81341;17006;26303;0
81342;17006;17013;0
81343;17006;49100;0
81346;17006;49103;1
81348;17006;49104;0
81349;17006;48926;0
81352;17006;16193;0
81354;17006;41852;0
81356;17006;49108;0
81357;17006;24298;0
81358;17006;49109;0
81359;17006;49110;0
81360;17006;41855;0
81362;17006;49112;1
81363;17006;41856;0
81364;17006;49113;0
81365;17006;41858;1
81367;17006;49114;0
81368;17006;12895;1
81374;17006;49119;0
81375;17006;23014;0
81379;17006;49121;0
81380;17006;43154;0
81381;17006;49122;0
81382;17006;49123;0
81384;17006;49125;0
81386;17006;49126;0
81387;17006;12906;0
81389;17006;41872;0
81390;17006;49127;0
81391;17006;17018;0
81393;17006;2368;0
81395;17006;49129;0
81397;17006;1145;0
81402;17006;49132;0
81403;17006;49133;0
81405;17006;48933;1
81406;17006;24308;1
81408;17006;49135;0
81410;17006;24559;0
81412;17006;24428;0
81413;17006;49136;0
81414;17006;49137;0
81415;17006;41885;0
81416;17006;49138;0
81417;17006;44677;1
81418;17006;42025;0
81420;17006;17023;0
81421;17006;37597;0
81422;17006;49139;1
81428;17006;10086;1
81430;17006;49140;0
81432;17006;48937;1
81433;17006;42030;0
81435;17006;17024;0
81436;17006;10143;0
81437;17006;48939;0
81439;17006;16669;0
81442;17006;48938;0
81443;17006;49144;0
81444;17006;38983;0
81446;17006;49145;0
81447;17006;10532;0
81449;17006;49147;0
81451;17006;17025;0
81452;17006;16206;0
81453;17006;47843;0
81454;17006;28801;0
81455;17006;49148;0
81456;17006;12301;1
81459;17006;17027;0
81460;17006;49149;0
81461;17006;17026;0
81462;17006;49150;0
81463;17006;41896;1
81469;17006;49154;0
81472;17006;42058;0
81478;17006;49157;0
81479;17006;49158;0
81483;17006;17030;1
81484;17006;48943;0
81485;17006;33354;0
81487;17006;49162;0
81488;17006;39506;0
81489;17006;3519;0
81492;17006;38894;0
81493;17006;41900;0
81494;17006;49164;0
81495;17006;32692;0
81496;17006;48945;0
81497;17006;41901;1
81499;17006;25147;0
81502;17006;15654;0
81503;17006;37530;0
81508;17006;42070;0
81509;17006;49166;0
81510;17006;38896;1
81511;17006;44706;0
81514;17006;49167;0
81515;17006;38759;0
81516;17006;48946;0
81519;17006;24644;0
81520;17006;17034;1
81521;17006;32694;1
81522;17006;22691;0
81524;17006;7415;0
81527;17006;42130;0
81532;17006;28681;0
81533;17006;4416;1
81534;17006;49171;0
81535;17006;41916;1
81537;17006;23785;0
81538;17006;2407;1
81539;17006;22693;0
81541;17006;42036;0
81545;17006;15665;0
81547;17006;42077;0
81550;17006;10564;0
81551;17006;2412;0
81552;17006;36862;1
81554;17006;27805;0
81557;17006;4216;1
81560;17006;38771;0
81561;17006;49176;0
81565;17006;49178;0
81566;17006;2431;0
81567;17006;49179;0
81570;17006;7784;1
81571;17006;1068;0
81573;17006;9029;0
81574;17006;3626;0
81611;17006;770;0
81638;17024;49204;0
81639;17024;49205;0
81642;17024;49208;0
81647;17024;39506;0
81650;17024;41900;0
81651;17024;49164;0
81653;17024;25147;0
81661;17024;42070;0
81666;17024;49223;0
81672;17024;49227;0
81673;17024;4416;0
81674;17024;2407;1
81676;17024;49229;0
81678;17024;15665;0
81681;17024;36862;0
81686;17024;4216;0
81687;17024;39911;0
81689;17024;42135;0
81702;17024;9029;0
81703;17024;3626;0
81710;17024;49251;0
81792;17024;49303;0
81838;28571;49340;0
81839;28571;49341;0
81845;28571;49346;0
81846;28571;49347;0
81847;28571;49348;0
81848;28571;49349;0
81850;28571;49351;0
81863;28571;49363;1
81866;28571;49366;1
81867;28571;49367;1
81869;28571;49369;0
81870;28571;49370;0
81871;28571;38252;0
81872;28571;49371;0
81885;28571;49384;1
81894;28571;49393;0
81915;28571;49411;1
81918;28571;49413;0
81928;28571;49420;0
81943;28571;49431;0
81962;28571;41343;0
81977;28571;49459;1
82003;28571;49472;1
82580;4064;49791;0
82586;4064;1;0
82587;4064;49796;0
82589;4064;47256;0
82590;4064;49798;0
82592;4064;4084;0
82593;4064;49800;1
82598;4064;47260;0
82603;4064;49808;0
82604;4064;4453;0
82605;4064;49809;0
82606;4064;49810;0
82622;4064;49822;0
82629;4064;38;0
82630;4064;47016;0
82632;4064;23045;0
82636;4064;36281;0
82639;4064;49832;0
82640;4064;49833;0
82641;4064;49834;0
82642;4064;43;0
82647;4064;49838;0
82651;4064;49841;0
82655;4064;47562;0
82659;4064;49847;0
82662;4064;49850;0
82664;4064;29989;0
82666;4064;47031;0
82674;4064;49859;0
82675;4064;25727;0
82679;4064;7343;1
82680;4064;26512;0
82684;4064;49865;0
82687;4064;46145;0
82689;4064;49869;0
82698;4064;49875;0
82699;4064;38040;0
82703;4064;49879;0
82711;4064;89;0
82717;4064;38186;0
82720;4064;807;0
82723;4064;39999;1
82727;4064;102;0
82729;4064;105;1
82731;4064;819;0
82736;4064;49899;0
82737;4064;270;0
82741;4064;32152;0
82743;4064;43557;0
82746;4064;49905;0
82751;4064;129;0
82787;4064;199;0
82912;21;38;0
82924;21;50057;0
82941;21;62;0
82942;21;47415;1
82943;21;63;0
82952;21;67;0
82955;21;72;0
82964;21;50083;0
82972;21;84;0
82979;21;50093;0
82984;21;98;0
82989;21;105;0
83021;21;136;0
83022;21;50128;0
83029;21;50134;0
83032;21;144;0
83034;21;50138;0
83039;21;146;0
83041;21;151;0
83043;21;153;0
83049;21;167;1
83053;21;177;0
83054;21;182;1
83058;21;194;0
83061;21;199;0
83076;39475;50158;0
83077;39475;24536;0
83078;39475;23329;0
83083;39475;50160;0
83084;39475;50161;0
83102;39475;27675;0
83103;39475;23367;0
83104;39475;50170;0
83108;39475;50172;0
83109;39475;15660;0
83112;39475;39984;0
83118;39475;23379;0
83120;39475;39901;0
83128;39475;39516;1
83130;39475;1982;0
83136;39475;33276;0
83137;39475;7422;0
83141;39475;23391;0
83147;39475;7895;0
83149;39475;2013;0
83150;39475;23393;0
83153;39475;39428;0
83154;39475;2025;0
83159;39475;10456;0
83160;39475;24201;0
83161;39475;2041;0
83165;39475;10378;0
83168;39475;7784;0
83169;39475;1068;0
83172;39475;1070;0
83177;39475;1267;0
83179;39475;1630;0
83188;39475;38251;1
83189;39475;50200;0
83192;39475;40568;0
83202;39475;1445;0
83247;39475;2150;0
83292;50261;50264;0
83293;50261;50265;0
83302;50261;50273;0
83304;50261;50275;0
83310;50261;50281;0
83312;50261;50282;0
83319;50261;23319;0
83321;50261;50290;0
83322;50261;50291;0
83323;50261;50292;0
83324;50261;50293;0
83332;50261;50300;0
83336;50261;14611;0
83339;50261;50306;0
83350;50261;50316;0
83352;50261;50318;0
83360;50261;50326;0
83369;50261;17024;1
83370;50261;38982;1
83398;50261;39506;0
83399;50261;50359;1
83401;50261;38173;0
83404;50261;12302;0
83417;50261;50372;0
83420;50261;7415;0
83425;50261;39985;0
83433;50261;2407;0
83447;50261;27805;0
83458;50261;15666;0
83465;50261;2025;0
83466;50261;2431;0
83476;50261;15670;0
83492;50261;2443;0
83493;50261;1070;0
83494;50261;2444;0
83504;50261;16223;0
83531;50261;4048;0
83602;50261;199;0
83627;50540;50541;0
83631;50540;10165;0
83634;50540;10181;0
83638;50540;39522;0
83647;50540;50556;0
83673;50580;50582;0
83676;50580;50584;0
83682;50580;50590;0
83685;50580;50593;0
83688;50580;50596;0
83689;50580;50597;0
83693;50580;24651;0
83702;50580;50609;0
83704;50580;50610;0
83705;50580;16849;0
83706;50580;50611;0
83719;50616;50620;0
83720;50616;45837;0
83725;50616;10181;0
83794;50616;15023;0
83940;39752;50816;0
83946;39752;50822;0
83947;39752;50823;0
83949;39752;39758;1
83955;39752;39793;1
83958;39752;2783;0
83959;39752;39798;0
83961;39752;37149;0
83994;39752;2150;1
84373;51160;51176;0
84388;51160;9082;0
84542;51299;51304;0
84549;51299;24163;0
84567;51299;2460;0
84619;51299;9546;0
84784;14613;51486;0
84788;14613;51490;0
84793;14613;51495;1
84794;14613;51496;0
84808;14613;51510;1
84811;14613;5955;0
84814;14613;51515;1
84844;14613;51543;0
84849;14613;51547;0
84850;14613;51548;0
84852;14613;45837;1
84853;14613;45838;0
84854;14613;51550;1
84857;14613;51553;1
84863;14613;51557;1
84864;14613;51558;1
84865;14613;51559;1
84872;14613;43542;0
84886;14613;51576;1
84888;14613;51578;0
84890;14613;51580;0
84899;14613;51588;1
84905;14613;51594;0
84912;14613;51601;0
84943;14613;1070;0
84944;14613;126;0
84955;14613;199;0
84973;51638;51644;0
84980;51638;51650;0
84985;51638;51654;0
84990;51638;26512;0
84995;51638;51663;0
84999;51638;51667;0
85000;51638;51668;0
85002;51638;14625;0
85016;51638;51683;0
85018;51638;14638;1
85021;51638;51686;0
85028;51638;51693;0
85036;51638;51700;0
85067;51638;51728;0
85091;51638;286;1
85097;51638;51754;0
85620;52057;47637;0
85621;52057;52086;0
85622;52057;52087;0
85640;52057;32108;0
85646;52057;52108;0
85661;52057;52121;0
85671;52057;46783;0
85673;52057;52130;0
85674;52057;45813;0
85678;52057;65;0
85680;52057;36456;0
85688;52057;52142;0
85693;52057;46154;0
85694;52057;52147;0
85698;52057;46669;0
85701;52057;32134;0
85710;52057;45843;0
85713;52057;2782;0
85714;52057;10187;0
85715;52057;102;0
85717;52057;45849;0
85721;52057;819;0
85729;52057;32152;0
85732;52057;129;0
86421;52703;20969;0
86426;52703;52711;0
86433;52703;52717;0
86436;52703;52720;0
86438;52703;52721;0
86446;52703;9192;0
86453;52703;7759;0
86458;52703;52736;0
86461;52703;52739;0
86462;52703;52740;0
86463;52703;52741;0
86465;52703;52743;0
86466;52703;52744;0
86490;52703;37530;0
86495;52703;52769;0
86508;52703;4416;0
86509;52703;2407;0
86512;52703;10564;0
86515;52703;52782;0
86519;52703;2431;0
86543;52703;3560;0
86834;53000;38269;0
86944;53114;46231;0
86945;53114;40876;0
86946;53114;46232;0
86947;53114;46233;0
86951;53114;17364;0
86953;53114;53120;0
86954;53114;53121;0
86955;53114;53122;0
86957;53114;53124;0
86958;53114;53125;0
86960;53114;53127;0
86961;53114;53128;0
86962;53114;47087;0
86965;53114;53131;0
86966;53114;46065;1
86967;53114;53132;0
86972;53114;53136;0
86973;53114;53137;0
86974;53114;53138;0
86979;53114;53142;0
86981;53114;40902;0
86986;53114;46059;0
86987;53114;53148;0
86988;53114;47093;0
86990;53114;47094;0
86992;53114;47095;0
86993;53114;47633;0
86994;53114;53151;0
86996;53114;40909;0
86999;53114;53155;0
87000;53114;7112;0
87002;53114;53157;0
87004;53114;53158;0
87007;53114;53161;0
87013;53114;52087;0
87014;53114;7120;0
87016;53114;47104;0
87019;53114;47380;0
87022;53114;46773;0
87025;53114;53170;0
87026;53114;47108;0
87031;53114;53174;0
87033;53114;32109;0
87035;53114;53176;0
87037;53114;53178;1
87041;53114;46256;0
87044;53114;53184;0
87046;53114;32070;0
87048;53114;7129;0
87052;53114;32116;0
87054;53114;32117;0
87057;53114;53192;0
87058;53114;53193;0
87060;53114;53195;0
87061;53114;46271;0
87064;53114;53197;0
87068;53114;46275;1
87070;53114;2752;0
87071;53114;46279;0
87072;53114;46280;0
87076;53114;53204;0
87077;53114;32129;1
87081;53114;46282;0
87082;53114;53207;0
87083;53114;7155;0
87084;53114;46284;0
87085;53114;40939;0
87086;53114;45839;0
87090;53114;89;0
87095;53114;93;0
87096;53114;807;0
87098;53114;40496;0
87099;53114;2782;0
87100;53114;37332;0
87103;53114;42077;0
87105;53114;45849;1
87107;53114;1998;0
87108;53114;105;0
87110;53114;7184;0
87115;53114;19697;0
87117;53114;10984;0
87120;53114;7188;0
87128;53114;9376;0
87151;53114;770;0
87152;53114;3560;0
87261;53231;53232;0
87262;53231;53233;0
87263;53231;53234;0
87265;53231;8802;0
87266;53231;53236;0
87268;53231;53238;0
87269;53231;53239;0
87270;53231;53240;0
87271;53231;53241;0
87272;53231;37779;0
87273;53231;37460;0
87274;53231;53242;0
87276;53231;53244;0
87277;53231;53245;0
87278;53231;53246;1
87279;53231;53247;0
87281;53231;47089;0
87285;53231;40902;0
87286;53231;20969;0
87288;53231;37824;0
87289;53231;53251;0
87290;53231;53252;0
87291;53231;14569;1
87292;53231;47093;0
87294;53231;53254;0
87298;53231;53257;0
87301;53231;53259;0
87304;53231;53262;0
87306;53231;53263;0
87307;53231;37860;0
87309;53231;53264;0
87313;53231;53268;0
87314;53231;53269;0
87315;53231;52717;0
87318;53231;53270;0
87321;53231;37496;0
87325;53231;37901;0
87327;53231;44415;0
87328;53231;37499;1
87331;53231;53276;0
87332;53231;53277;0
87336;53231;11552;0
87338;53231;46515;0
87340;53231;37503;0
87341;53231;53280;0
87351;53231;27851;0
87352;53231;37512;0
87362;53231;53293;0
87366;53231;53294;0
87374;53231;15634;0
87379;53231;53305;1
87380;53231;6515;0
87381;53231;53306;0
87382;53231;53307;0
87383;53231;17157;0
87386;53231;53310;0
87387;53231;44464;0
87389;53231;53311;0
87393;53231;10161;1
87394;53231;10163;0
87395;53231;53314;0
87397;53231;10165;0
87400;53231;53317;0
87401;53231;44706;0
87404;53231;53319;0
87410;53231;53322;0
87414;53231;2407;0
87416;53231;23247;0
87418;53231;5179;0
87420;53231;53326;1
87422;53231;105;0
87424;53231;7895;0
87426;53231;10197;0
87427;53231;10198;0
87433;53231;9781;0
87476;53362;53365;0
87477;53362;53366;0
87478;53362;53367;0
87480;53362;53369;0
87484;53362;53373;0
87485;53362;53374;0
87487;53362;53376;0
87490;53362;53379;0
87492;53362;53380;1
87493;53362;53381;0
87497;53362;53385;0
87502;53362;53388;0
87503;53362;8802;0
87507;53362;53391;0
87510;53362;53393;0
87513;53362;37774;0
87514;53362;53239;0
87516;53362;53397;0
87519;53362;37779;0
87520;53362;53400;0
87521;53362;1451;0
87522;53362;53401;0
87526;53362;53405;0
87528;53362;53407;0
87532;53362;53409;0
87537;53362;53414;0
87539;53362;53415;0
87547;53362;53422;0
87550;53362;37788;0
87552;53362;53426;1
87553;53362;53427;0
87555;53362;53429;0
87558;53362;53246;0
87559;53362;16722;0
87564;53362;53435;0
87574;53362;53442;1
87578;53362;53445;1
87581;53362;53446;0
87584;53362;37807;0
87587;53362;53450;0
87588;53362;53451;0
87589;53362;20969;0
87590;53362;37812;0
87598;53362;37824;0
87601;53362;53460;0
87603;53362;37478;0
87605;53362;53463;0
87606;53362;47093;0
87610;53362;53465;0
87622;53362;53470;0
87626;53362;37860;0
87627;53362;53264;0
87629;53362;53472;0
87631;53362;53474;0
87632;53362;53475;0
87640;53362;53481;0
87641;53362;47831;0
87644;53362;37881;1
87651;53362;739;0
87653;53362;37891;0
87655;53362;53270;0
87659;53362;50282;0
87661;53362;53490;0
87672;53362;37496;0
87675;53362;37901;1
87678;53362;44415;0
87684;53362;53502;0
87689;53362;28652;0
87691;53362;37917;1
87693;53362;37505;1
87694;53362;47109;0
87695;53362;37506;0
87696;53362;53508;0
87697;53362;53509;0
87700;53362;53512;0
87705;53362;10126;1
87709;53362;8655;0
87715;53362;53519;0
87718;53362;53522;0
87729;53362;32227;0
87730;53362;6515;0
87731;53362;32129;0
87734;53362;40939;0
87743;53362;37931;1
87746;53362;16585;0
87749;53362;93;1
87751;53362;8694;0
87753;53362;10629;0
87755;53362;10185;0
87756;53362;105;0
87758;53362;7184;0
87759;53362;10197;0
87761;53362;2431;0
87762;53362;1764;0
87766;53362;44492;0
87770;53362;7784;0
87771;53362;1068;0
87772;53362;1264;0
87775;53362;53538;0
87804;53362;770;0
87826;53568;1451;0
87832;53568;739;0
87841;53568;5061;0
87847;53568;23110;0
87853;53568;1496;0
87871;53568;51486;0
87874;53568;51496;0
87879;53568;53598;0
87880;53568;12427;0
87883;53568;51515;0
87887;53568;53601;0
87896;53568;5870;0
87902;53568;51547;0
87903;53568;14636;0
87904;53568;51548;0
87906;53568;45837;0
87907;53568;45838;0
87911;53568;53616;0
87914;53568;51557;0
87924;53568;53625;0
87925;53568;43542;0
87928;53568;53628;0
87931;53568;93;0
87932;53568;51580;0
87935;53568;53630;0
87936;53568;51588;0
87940;53568;5179;0
87946;53568;20320;0
87947;53568;51601;0
87948;53568;3586;0
87956;53568;2054;0
87957;53568;126;0
87958;53568;1071;0
87959;53568;8514;0
87975;53568;770;0
87977;53568;199;0
87997;53654;40938;0
87998;53654;53656;0
88000;53654;53658;1
88013;53654;53668;0
88022;53654;53673;0
88031;53654;53679;1
88040;53654;24000;0
88043;53654;53690;0
88437;14537;14519;0
88441;14537;53778;0
88442;14537;14529;0
88443;14537;53779;0
88444;14537;14533;0
88445;14537;53780;0
88446;14537;14543;1
88447;14537;53781;1
88450;14537;53783;0
88451;14537;53784;1
88452;14537;14552;1
88453;14537;53785;0
88455;14537;14560;1
88456;14537;14562;0
88458;14537;39292;0
88460;14537;53787;0
88461;14537;53788;0
88462;14537;53789;0
88465;14537;14573;1
88471;14537;14577;1
88472;14537;4453;0
88473;14537;2239;0
88476;14537;53795;0
88478;14537;739;0
88481;14537;12230;0
88482;14537;12806;0
88483;14537;53796;0
88484;14537;2699;0
88485;14537;14590;0
88486;14537;53797;0
88487;14537;53798;0
88490;14537;14593;0
88492;14537;53801;0
88496;14537;14610;1
88497;14537;4477;0
88498;14537;3467;0
88499;14537;3473;0
88500;14537;752;0
88501;14537;32513;0
88502;14537;14625;0
88503;14537;10619;0
88504;14537;6154;0
88506;14537;3767;0
88507;14537;93;1
88508;14537;2399;0
88523;14537;770;1
88528;53815;53817;0
88547;53828;51515;0
88550;53828;53601;0
88556;53828;51547;0
88558;53828;45837;0
88560;53828;51553;0
88571;53828;51601;0
88576;53828;2431;0
88580;53828;1070;0
88870;9777;5071;0
88871;9777;2318;0
88872;9777;6126;0
88874;9777;24256;0
88875;9777;23196;0
88876;9777;12301;0
88883;9777;45194;0
88892;9777;10629;0
88897;9777;54042;0
88901;9777;23248;0
88902;9777;10564;0
88904;9777;54045;0
88906;9777;27805;0
88913;9777;6168;0
88914;9777;45603;0
88916;9777;10197;0
88920;9777;10198;0
88923;9777;2431;0
88924;9777;37127;0
88926;9777;8703;0
88927;9777;54051;0
88928;9777;24198;0
88929;9777;24201;0
88930;9777;24203;0
88935;9777;25158;0
88938;9777;36772;0
88943;9777;15012;0
88944;9777;54056;0
88945;9777;5782;0
88947;9777;24218;0
88949;9777;2443;0
88950;9777;2444;0
88951;9777;126;0
88956;9777;14785;0
88960;9777;6171;0
89273;54246;54259;0
89274;54246;54260;1
89275;54246;12816;0
89284;54246;54268;1
89289;54246;54272;0
89291;54246;54274;0
89293;54246;48897;0
89297;54246;23590;1
89300;54246;54281;1
89301;54246;54282;0
89303;54246;54284;0
89304;54246;54285;1
89307;54246;54287;1
89310;54246;54289;0
89320;54246;12302;1
89323;54246;54298;0
89332;54246;36731;1
89340;54246;54304;1
89359;54315;1451;1
89362;54315;54318;1
89367;54315;7346;0
89373;54315;7759;0
89374;54315;54324;0
89377;54315;54326;1
89378;54315;24536;0
89383;54315;54328;0
89387;54315;12301;0
89393;54315;12302;0
89396;54315;54333;1
89397;54315;9777;0
89401;54315;3559;0
89406;54315;2007;0
89408;54315;36772;0
89411;54315;3560;0
89420;54341;54189;1
89423;54341;54344;1
89425;54341;54191;0
89426;54341;54193;1
89427;54341;23224;0
89429;54341;54347;1
89431;54341;1743;0
89433;54341;54348;0
89437;54341;54350;0
89438;54341;54351;0
89439;54341;42783;0
89440;54341;54352;0
89443;54341;54354;0
89449;54341;54356;1
89454;54341;23248;1
89456;54341;22007;0
89460;54341;54362;0
89465;54341;24195;0
89467;54341;2431;0
89468;54341;1764;0
89469;54341;54217;0
89470;54341;54218;0
89473;54341;24201;1
89474;54341;24203;0
89480;54341;8708;0
89481;54341;15012;0
89487;54341;2443;0
89488;54341;2444;1
89492;54341;3635;1
89493;54341;6171;0
89635;54384;54386;0
89636;54384;739;0
89638;54384;12808;0
89639;54384;54116;0
89640;54384;54387;0
89641;54384;7757;0
89645;54384;5067;0
89646;54384;23573;0
89647;54384;54389;0
89648;54384;32068;0
89650;54384;5071;0
89651;54384;54390;0
89652;54384;1496;0
89653;54384;54391;0
89654;54384;54392;0
89655;54384;7128;0
89656;54384;3424;0
89657;54384;6122;0
89658;54384;54393;0
89659;54384;6126;0
89661;54384;966;0
89664;54384;23149;0
89665;54384;54395;0
89666;54384;748;0
89667;54384;54396;0
89668;54384;8655;0
89670;54384;54141;0
89671;54384;12829;0
89672;54384;48897;0
89673;54384;12906;0
89675;54384;14941;0
89678;54384;4477;0
89680;54384;54398;0
89681;54384;54399;0
89682;54384;12833;0
89683;54384;23590;0
89685;54384;54328;0
89686;54384;54401;0
89690;54384;54156;0
89691;54384;9786;0
89692;54384;54403;0
89693;54384;54404;0
89694;54384;36819;0
89696;54384;54405;0
89697;54384;24256;0
89700;54384;24632;0
89701;54384;12300;0
89702;54384;6154;0
89704;54384;12301;0
89705;54384;54177;0
89708;54384;23604;0
89710;54384;54409;0
89711;54384;1722;1
89713;54384;14633;0
89716;54384;6156;0
89729;54384;32232;0
89730;54384;12302;1
89731;54384;54415;0
89732;54384;23224;0
89734;54384;54195;0
89737;54384;54418;1
89738;54384;32745;0
89739;54384;7775;0
89741;54384;24642;0
89745;54384;24039;0
89748;54384;93;1
89750;54384;2399;0
89753;54384;1973;1
89754;54384;54206;0
89758;54384;22788;0
89760;54384;54422;0
89763;54384;54423;1
89766;54384;54424;0
89768;54384;23248;0
89770;54384;54426;0
89777;54384;6166;0
89779;54384;1057;1
89786;54384;54428;0
89788;54384;2431;0
89789;54384;54218;0
89790;54384;7186;0
89794;54384;24207;0
89797;54384;36772;0
89799;54384;15012;0
89801;54384;24218;0
89802;54384;1624;0
89803;54384;2496;0
89808;54384;14785;0
89809;54384;54430;0
89811;54384;3635;0
89822;54384;15362;0
89849;54384;770;1
89865;14738;12279;0
89866;14738;54460;0
89867;14738;7344;0
89868;14738;12800;0
89869;14738;12802;0
89870;14738;8639;0
89871;14738;8960;0
89874;14738;2572;0
89875;14738;6088;0
89876;14738;22851;1
89878;14738;23106;0
89879;14738;12286;0
89880;14738;6098;0
89881;14738;2580;0
89882;14738;6105;1
89883;14738;744;0
89884;14738;6116;0
89885;14738;5071;0
89886;14738;6118;0
89887;14738;1496;0
89888;14738;6119;0
89889;14738;14925;0
89890;14738;7128;0
89891;14738;3424;0
89892;14738;6122;0
89893;14738;54393;0
89894;14738;6126;0
89895;14738;14933;0
89896;14738;12296;0
89897;14738;748;0
89898;14738;23783;0
89899;14738;441;0
89901;14738;12297;0
89902;14738;1697;0
89903;14738;5944;0
89904;14738;3458;0
89905;14738;14941;0
89906;14738;9774;0
89908;14738;23590;0
89910;14738;10522;0
89911;14738;3141;0
89912;14738;54465;0
89913;14738;54466;0
89915;14738;54468;0
89918;14738;6154;0
89919;14738;54470;0
89920;14738;54471;0
89922;14738;1722;0
89923;14738;54473;0
89924;14738;54474;0
89925;14738;54189;0
89929;14738;54191;0
89930;14738;54415;0
89931;14738;54195;0
89932;14738;12304;0
89933;14738;54475;0
89934;14738;54476;1
89935;14738;9777;0
89936;14738;54477;0
89943;14738;93;1
89946;14738;48902;0
89947;14738;54480;0
89948;14738;12306;0
89949;14738;54422;0
89950;14738;54356;0
89952;14738;23248;0
89953;14738;5973;0
89954;14738;54426;0
89955;14738;54481;0
89958;14738;54482;0
89961;14738;6166;0
89964;14738;12307;0
89966;14738;54487;0
89967;14738;54488;0
89969;14738;5207;0
89971;14738;54489;0
89973;14738;24201;0
89974;14738;24203;0
89976;14738;5216;0
89977;14738;24863;0
89978;14738;9805;0
89981;14738;54491;0
89983;14738;36772;0
89986;14738;24218;0
89992;14738;14785;0
89996;14738;3635;0
89997;14738;6171;0
90004;14738;770;0
90014;54502;54504;1
90015;54502;54505;0
90016;54502;54506;0
90017;54502;54507;0
90018;54502;54508;0
90019;54502;54509;1
90020;54502;54510;0
90021;54502;12733;1
90022;54502;54511;0
90023;54502;54512;0
90024;54502;54513;0
90025;54502;54514;0
90027;54502;54516;1
90029;54502;54518;1
90030;54502;54519;1
90031;54502;54520;0
90033;54502;54522;1
90034;54502;54523;1
90035;54502;54524;0
90037;54502;54526;0
90038;54502;54527;0
90039;54502;54528;0
90042;54502;54072;0
90043;54502;54531;0
90044;54502;54532;1
90046;54502;54534;1
90047;54502;54535;0
90048;54502;54536;1
90049;54502;54537;1
90051;54502;54539;1
90053;54502;54540;1
90055;54502;54541;1
90056;54502;54542;0
90057;54502;54543;0
90058;54502;54544;0
90059;54502;54545;1
90060;54502;54546;0
90061;54502;8950;0
90062;54502;54547;0
90064;54502;54549;0
90065;54502;54550;0
90067;54502;54552;0
90068;54502;54553;0
90069;54502;54386;1
90070;54502;54554;0
90071;54502;54555;0
90072;54502;12283;1
90073;54502;54556;0
90074;54502;36280;0
90075;54502;54557;0
90078;54502;28486;0
90079;54502;12816;1
90080;54502;54558;0
90081;54502;54559;1
90082;54502;54560;1
90084;54502;54562;1
90085;54502;16651;1
90086;54502;54563;1
90088;54502;54564;1
90090;54502;12288;1
90092;54502;23147;1
90095;54502;54567;0
90096;54502;54391;0
90097;54502;25124;0
90099;54502;23149;0
90101;54502;748;1
90102;54502;54569;1
90103;54502;54570;0
90107;54502;441;0
90109;54502;54573;0
90110;54502;32736;0
90111;54502;12832;1
90113;54502;12833;0
90117;54502;36819;0
90118;54502;24256;1
90121;54502;36824;1
90123;54502;32227;0
90126;54502;6156;1
90128;54502;12839;1
90129;54502;1027;0
90130;54502;54578;0
90131;54502;54579;1
90133;54502;54580;0
90134;54502;12302;0
90137;54502;38062;0
90151;54502;10197;0
90155;54502;2431;1
90156;54502;24201;0
90157;54502;24207;0
90159;54502;54584;0
90164;54502;36772;0
90165;54502;38099;0
90166;54502;8708;0
90168;54502;7784;0
90174;54502;3635;1
90216;14682;3012;0
90218;14682;2514;0
90219;14682;12737;0
90223;14682;54611;1
90226;14682;12784;0
90227;14682;54246;0
90228;14682;2239;0
90231;14682;8475;0
90232;14682;14419;1
90233;14682;739;1
90235;14682;12808;0
90236;14682;12809;0
90237;14682;6088;0
90238;14682;24415;1
90240;14682;5061;1
90242;14682;7759;1
90243;14682;23147;0
90245;14682;39310;0
90246;14682;54617;0
90247;14682;23110;0
90249;14682;5071;0
90251;14682;23149;0
90253;14682;54619;0
90256;14682;4477;0
90258;14682;12832;0
90261;14682;24256;0
90262;14682;9514;0
90264;14682;54621;0
90266;14682;12301;0
90267;14682;54177;1
90270;14682;1942;0
90275;14682;16673;0
90280;14682;22784;0
90281;14682;865;0
90282;14682;12302;1
90284;14682;26320;0
90285;14682;8682;0
90288;14682;54622;0
90292;14682;93;0
90296;14682;54423;0
90299;14682;10564;1
90305;14682;11283;0
90307;14682;24651;0
90311;14682;2431;1
90316;14682;12847;0
90317;14682;20387;0
90319;14682;2443;1
90320;14682;1070;0
90321;14682;2444;1
90322;14682;126;1
90323;14682;3635;1
90326;14682;54623;0
90337;14682;770;1
90344;14682;9546;0
90352;54631;54632;0
90358;54631;54636;0
90363;54631;24256;0
90364;54631;23196;0
90365;54631;54640;0
90367;54631;54642;0
90368;54631;54643;0
90369;54631;37089;0
90395;54631;2431;0
90399;54631;2444;0
90401;54631;6171;0
90727;54739;54740;0
90730;54739;32673;0
90731;54739;54742;1
90732;54739;54743;0
90733;54739;54744;0
90754;54739;54765;0
90758;54739;5061;0
90762;54739;54771;1
90768;54739;54777;0
90783;54739;33326;0
90786;54739;4161;0
90787;54739;54791;1
90793;54739;54796;0
90795;54739;54798;0
90802;54739;54803;0
90810;54739;54810;0
90812;54739;54812;1
90822;54739;13842;0
90829;54739;54824;0
90839;54739;54832;0
90849;54739;25582;1
90853;54739;54844;0
90854;54739;807;0
90856;54739;54846;0
90860;54739;25588;0
90866;54739;1170;0
90868;54739;54853;0
90872;54739;54857;0
90882;54739;54866;0
90883;54739;54867;0
90899;54739;54882;0
90905;54739;54887;0
90912;54739;54894;0
90913;54739;54895;1
90918;54739;2067;0
90920;54739;54901;1
90926;54739;54907;0
90932;54739;54912;0
90933;54739;54913;0
90934;54739;54914;0
90954;54739;54928;0
90991;16585;54961;0
90992;16585;54962;0
90993;16585;16552;0
90996;16585;54965;0
90997;16585;54966;0
90999;16585;16568;0
91000;16585;49869;0
91003;16585;54970;0
91006;16585;39319;0
91007;16585;54971;0
91013;16585;39898;0
91014;16585;54974;0
91017;16585;27688;0
91020;16585;3692;0
91022;16585;36745;0
91029;16585;21364;0
91036;16585;54988;0
91038;16585;49176;1
91042;16585;54992;1
91049;16585;3606;0
91050;16585;39919;0
91051;16585;39920;0
91067;16585;2039;0
91072;16585;55013;0
91076;16585;55017;0
91077;16585;55018;0
91083;16585;55024;0
91101;16585;55039;0
91111;16585;55049;0
91121;16585;55058;0
91125;16585;55062;1
91127;16585;55064;0
91128;16585;55065;0
91129;16585;55066;1
91130;16585;55067;0
91134;16585;55071;0
91168;16585;55101;1
91189;16585;55121;0
91193;16585;55125;0
91200;16585;15362;0
91206;16585;55137;1
91207;16585;55138;0
91227;16585;41343;1
91241;16585;38639;0
91244;16585;49303;0
91249;16585;55163;0
91311;14786;21164;1
91332;14786;55231;0
91403;12842;11453;0
91404;12842;55283;0
91405;12842;20190;0
91406;12842;55284;0
91409;12842;4012;0
91412;12842;54988;1
91413;12842;49176;1
91418;12842;55288;0
91426;12842;55062;0
91430;12842;55101;0
91434;12842;55290;0
91437;12842;55137;0
91449;12842;38639;0
91455;12842;55163;0
91458;3849;55297;0
91460;3849;55299;0
91461;3849;55300;0
91462;3849;54962;0
91463;3849;17006;0
91464;3849;55301;0
91465;3849;55302;0
91468;3849;16552;0
91469;3849;16407;1
91470;3849;2309;0
91472;3849;16553;0
91473;3849;14600;0
91474;3849;49103;1
91475;3849;44421;0
91476;3849;55304;0
91479;3849;10500;1
91482;3849;55309;0
91483;3849;20744;1
91485;3849;55310;0
91489;3849;55314;0
91490;3849;55315;0
91491;3849;23151;0
91493;3849;14941;0
91499;3849;55322;0
91501;3849;55323;0
91502;3849;3141;1
91504;3849;49865;1
91505;3849;23152;0
91507;3849;16568;1
91509;3849;43170;1
91512;3849;15541;0
91513;3849;49869;0
91515;3849;55327;0
91518;3849;55329;1
91519;3849;49148;1
91520;3849;12301;0
91521;3849;27748;1
91522;3849;1930;0
91526;3849;1722;1
91532;3849;6156;1
91535;3849;39319;0
91538;3849;15654;1
91540;3849;23154;1
91541;3849;55332;1
91542;3849;55333;1
91547;3849;55334;0
91548;3849;16585;0
91549;3849;7415;0
91550;3849;39898;0
91551;3849;24112;0
91552;3849;12842;0
91553;3849;43185;0
91554;3849;6663;0
91557;3849;3692;0
91559;3849;55283;0
91562;3849;39114;0
91563;3849;55284;0
91565;3849;1989;0
91567;3849;21364;1
91568;3849;4012;1
91569;3849;10564;1
91570;3849;2412;0
91575;3849;55338;1
91578;3849;54988;1
91579;3849;49176;1
91580;3849;14219;1
91581;3849;15666;1
91584;3849;30306;0
91585;3849;40079;0
91589;3849;2431;0
91590;3849;39919;1
91591;3849;39920;0
91592;3849;3606;0
91594;3849;24201;0
91595;3849;4017;0
91600;3849;3621;1
91604;3849;8708;0
91607;3849;1070;0
91612;3849;3635;0
91614;3849;38779;0
91615;3849;55062;0
91617;3849;4048;0
91626;3849;38639;0
91629;3849;770;1
91637;42760;55344;0
91640;42760;41897;0
91645;42760;23216;0
91648;42760;55351;0
91650;42760;7774;0
91651;42760;55352;0
91652;42760;55353;0
91654;42760;24103;0
91655;42760;4416;0
91656;42760;2407;0
91657;42760;1982;0
91662;42760;10568;1
91663;42760;8697;0
91664;42760;3694;0
91669;42760;4216;0
91672;42760;14219;0
91679;42760;2025;0
91686;42760;7186;0
91689;42760;15670;0
91694;42760;55372;0
91695;42760;8707;0
91696;42760;48489;0
91702;42760;7784;1
91703;42760;1264;0
91705;42760;55375;0
91708;42760;1069;0
91711;42760;2496;1
91713;42760;42824;0
91715;42760;1071;0
91717;42760;55380;0
91719;42760;55381;0
91722;42760;16223;0
91724;42760;55382;0
91726;42760;55383;0
91729;42760;3640;0
91730;42760;55385;0
91731;42760;8716;1
91732;42760;55386;0
91738;42760;36229;0
91794;42760;55425;0
91798;42760;2150;0
91863;10568;8708;0
91864;10568;7784;0
91865;10568;42815;1
91869;10568;36869;0
91870;10568;8716;0
91871;10568;55386;0
92080;53465;55647;0
92081;53465;55648;0
92085;53465;55652;0
92087;53465;55654;0
92088;53465;55655;0
92091;53465;55658;0
92092;53465;55659;0
92093;53465;55660;0
92099;53465;55665;0
92100;53465;55666;0
92101;53465;55667;0
92110;53465;55675;0
92112;53465;55677;0
92114;53465;16643;0
92115;53465;55679;0
92116;53465;55680;0
92117;53465;32679;0
92125;53465;55686;0
92128;53465;55687;0
92130;53465;55689;0
92133;53465;55692;0
92136;53465;55694;0
92137;53465;55695;0
92138;53465;27494;0
92139;53465;55696;0
92143;53465;55700;0
92144;53465;55701;0
92146;53465;17012;0
92149;53465;55704;0
92150;53465;55705;0
92151;53465;26303;0
92158;53465;41852;0
92159;53465;41855;0
92160;53465;41856;0
92162;53465;16655;0
92163;53465;41858;1
92164;53465;48927;0
92169;53465;55714;0
92171;53465;16661;0
92172;53465;48897;0
92174;53465;55716;0
92176;53465;16665;0
92180;53465;55719;0
92181;53465;55720;0
92183;53465;55721;0
92184;53465;27605;0
92187;53465;41885;1
92195;53465;49140;1
92196;53465;48937;0
92199;53465;16669;0
92202;53465;40208;0
92204;53465;37262;0
92205;53465;17025;0
92206;53465;55730;0
92208;53465;12301;1
92211;53465;17026;0
92212;53465;55733;0
92215;53465;55736;0
92217;53465;49154;0
92221;53465;17030;0
92223;53465;39506;0
92224;53465;24637;0
92225;53465;55739;0
92227;53465;16673;0
92234;53465;32694;0
92238;53465;12842;0
92243;53465;49171;0
92244;53465;2407;0
92246;53465;42036;0
92248;53465;55747;0
92253;53465;15665;0
92256;53465;3580;0
92257;53465;2417;1
92262;53465;3695;0
92263;53465;39911;1
92266;53465;55754;0
92277;53465;55763;0
92345;55819;55823;1
92348;55819;55826;1
92353;55819;55829;0
92355;55819;39652;1
92356;55819;55831;1
92359;55819;47426;1
92364;55819;15800;0
92366;55819;45822;0
92367;55819;38982;0
92368;55819;2752;0
92369;55819;46666;0
92370;55819;55837;1
92372;55819;55838;1
92374;55819;39677;0
92375;55819;38171;0
92376;55819;89;0
92379;55819;16101;0
92381;55819;39965;0
92382;55819;15660;0
92384;55819;93;0
92386;55819;17167;0
92387;55819;2782;0
92390;55819;38194;1
92394;55819;38203;0
92395;55819;2025;0
92396;55819;12400;0
92398;55819;15670;0
92399;55819;2040;1
92401;55819;1070;0
92402;55819;126;1
92405;55819;1071;0
92407;55819;16223;0
92411;55819;55851;0
92433;55819;199;1
92434;55819;39219;0
92689;38003;56109;0
92691;38003;56111;0
92692;38003;56112;0
92697;38003;56116;0
92698;38003;38014;0
92702;38003;56119;0
92703;38003;12906;0
92704;38003;54573;0
92705;38003;32736;0
92706;38003;56120;0
92708;38003;56122;0
92711;38003;56124;0
92712;38003;54399;0
92715;38003;56127;1
92716;38003;56128;1
92717;38003;56129;0
92718;38003;56130;0
92719;38003;56131;1
92721;38003;56133;0
92722;38003;36813;0
92723;38003;38025;1
92724;38003;56134;0
92730;38003;56138;1
92731;38003;56139;1
92732;38003;56140;0
92734;38003;56142;0
92735;38003;36816;0
92736;38003;56143;0
92738;38003;36818;1
92740;38003;56146;0
92741;38003;56147;0
92744;38003;56148;0
92745;38003;36820;0
92748;38003;38037;1
92749;38003;56151;0
92750;38003;7141;0
92751;38003;24256;0
92752;38003;56152;0
92754;38003;56153;0
92755;38003;56154;0
92758;38003;56156;0
92761;38003;56159;1
92763;38003;36823;0
92764;38003;56160;0
92768;38003;56164;0
92769;38003;56165;0
92770;38003;36824;0
92771;38003;8672;0
92772;38003;56166;0
92775;38003;32227;1
92777;38003;56169;0
92780;38003;56171;0
92787;38003;6156;0
92789;38003;56176;0
92794;38003;56178;0
92795;38003;56179;1
92798;38003;56182;0
92800;38003;7154;0
92801;38003;56184;0
92802;38003;23216;0
92804;38003;38055;0
92806;38003;56185;0
92807;38003;32232;0
92808;38003;38058;1
92809;38003;55351;0
92810;38003;48265;0
92811;38003;56186;0
92813;38003;56187;0
92814;38003;56188;0
92817;38003;56191;0
92818;38003;8680;0
92820;38003;56193;1
92822;38003;38062;0
92826;38003;8685;0
92827;38003;42781;1
92828;38003;48272;0
92831;38003;56196;0
92832;38003;53322;0
92833;38003;38068;0
92834;38003;38069;0
92835;38003;93;0
92836;38003;56197;0
92841;38003;38071;0
92847;38003;31055;0
92848;38003;38075;0
92849;38003;56204;0
92852;38003;38077;1
92853;38003;56207;0
92858;38003;3693;0
92862;38003;36860;0
92863;38003;10564;0
92865;38003;56211;0
92866;38003;5179;0
92867;38003;56212;0
92870;38003;10568;0
92871;38003;8697;0
92872;38003;3694;0
92874;38003;8698;0
92882;38003;36212;0
92884;38003;2025;0
92885;38003;2431;1
92886;38003;7186;0
92887;38003;8702;0
92889;38003;15670;0
92890;38003;54584;0
92893;38003;9654;0
92894;38003;8707;0
92895;38003;8708;0
92896;38003;1263;0
92898;38003;7784;1
92900;38003;55375;0
92901;38003;37167;0
92902;38003;56219;0
92903;38003;23612;0
92905;38003;2443;0
92906;38003;42824;0
92907;38003;36869;0
92914;38003;879;0
92915;38003;8716;0
92939;38003;770;0
92950;56240;56242;0
92952;56240;56243;0
92957;56240;16994;0
92958;56240;56247;0
92959;56240;1120;0
92960;56240;56248;0
92961;56240;56249;0
92962;56240;56250;0
92964;56240;14419;0
92965;56240;7345;0
92966;56240;56252;0
92968;56240;56253;0
92972;56240;32629;0
92974;56240;2271;0
92976;56240;14427;0
92977;56240;48919;0
92978;56240;17006;0
92982;56240;28486;1
92984;56240;10298;0
92986;56240;5061;1
92987;56240;25121;0
92992;56240;23110;1
92993;56240;14600;0
92999;56240;56263;0
93003;56240;22858;0
93008;56240;12906;0
93011;56240;26073;1
93012;56240;46415;0
93013;56240;9499;1
93020;56240;66;0
93024;56240;56271;0
93028;56240;45817;0
93033;56240;56276;0
93035;56240;17024;0
93037;56240;10334;0
93038;56240;4176;0
93039;56240;1154;0
93040;56240;56278;0
93041;56240;31969;0
93044;56240;56279;1
93045;56240;27095;1
93047;56240;14633;0
93049;56240;56280;0
93051;56240;8676;1
93054;56240;38171;0
93055;56240;46623;0
93056;56240;17162;0
93059;56240;56283;0
93060;56240;89;1
93062;56240;8682;1
93064;56240;45204;1
93068;56240;24039;1
93070;56240;807;0
93073;56240;39999;1
93074;56240;1970;0
93075;56240;11453;0
93077;56240;2782;0
93078;56240;9795;0
93079;56240;3559;0
93081;56240;32146;0
93086;56240;3693;1
93088;56240;25779;0
93089;56240;102;1
93093;56240;105;1
93097;56240;819;0
93099;56240;1057;0
93101;56240;2007;1
93105;56240;7183;1
93109;56240;2789;0
93113;56240;2431;0
93114;56240;2791;0
93116;56240;7186;0
93117;56240;24197;0
93118;56240;12400;0
93119;56240;5109;0
93120;56240;5778;0
93124;56240;1064;0
93125;56240;39925;0
93130;56240;32152;0
93136;56240;1264;0
93137;56240;2443;0
93139;56240;126;0
93140;56240;31993;0
93142;56240;25807;1
93144;56240;129;0
93154;56240;56299;0
93156;56240;2461;0
93177;56240;1188;0
93182;56240;8033;0
93187;56240;17727;0
93201;56240;56314;1
93202;56240;770;0
93422;56243;56390;0
93423;56243;56391;0
93424;56243;56392;0
93425;56243;47635;0
93426;56243;56393;0
93428;56243;47313;0
93429;56243;56395;0
93431;56243;56397;0
93433;56243;56399;0
93434;56243;27424;0
93435;56243;56252;0
93436;56243;56253;0
93439;56243;32629;0
93442;56243;56404;0
93443;56243;56405;0
93445;56243;56407;0
93448;56243;56410;0
93452;56243;56412;0
93454;56243;56413;0
93455;56243;56414;0
93456;56243;56415;0
93458;56243;32070;0
93460;56243;27052;0
93466;56243;56421;0
93467;56243;46602;0
93469;56243;46415;0
93473;56243;65;0
93474;56243;66;0
93476;56243;45817;0
93478;56243;32437;0
93481;56243;46187;0
93482;56243;10149;0
93487;56243;27095;0
93493;56243;47457;0
93495;56243;38171;0
93496;56243;46623;0
93497;56243;17162;0
93499;56243;89;1
93504;56243;45843;0
93506;56243;807;0
93511;56243;2782;0
93512;56243;23785;0
93518;56243;102;0
93519;56243;45851;0
93520;56243;105;1
93523;56243;819;0
93526;56243;27128;0
93528;56243;36572;0
93531;56243;12400;0
93534;56243;45781;0
93537;56243;32152;0
93539;56243;1264;0
93540;56243;56445;0
93541;56243;126;0
93544;56243;129;0
93546;56243;47351;0
93547;56243;8514;0
93550;56243;2067;0
93558;56243;19638;0
93573;56243;55138;0
93596;56243;182;0
93606;56243;199;0
93625;56326;56482;0
93626;56326;56483;0
93627;56326;56484;1
93634;56326;44507;0
93650;56326;56500;0
93660;56326;56503;0
93664;56326;56506;0
94069;56591;56593;0
94070;56591;14514;0
94092;56591;56614;0
94093;56591;14528;0
94095;56591;56616;0
94105;56591;14552;0
94107;56591;56626;0
94108;56591;56627;0
94109;56591;4982;0
94111;56591;56629;0
94113;56591;56631;0
94114;56591;8174;0
94116;56591;56633;0
94117;56591;56634;0
94119;56591;8022;0
94120;56591;56636;0
94124;56591;56640;0
94125;56591;56641;0
94126;56591;56642;0
94132;56591;7345;0
94133;56591;7346;0
94134;56591;739;0
94135;56591;17006;0
94138;56591;14600;1
94142;56591;56652;0
94148;56591;51654;0
94149;56591;1145;0
94150;56591;56657;0
94153;56591;45111;0
94154;56591;26512;0
94157;56591;53294;0
94159;56591;56660;0
94164;56591;31969;0
94165;56591;56664;0
94173;56591;12842;0
94174;56591;93;0
94175;56591;2407;0
94179;56591;56669;0
94180;56591;25786;0
94185;56591;824;0
94188;56591;9781;0
94190;56591;1068;0
94193;56591;9029;0
94196;56591;1267;0
94197;56591;56674;0
94198;56591;9376;0
94215;56591;770;0
94221;56591;9546;0
94227;27230;56689;0
94233;27230;56694;0
94236;27230;56696;0
94244;27230;56702;1
94248;27230;53294;0
94253;27230;56707;0
94255;27230;56709;0
94256;27230;56710;1
94257;27230;14622;0
94259;27230;56711;1
94264;27230;56715;0
94271;27230;56719;0
94275;27230;31969;0
94278;27230;56724;0
94279;27230;25742;0
94280;27230;7144;0
94283;27230;45139;0
94284;27230;45732;0
94285;27230;56279;1
94289;27230;56729;0
94293;27230;10539;0
94300;27230;56734;0
94317;27230;8676;0
94321;27230;56747;0
94328;27230;7154;0
94329;27230;45168;0
94334;27230;45177;0
94336;27230;3528;0
94342;27230;56753;1
94351;27230;45343;0
94360;27230;45204;0
94366;27230;56766;0
94373;27230;45594;0
94374;27230;30187;0
94376;27230;56769;0
94380;27230;24120;0
94386;27230;3692;0
94392;27230;3559;0
94393;27230;24137;0
94394;27230;3560;1
94397;27230;45250;0
94402;27230;15555;0
94403;27230;3568;1
94405;27230;56777;0
94406;27230;30195;0
94412;27230;40945;0
94414;27230;3580;0
94415;27230;7175;0
94417;27230;56779;0
94422;27230;2417;0
94424;27230;3694;0
94425;27230;24174;0
94435;27230;3592;1
94436;27230;7180;0
94437;27230;2007;0
94441;27230;7183;0
94443;27230;7184;0
94444;27230;25786;1
94449;27230;25789;0
94452;27230;7186;0
94453;27230;45279;0
94454;27230;25795;0
94456;27230;3610;0
94462;27230;3620;0
94463;27230;824;1
94468;27230;8708;0
94469;27230;9781;1
94470;27230;24216;0
94472;27230;1068;0
94475;27230;3625;0
94483;27230;1630;0
94488;27230;38658;0
94492;27230;56793;0
94493;27230;38252;0
94499;27230;1445;0
94508;27230;833;1
94510;27230;41343;0
94511;27230;15023;0
94522;27230;37553;1
94548;56813;56816;1
94550;56813;56818;0
94556;56813;56824;0
94557;56813;56825;0
94558;56813;56826;0
94559;56813;56827;0
94560;56813;56828;1
94562;56813;56830;0
94568;56813;56834;0
94570;56813;56836;0
94571;56813;56837;0
94574;56813;56840;0
94576;56813;56842;0
94577;56813;56843;0
94578;56813;47636;0
94579;56813;56844;0
94589;56813;56853;1
94591;56813;56855;0
94592;56813;56856;0
94594;56813;56858;0
94595;56813;56859;0
94603;56813;31940;0
94605;56813;56868;1
94606;56813;56869;0
94610;56813;16552;0
94611;56813;56872;0
94615;56813;16407;0
94619;56813;56877;0
94621;56813;56879;0
94623;56813;56881;0
94625;56813;25702;1
94626;56813;14600;0
94627;56813;6106;0
94628;56813;56882;0
94631;56813;56885;0
94634;56813;10504;0
94636;56813;27563;0
94637;56813;9772;0
94641;56813;23151;0
94644;56813;55322;0
94647;56813;56893;1
94648;56813;2604;0
94651;56813;43167;0
94652;56813;56895;1
94653;56813;16568;0
94654;56813;43170;0
94656;56813;56719;0
94658;56813;56897;0
94660;56813;31969;0
94661;56813;56899;0
94662;56813;56900;1
94666;56813;56903;0
94669;56813;56747;0
94672;56813;31976;0
94673;56813;56905;0
94674;56813;43180;0
94678;56813;56766;0
94683;56813;12842;0
94684;56813;43185;0
94689;56813;56911;1
94691;56813;56913;0
94692;56813;39910;0
94693;56813;56914;0
94696;56813;2431;0
94699;56813;824;0
94701;56813;8708;0
94702;56813;9781;0
94706;56813;9029;0
94719;56813;56929;0
94726;56813;55101;0
94747;56813;770;0
94843;9785;748;0
94844;9785;752;0
94845;9785;4409;0
94846;9785;1027;0
94847;9785;9790;0
94849;9785;9792;0
94850;9785;93;0
94852;9785;1261;0
94853;9785;1070;0
94854;9785;286;0
94855;9785;126;0
94856;9785;9672;0
94862;9785;770;0
95516;39630;7622;0
95517;39630;7058;0
95518;39630;57281;0
95519;39630;57282;0
95520;39630;2514;0
95521;39630;3016;0
95522;39630;39280;0
95523;39630;57283;0
95524;39630;57284;0
95525;39630;39295;0
95526;39630;37221;0
95527;39630;57285;0
95528;39630;57286;0
95529;39630;15580;0
95532;39630;17006;0
95533;39630;57289;1
95534;39630;57290;0
95535;39630;55302;0
95537;39630;57292;0
95538;39630;57293;0
95540;39630;38973;0
95541;39630;57295;0
95544;39630;57296;0
95545;39630;57297;0
95546;39630;57298;0
95547;39630;57299;1
95550;39630;15635;0
95551;39630;6319;0
95554;39630;57301;0
95556;39630;6056;0
95557;39630;57302;0
95559;39630;57304;0
95560;39630;57305;0
95561;39630;15650;0
95565;39630;39090;0
95566;39630;57306;0
95568;39630;57308;0
95569;39630;15654;0
95571;39630;40472;0
95572;39630;1034;0
95575;39630;38896;0
95576;39630;38758;0
95577;39630;37279;1
95580;39630;57309;0
95581;39630;1743;0
95582;39630;38760;0
95583;39630;39972;0
95584;39630;57310;0
95585;39630;39973;0
95587;39630;16585;0
95588;39630;7415;0
95589;39630;38763;0
95590;39630;39898;0
95594;39630;39102;0
95595;39630;39417;0
95601;39630;2407;0
95602;39630;40013;0
95606;39630;57313;0
95609;39630;39424;0
95610;39630;57315;0
95611;39630;21364;0
95612;39630;10564;0
95613;39630;36202;0
95615;39630;55338;1
95616;39630;14215;0
95617;39630;22022;0
95619;39630;40061;1
95620;39630;39910;0
95621;39630;3695;0
95623;39630;39912;0
95624;39630;39915;0
95625;39630;57316;0
95628;39630;2025;0
95630;39630;5881;0
95632;39630;39919;1
95633;39630;39920;1
95634;39630;15668;0
95636;39630;15670;0
95637;39630;39126;0
95642;39630;57321;0
95644;39630;10378;0
95647;39630;2046;0
95648;39630;37295;0
95656;39630;40103;0
95658;39630;16223;0
95665;39630;38779;0
95673;39630;1445;0
95700;39630;2143;0
95717;39630;37553;0
95738;57357;1451;1
95741;57357;57359;0
95742;57357;57360;0
95743;57357;2526;1
95744;57357;2528;0
95745;57357;57361;0
95747;57357;13809;0
95750;57357;57363;0
95751;57357;2815;0
95752;57357;56830;0
95753;57357;44394;0
95754;57357;12770;1
95755;57357;8923;0
95757;57357;57364;0
95760;57357;44633;0
95762;57357;14420;0
95764;57357;739;1
95765;57357;56858;1
95766;57357;1480;0
95767;57357;56868;0
95769;57357;5061;1
95770;57357;8982;0
95775;57357;7759;1
95778;57357;6103;1
95779;57357;14600;0
95781;57357;2488;0
95782;57357;744;1
95783;57357;1496;0
95784;57357;7366;0
95785;57357;57365;1
95786;57357;23111;1
95787;57357;41855;0
95789;57357;966;1
95790;57357;6132;0
95792;57357;748;1
95794;57357;5077;1
95797;57357;57176;0
95801;57357;6139;0
95802;57357;31961;1
95805;57357;1504;0
95806;57357;9775;0
95808;57357;5416;1
95809;57357;3141;1
95810;57357;56893;1
95811;57357;1506;0
95812;57357;37724;1
95813;57357;2604;1
95819;57357;56895;1
95825;57357;3991;0
95828;57357;17025;0
95829;57357;5086;0
95832;57357;33350;0
95836;57357;1722;1
95841;57357;12839;1
95843;57357;1027;0
95852;57357;10548;0
95855;57357;93;1
95861;57357;4416;1
95862;57357;2407;1
95863;57357;42036;1
95864;57357;45250;0
95870;57357;5179;0
95875;57357;3592;0
95877;57357;4216;0
95878;57357;25786;0
95880;57357;25789;0
95882;57357;2431;1
95883;57357;1764;0
95887;57357;824;0
95889;57357;8708;1
95890;57357;9781;1
95893;57357;1068;0
95895;57357;9029;1
95897;57357;1071;0
95905;57357;44507;0
95906;57357;9376;0
95907;57357;38252;0
95919;57357;49431;1
95930;57357;2642;0
95934;57357;770;1
95939;57357;37553;0
95940;57357;8031;1
96452;5935;12202;0
96453;5935;57494;0
96454;5935;57495;0
96455;5935;57496;0
96458;5935;573;0
96459;5935;579;0
96464;5935;57501;0
96465;5935;57502;0
96467;5935;57504;0
96468;5935;16420;0
96469;5935;57505;1
96470;5935;615;0
96471;5935;616;0
96472;5935;451;0
96473;5935;57506;0
96476;5935;617;0
96477;5935;46892;0
96481;5935;453;0
96487;5935;619;0
96493;5935;57518;1
96494;5935;57519;0
96495;5935;43620;0
96496;5935;57520;0
96497;5935;57521;0
96499;5935;624;1
96500;5935;17905;0
96501;5935;53817;0
96502;5935;57523;0
96503;5935;57524;1
96504;5935;627;0
96505;5935;57525;0
96506;5935;16436;0
96508;5935;630;0
96511;5935;45147;1
96513;5935;57528;0
96516;5935;57530;0
96518;5935;633;0
96520;5935;636;1
96521;5935;756;0
96522;5935;57531;0
96524;5935;640;1
96533;5935;16449;0
96538;5935;57540;0
96540;5935;473;0
96545;5935;57545;1
96554;5935;48004;1
96555;5935;57549;0
96558;5935;759;0
96559;5935;16819;0
96562;5935;482;0
96565;5935;485;1
96570;5935;15667;0
96588;5935;762;0
96854;46017;57698;0
96859;46017;57703;1
96872;46017;57716;1
96873;46017;41178;1
96880;46017;44203;0
96898;16389;57736;0
96904;16389;57740;0
96905;16389;57741;0
96909;16389;57744;0
96910;16389;57745;0
96912;16389;45917;0
96913;16389;57747;0
96914;16389;57748;0
96916;16389;57750;0
96919;16389;57753;0
96920;16389;57754;0
96921;16389;57755;0
96922;16389;57756;0
96925;16389;57759;0
96928;16389;57762;0
96930;16389;57764;0
96935;16389;57768;0
96937;16389;421;0
96939;16389;57770;0
96941;16389;5935;0
96945;16389;57773;0
96951;16389;437;0
96956;16389;57501;1
96958;16389;57505;0
96962;16389;57506;0
96964;16389;46892;1
96968;16389;16424;0
96971;16389;46893;0
96973;16389;44679;0
96977;16389;37596;1
96978;16389;57788;0
96983;16389;57792;0
96986;16389;57793;0
96988;16389;57518;0
96991;16389;57519;0
96995;16389;57798;0
96996;16389;53817;1
96999;16389;57800;0
97000;16389;57525;0
97001;16389;57801;0
97003;16389;57803;0
97004;16389;57804;0
97006;16389;628;0
97012;16389;57808;1
97015;16389;57811;0
97016;16389;57812;0
97017;16389;57813;0
97018;16389;57814;0
97022;16389;57818;0
97023;16389;44695;0
97026;16389;45147;0
97029;16389;465;0
97037;16389;57824;1
97039;16389;57531;0
97040;16389;46898;0
97041;16389;38048;0
97045;16389;44699;0
97046;16389;46899;0
97051;16389;57829;0
97053;16389;640;0
97061;16389;57834;0
97064;16389;57836;1
97066;16389;16449;0
97072;16389;57540;1
97078;16389;45221;0
97082;16389;644;0
97087;16389;57545;1
97089;16389;57847;0
97092;16389;5969;0
97108;16389;57859;0
97113;16389;57861;0
97114;16389;759;0
97115;16389;16819;0
97118;16389;482;0
97120;16389;485;0
97121;16389;57864;0
97122;16389;5772;0
97124;16389;57866;0
97130;16389;57870;0
97136;16389;16828;0
97138;16389;57873;0
97168;16389;762;0
97191;16389;56506;0
97382;58046;58053;0
97383;58046;47979;1
97384;58046;58054;0
97386;58046;58056;0
97387;58046;58057;0
97389;58046;58059;0
97390;58046;10067;1
97392;58046;41292;0
97393;58046;58060;0
97394;58046;58061;0
97406;58046;41076;0
97407;58046;605;0
97412;58046;58072;0
97416;58046;58075;0
97425;58046;58082;0
97427;58046;41108;0
97431;58046;58085;0
97434;58046;27860;0
97451;58046;58095;0
97452;58046;58096;1
97466;58046;58101;0
97468;58046;43046;0
97470;58046;58102;0
97473;58046;43051;0
97479;58046;58105;0
97490;58046;41648;0
97504;58046;27822;0
97507;58046;41178;1
97530;58124;41227;0
97531;58124;58125;0
97532;58124;58126;0
97537;58124;58130;0
97538;58124;58131;0
97540;58124;58133;0
97541;58124;58134;0
97542;58124;53247;0
97543;58124;31912;0
97545;58124;22962;0
97554;58124;2815;0
97555;58124;58142;0
97558;58124;58145;0
97559;58124;58146;0
97561;58124;58148;0
97566;58124;58151;0
97568;58124;7341;1
97569;58124;58152;1
97575;58124;58156;1
97576;58124;58157;0
97578;58124;58158;0
97580;58124;58159;0
97581;58124;58160;0
97583;58124;32105;1
97585;58124;58163;0
97589;58124;58167;0
97597;58124;7355;0
97598;58124;58172;0
97600;58124;58173;0
97603;58124;58175;0
97604;58124;27495;0
97605;58124;7357;0
97606;58124;58176;1
97607;58124;58177;1
97608;58124;58178;0
97609;58124;40926;1
97611;58124;58179;0
97613;58124;58181;1
97615;58124;24520;0
97616;58124;58183;0
97619;58124;48350;0
97620;58124;58184;1
97623;58124;58186;0
97624;58124;25124;1
97626;58124;58187;0
97631;58124;27555;0
97634;58124;14611;1
97635;58124;36102;0
97636;58124;43585;1
97637;58124;27561;0
97638;58124;27562;0
97639;58124;37719;1
97641;58124;29989;0
97643;58124;8655;0
97650;58124;22778;1
97652;58124;27590;0
97655;58124;27735;0
97656;58124;58192;0
97658;58124;58193;0
97659;58124;7383;0
97661;58124;8665;1
97664;58124;58195;0
97665;58124;37724;1
97666;58124;33339;0
97667;58124;58196;0
97670;58124;36126;0
97672;58124;27616;1
97676;58124;7387;1
97677;58124;58199;0
97681;58124;36140;1
97684;58124;58202;1
97686;58124;27639;0
97689;58124;36145;0
97701;58124;43116;0
97702;58124;58208;0
97705;58124;29995;1
97707;58124;9523;0
97711;58124;14633;0
97713;58124;2491;0
97716;58124;7400;1
97718;58124;8677;0
97719;58124;58210;0
97723;58124;31976;0
97724;58124;27668;1
97725;58124;27670;0
97726;58124;27886;0
97732;58124;58211;0
97736;58124;26369;1
97739;58124;8682;0
97740;58124;44706;1
97743;58124;50172;1
97749;58124;22692;1
97750;58124;5762;0
97752;58124;5969;1
97754;58124;27691;0
97755;58124;23377;1
97757;58124;58214;0
97760;58124;27790;0
97768;58124;12845;0
97774;58124;27696;0
97778;58124;48482;1
97779;58124;7422;0
97781;58124;1170;1
97785;58124;27808;0
97786;58124;1759;0
97787;58124;7423;1
97789;58124;7895;1
97792;58124;38771;0
97794;58124;3197;0
97797;58124;58223;0
97801;58124;5782;0
97802;58124;1068;1
97803;58124;9029;1
97805;58124;58224;0
97807;58124;2447;1
98231;47913;58284;0
98234;47913;41563;0
98237;47913;58287;0
98240;47913;45917;0
98241;47913;58290;0
98245;47913;58293;0
98254;47913;58301;0
98255;47913;8022;1
98258;47913;44606;1
98261;47913;48238;1
98262;47913;5904;0
98264;47913;58306;0
98269;47913;6002;0
98270;47913;58311;0
98271;47913;721;0
98275;47913;58315;0
98277;47913;58317;0
98278;47913;58318;1
98280;47913;16389;1
98293;47913;41028;0
98296;47913;7343;0
98297;47913;58329;0
98300;47913;37708;0
98306;47913;5917;0
98308;47913;739;0
98313;47913;1123;1
98321;47913;58343;1
98329;47913;44659;0
98330;47913;58348;0
98332;47913;58350;0
98337;47913;10067;1
98339;47913;26339;1
98340;47913;57768;0
98343;47913;3962;0
98345;47913;5839;0
98346;47913;10070;0
98349;47913;27538;0
98350;47913;33206;0
98352;47913;27545;0
98354;47913;48357;1
98359;47913;5935;1
98363;47913;5936;0
98376;47913;43585;0
98377;47913;37719;0
98380;47913;41613;0
98382;47913;27575;0
98385;47913;43113;0
98392;47913;1886;0
98393;47913;58376;0
98394;47913;1145;0
98401;47913;27735;0
98402;47913;57506;0
98405;47913;58381;1
98406;47913;5728;0
98413;47913;46893;0
98414;47913;41091;1
98416;47913;58386;0
98418;47913;37724;0
98421;47913;26512;1
98427;47913;6048;0
98433;47913;57519;0
98434;47913;17154;0
98435;47913;37726;0
98438;47913;17024;0
98439;47913;17905;0
98440;47913;53817;0
98441;47913;27860;1
98442;47913;1001;0
98453;47913;9828;0
98456;47913;48258;1
98457;47913;6054;1
98458;47913;57813;0
98464;47913;43116;0
98466;47913;42061;0
98476;47913;756;0
98478;47913;48570;0
98479;47913;46898;0
98481;47913;27762;0
98482;47913;48411;0
98485;47913;1727;1
98488;47913;27670;0
98495;47913;27675;1
98496;47913;41140;0
98497;47913;25571;0
98498;47913;37739;0
98502;47913;23367;0
98505;47913;9024;0
98509;47913;57540;0
98514;47913;40229;0
98518;47913;27690;0
98520;47913;5969;0
98521;47913;27691;0
98523;47913;23377;0
98529;47913;4416;0
98532;47913;2407;0
98533;47913;5972;0
98544;47913;5179;1
98551;47913;759;0
98552;47913;16819;0
98553;47913;41152;0
98554;47913;14215;0
98563;47913;1759;0
98564;47913;7423;0
98567;47913;7895;1
98574;47913;32237;0
98575;47913;3197;0
98576;47913;10763;0
98580;47913;10456;0
98581;47913;58425;0
98590;47913;1263;0
98591;47913;8708;0
98592;47913;9781;0
98593;47913;46017;0
98594;47913;1068;0
98596;47913;27818;0
98602;47913;126;0
98612;47913;2447;0
98630;47913;49413;0
98677;47913;770;0
99091;58488;17905;0
99094;58488;756;0
99095;58488;27761;0
99100;58488;7895;0
99102;58488;1068;0
99109;58496;58498;1
99111;58496;58500;0
99113;58496;58502;0
99116;58496;58505;0
99119;58496;57596;1
99120;58496;57380;1
99121;58496;41565;0
99123;58496;57602;0
99127;58496;58508;1
99129;58496;58509;0
99130;58496;58510;0
99131;58496;57615;1
99132;58496;58511;0
99133;58496;57616;0
99134;58496;58512;0
99136;58496;32714;0
99138;58496;58514;0
99139;58496;58515;1
99141;58496;58517;0
99142;58496;57384;0
99144;58496;58519;0
99146;58496;32716;1
99147;58496;57388;0
99148;58496;57630;0
99152;58496;27387;0
99153;58496;58522;0
99164;58496;58528;0
99167;58496;57399;0
99172;58496;58532;0
99177;58496;57647;0
99179;58496;58534;1
99180;58496;58535;0
99182;58496;45965;0
99187;58496;58539;0
99188;58496;27451;0
99191;58496;45976;0
99193;58496;58541;0
99194;58496;27469;0
99195;58496;27472;0
99196;58496;57406;0
99201;58496;57658;0
99203;58496;27846;0
99207;58496;41049;0
99208;58496;27520;0
99209;58496;26303;0
99212;58496;56412;0
99213;58496;57417;0
99215;58496;57418;0
99225;58496;58548;0
99227;58496;58549;0
99228;58496;41614;0
99229;58496;58550;1
99232;58496;58552;0
99234;58496;27605;0
99236;58496;27738;0
99240;58496;23193;0
99241;58496;7386;1
99243;58496;32742;1
99244;58496;58555;0
99245;58496;27860;0
99247;58496;46010;0
99249;58496;58556;0
99250;58496;10451;0
99251;58496;9828;0
99255;58496;41632;1
99256;58496;58557;0
99262;58496;41640;1
99265;58496;41642;0
99266;58496;24121;0
99270;58496;27697;0
99272;58496;24651;0
99275;58496;58565;0
99278;58496;1068;0
99280;58496;58568;0
99281;58496;58569;0
99283;58496;27822;1
