"id";"paper_id";"category_id"
1;1;1
2;1;2
3;1;3
5;2;2
4;2;3
6;2;4
7;3;4
9;4;4
8;4;5
10;5;4
11;6;4
12;7;4
1404;11;2
1403;11;3
1405;17;1
1408;19;1
1407;19;3
1406;19;55
1409;20;1
1160;21;1
1163;21;2
1161;21;3
1162;21;26
1415;30;1
1414;30;6
1416;37;10
1419;38;1
1418;38;2
1417;38;3
1421;42;1
1420;42;6
1423;43;1
1422;43;3
1426;45;1
1425;45;3
1424;45;32
1428;47;1
1427;47;6
1430;48;1
1429;48;6
1432;49;1
1431;49;6
1434;55;1
1433;55;3
1437;61;1
1436;61;2
1435;61;6
1439;62;1
1438;62;6
1442;63;1
1440;63;3
1441;63;6
1443;65;3
1445;66;1
1444;66;6
1447;67;2
1446;67;3
1449;68;1
1448;68;3
1452;71;6
1450;71;23
1451;71;25
1455;72;1
1453;72;3
1454;72;6
1456;84;3
1457;84;26
1458;88;3
1459;88;16
1463;89;1
1462;89;2
1460;89;3
1461;89;6
1465;91;3
1464;91;15
1466;93;1
1467;93;4
1468;95;1
1470;98;3
1473;98;6
1471;98;22
1472;98;55
1469;98;56
1475;102;1
1474;102;6
1480;105;1
1479;105;6
1482;106;16
1481;106;39
1485;107;2
1483;107;3
1484;107;26
1486;108;3
1488;108;8
1487;108;26
1489;113;9
1490;122;3
1491;122;26
1493;126;1
1495;126;4
1494;126;6
1492;126;10
1497;129;1
1496;129;3
1498;131;3
1499;131;26
1500;133;3
1501;133;26
1502;134;26
1503;134;38
1504;135;3
1505;135;26
1506;136;3
1507;136;8
1509;136;26
1508;136;57
1510;136;58
1511;137;3
1514;137;6
1512;137;26
1513;137;59
1518;140;1
1515;140;3
1517;140;6
1516;140;23
1519;140;26
1520;141;3
1521;141;26
1522;142;3
1525;142;5
1524;142;26
1523;142;39
1526;144;3
1528;144;26
1527;144;39
1529;145;3
1530;145;26
1531;145;48
1532;146;3
1533;146;26
1534;146;48
1535;146;59
1539;147;7
1537;147;26
1536;147;60
1538;147;61
1541;148;5
1540;148;26
1542;150;26
1543;150;48
1545;151;24
1544;151;25
1546;152;8
1550;152;26
1548;152;38
1547;152;57
1551;152;58
1549;152;59
1552;153;26
1553;153;57
1554;154;3
1555;154;26
1556;155;26
1557;155;48
1559;156;5
1558;156;26
1560;161;26
1561;161;57
1565;162;5
1563;162;26
1562;162;39
1564;162;59
1566;164;26
1568;166;26
1569;166;48
1567;166;62
1573;167;1
1572;167;6
1570;167;23
1571;167;25
1574;167;26
1575;169;26
1576;169;48
1577;169;59
1579;174;50
1578;174;62
1581;175;59
1580;175;62
1583;176;59
1582;176;62
1585;177;59
1584;177;62
1586;178;59
1587;178;63
1590;180;59
1588;180;64
1589;180;65
1592;182;59
1591;182;62
1595;184;59
1593;184;62
1594;184;65
1596;186;10
1597;186;42
1598;186;59
1599;194;3
1601;194;27
1600;194;41
1012;199;1
1013;199;6
1604;213;1
1606;213;2
1607;213;4
1605;213;8
1611;216;1
1610;216;2
1608;216;4
1609;216;6
1612;218;3
1613;218;8
1614;219;3
1615;219;4
1616;222;3
1617;226;5
1618;227;3
90;229;2
91;229;4
89;229;8
1622;237;4
1624;241;2
1623;241;3
1625;242;3
1627;242;5
1626;242;26
1628;245;4
1629;246;3
1630;247;3
1631;247;4
1634;250;1
1632;250;3
1633;250;7
1635;252;3
1636;252;4
1638;253;1
1637;253;3
1639;255;4
1640;256;3
1643;256;5
1641;256;7
1642;256;24
1645;260;4
1644;260;8
1646;262;3
1647;262;7
1649;270;2
1648;270;3
1652;273;2
1650;273;3
1651;273;8
1653;273;16
1655;283;1
1654;283;6
1656;284;8
1657;284;16
1659;286;4
1658;286;6
1660;293;25
1662;319;4
1661;319;5
1663;335;1
1664;386;4
1666;388;2
1667;388;4
1665;388;5
1668;389;4
1669;391;4
1670;393;1
1671;393;2
1672;393;4
1673;394;2
1674;394;4
1675;395;2
1676;395;4
1677;396;1
1679;396;2
1680;396;4
1678;396;5
1681;398;1
1682;398;5
1683;403;4
1684;404;4
1689;405;1
1686;405;2
1687;405;4
1688;405;5
1685;405;10
1690;406;1
1692;406;4
1691;406;8
1693;407;1
1694;407;2
1695;407;4
1696;408;4
1697;408;5
1699;410;2
1700;410;4
1698;410;5
1701;411;4
1702;412;1
1704;412;4
1703;412;6
1705;413;4
1706;415;4
1707;418;5
1708;420;4
1709;421;1
1710;421;2
1711;421;4
1716;422;1
1712;422;2
1713;422;4
1714;422;5
1715;422;6
1717;425;2
1718;425;4
1720;426;4
1719;426;5
1721;427;2
1722;427;4
1723;428;4
1724;429;1
1725;429;4
1726;437;4
1727;438;4
1728;440;4
1729;441;4
1731;442;2
1732;442;4
1730;442;66
1733;443;3
1735;443;4
1734;443;5
1736;445;1
1737;445;4
1740;446;1
1738;446;4
1739;446;6
1741;447;4
1742;448;5
1743;449;4
1744;450;1
1746;450;4
1745;450;6
1748;451;4
1747;451;5
1749;453;9
1752;455;1
1751;455;6
1750;455;8
1753;458;4
1754;459;1
1756;459;4
1755;459;6
1757;465;4
1759;468;4
1758;468;5
1762;473;2
1763;473;4
1761;473;6
1760;473;9
1765;474;2
1766;474;4
1764;474;9
1767;476;4
1771;479;4
1770;479;6
1769;479;8
1768;479;55
1772;482;1
1774;482;2
1775;482;4
1773;482;5
1776;483;4
1777;485;1
1779;485;2
1780;485;4
1778;485;6
1781;523;1
1782;523;4
1783;524;4
1784;525;1
1787;525;4
1786;525;6
1785;525;9
1788;526;3
1789;526;4
1791;527;1
1790;527;3
1792;527;4
1793;528;1
1794;528;4
1795;529;1
1797;529;4
1796;529;5
1798;530;4
1799;531;4
1800;532;1
1801;532;4
1802;534;1
1803;534;4
1804;535;4
1805;536;1
1807;536;4
1806;536;6
1808;538;1
1809;538;4
1810;538;5
1811;540;4
1812;542;1
1815;542;4
1813;542;5
1814;542;6
1816;543;1
1818;543;4
1817;543;6
1819;544;2
1820;544;4
1821;545;4
1822;554;1
1824;554;4
1823;554;5
1825;558;4
1826;559;1
1827;559;4
1828;560;2
1829;560;4
1830;564;4
1833;565;1
1831;565;4
1832;565;6
1834;567;1
1836;567;4
1835;567;5
1837;569;1
1838;569;2
1839;569;4
1840;570;1
1841;570;4
1842;571;1
1843;571;4
1844;572;4
1846;573;4
1845;573;8
1847;575;4
1848;577;2
1849;578;2
1850;578;4
1851;579;4
1853;580;4
1852;580;5
1854;581;4
1856;582;2
1857;582;4
1855;582;6
1858;583;1
1859;583;4
1860;584;4
1863;585;1
1861;585;4
1862;585;6
1864;586;2
1865;586;5
1866;589;1
1867;589;4
1868;593;4
1869;594;4
1870;595;2
1871;595;4
1872;596;4
1873;597;1
1874;597;4
1875;598;4
1876;599;1
1877;599;4
1878;600;4
1879;601;1
1881;601;4
1880;601;6
1882;604;4
1885;605;1
1884;605;6
1883;605;15
1886;606;4
1887;607;4
1888;609;1
1889;609;2
1890;609;4
1891;610;1
1892;610;2
1893;610;4
1895;611;5
1894;611;7
1896;612;4
1897;613;9
1898;614;1
1899;614;4
1900;615;4
1901;616;4
1902;617;4
1903;618;4
1904;619;4
1905;620;1
1906;620;4
1907;623;2
1908;623;4
1911;624;1
1909;624;5
1910;624;6
1913;626;1
1912;626;6
1914;627;4
1915;627;5
1916;628;4
1917;630;1
1919;630;4
1918;630;6
1920;631;4
1922;632;2
1923;632;4
1921;632;6
1924;633;4
1925;636;2
1926;636;4
1927;637;9
1930;640;1
1929;640;2
1928;640;5
1931;644;4
1932;644;5
1933;651;1
1935;651;4
1934;651;6
1936;705;4
1937;706;4
1938;707;4
1939;708;4
1940;709;4
1941;710;4
1942;713;4
1943;714;4
1944;715;1
1945;715;4
1946;716;1
1947;716;2
1948;716;4
1949;717;1
1951;717;2
1950;717;4
1952;717;5
1953;718;1
1954;718;4
1955;719;4
1957;720;2
1958;720;4
1956;720;5
1960;721;1
1961;721;4
1959;721;15
1962;722;1
1963;724;1
1964;724;4
1966;725;1
1965;725;6
1967;726;4
1968;728;2
1969;728;4
1970;729;4
1971;730;4
1972;731;4
1973;732;1
1974;732;2
1975;732;4
1976;733;1
1977;733;4
1982;734;1
1978;734;2
1980;734;3
1979;734;4
1981;734;5
1983;735;4
1984;735;5
1985;737;1
1986;737;4
1987;739;4
1988;740;4
1989;741;4
1990;743;1
1991;743;4
1994;744;1
1992;744;4
1993;744;6
1995;745;1
1996;745;2
1997;745;4
1999;746;2
2000;746;4
1998;746;5
2001;748;1
2002;748;4
2003;749;4
2004;750;4
2005;751;1
2006;751;4
2009;752;1
2007;752;4
2008;752;6
2011;754;1
2010;754;6
2012;755;4
2013;756;1
2014;756;2
2015;756;16
2016;757;4
2017;758;4
2018;759;1
2020;762;5
2019;762;22
2021;770;4
2023;775;2
2024;775;4
2022;775;9
2025;776;1
2026;776;4
2027;777;4
2028;779;4
2029;780;4
2030;785;4
2031;786;4
2032;787;4
2033;791;4
2034;796;2
2035;796;4
2036;797;3
2037;797;5
2038;798;3
2039;800;4
2040;801;2
2041;801;4
2042;803;4
2043;806;1
2044;806;4
2045;806;5
2048;807;1
2046;807;3
2047;807;6
2049;808;4
2050;809;1
2051;809;4
2053;811;4
2052;811;8
2054;813;4
2055;814;4
2056;815;4
2057;818;1
2058;818;4
2061;819;1
2059;819;3
2060;819;6
2064;824;1
2063;824;6
2062;824;10
2065;827;1
2066;827;2
2067;827;4
2069;833;1
2068;833;4
2070;860;4
2071;861;3
2073;863;4
2072;863;5
2074;864;4
2075;865;4
2076;868;4
2077;871;3
2078;871;4
2079;875;4
2080;879;4
25;893;4
418;894;4
2083;895;4
26;950;1
28;950;2
29;950;4
27;950;6
2089;951;4
2088;951;8
2090;952;4
2091;953;4
2092;954;2
2093;954;4
2094;955;2
2095;955;4
2097;956;2
2098;956;4
2096;956;7
2099;959;2
2100;959;4
2101;960;8
2102;961;1
2103;961;2
2104;961;4
2105;962;2
2106;962;4
2107;964;1
2109;964;4
2108;964;6
2110;965;4
2111;966;4
2112;967;8
2113;970;4
369;971;4
2115;972;2
2116;972;4
2117;973;1
2118;973;2
2119;973;4
2120;974;4
366;975;1
367;975;4
31;976;4
2124;978;1
2125;978;2
2126;978;4
2127;979;4
2128;981;8
41;982;2
42;982;4
2131;983;1
2133;983;2
2134;983;4
2132;983;7
2135;984;4
2136;985;4
2138;986;4
2137;986;8
2139;987;4
2140;988;2
2141;988;4
2142;990;4
2144;992;4
2145;993;4
2146;994;4
2148;995;2
2149;995;4
2147;995;7
2150;996;4
2151;998;2
2152;998;4
2153;999;4
2154;1000;4
2155;1001;4
2156;1002;4
2157;1003;4
2158;1004;2
2159;1004;4
2160;1005;2
2161;1005;4
2163;1006;4
2162;1006;6
2164;1007;1
2166;1007;4
2165;1007;6
2167;1008;1
2168;1008;2
2169;1008;4
2170;1009;1
2171;1009;2
2172;1009;4
2173;1010;4
2174;1011;4
46;1016;4
2176;1017;4
2179;1023;1
2178;1023;2
2177;1023;6
2181;1024;4
2180;1024;8
2182;1026;1
2183;1026;2
2184;1026;4
2185;1027;4
2186;1028;4
2187;1029;2
2188;1029;4
2189;1030;2
2190;1030;4
2191;1030;5
2192;1030;7
2193;1030;36
2195;1031;2
2194;1031;7
2196;1032;4
2197;1034;4
2198;1035;4
2199;1036;2
2200;1036;4
2201;1037;2
2202;1037;4
2205;1038;2
2206;1038;4
2204;1038;6
2203;1038;7
2207;1039;4
2208;1040;2
2209;1040;4
2210;1041;4
2211;1043;4
2212;1044;4
2213;1045;4
2214;1046;1
2215;1046;2
2216;1046;4
2217;1048;4
2218;1049;4
2221;1050;4
2220;1050;7
2219;1050;8
2222;1053;2
2223;1053;4
2224;1055;4
2226;1056;1
2225;1056;10
2227;1057;4
2229;1058;1
2230;1058;2
2231;1058;4
2228;1058;10
2233;1059;1
2234;1059;2
2235;1059;4
2232;1059;10
2239;1060;1
2236;1060;2
2237;1060;4
2238;1060;6
2240;1060;7
2241;1061;1
2242;1061;4
2243;1062;4
2244;1063;4
2246;1064;1
2247;1064;2
2248;1064;4
2245;1064;10
2250;1065;2
2251;1065;4
2249;1065;10
2253;1066;2
2254;1066;4
2252;1066;6
2256;1068;1
2255;1068;6
2258;1069;2
2259;1069;4
2257;1069;6
2260;1070;1
2261;1070;4
2263;1071;1
2265;1071;4
2264;1071;6
2262;1071;10
30;1090;4
2267;1092;4
2268;1093;1
2269;1093;4
2270;1094;4
2271;1095;1
2272;1095;4
2273;1096;4
2274;1097;4
49;1098;2
50;1098;4
48;1098;8
2278;1100;1
2279;1100;4
2280;1101;4
2281;1102;4
2282;1103;4
2283;1104;2
2284;1104;4
2285;1105;1
2286;1105;2
2287;1105;4
368;1106;4
2289;1107;2
2290;1107;4
2291;1108;2
2292;1108;4
2293;1111;4
2294;1113;4
2295;1114;4
2296;1115;1
2297;1115;2
2298;1115;4
2299;1116;4
2300;1117;2
2301;1117;4
2302;1118;2
2303;1118;4
2304;1119;1
2305;1119;4
1141;1120;1
1142;1120;4
2308;1121;2
2309;1121;4
2310;1122;4
2311;1123;1
2312;1123;4
36;1124;4
2314;1127;4
2315;1128;1
2316;1128;4
2317;1129;4
2318;1130;2
2319;1130;4
2321;1132;4
2320;1132;19
2322;1133;4
2323;1135;4
2324;1136;1
2325;1136;2
2326;1136;4
2327;1137;1
2328;1137;2
2329;1137;4
2331;1138;2
2332;1138;4
2330;1138;21
2333;1139;1
2335;1139;4
2334;1139;6
2336;1140;4
2337;1144;4
899;1145;1
900;1145;2
2340;1146;4
2341;1147;1
2342;1147;4
2343;1149;4
2344;1150;4
2345;1151;4
2346;1152;2
2347;1152;4
2348;1154;4
2350;1155;2
2351;1155;4
2349;1155;16
2353;1156;4
2352;1156;10
2355;1158;4
2354;1158;11
2356;1159;2
2357;1159;4
2358;1162;4
2359;1163;2
2360;1163;4
2361;1167;4
2362;1168;4
2363;1169;4
2366;1170;1
2365;1170;9
2364;1170;10
2369;1172;2
2370;1172;4
2368;1172;6
2367;1172;10
2371;1173;4
2372;1188;1
2373;1188;4
2374;1206;4
2375;1207;4
2376;1209;4
2377;1210;4
2378;1214;1
2379;1214;2
2380;1214;4
2381;1215;4
2383;1218;2
2384;1218;4
2385;1218;5
2382;1218;7
2386;1218;8
2387;1220;4
2388;1223;4
2389;1224;1
2390;1224;4
2391;1225;2
2392;1225;4
2393;1227;4
2394;1228;4
2395;1229;1
2396;1229;2
2397;1229;4
2398;1230;2
2399;1230;4
2401;1231;2
2402;1231;4
2400;1231;10
2403;1232;4
2404;1233;3
2405;1233;4
2406;1234;4
2407;1235;4
2409;1237;2
2410;1237;4
2408;1237;10
2411;1239;2
2412;1239;4
2413;1240;2
2414;1240;4
2417;1241;1
2416;1241;2
2415;1241;6
2418;1242;4
2419;1243;1
2420;1243;4
2421;1245;9
2422;1246;4
2427;1247;1
2424;1247;2
2425;1247;4
2426;1247;6
2423;1247;10
2429;1248;4
2428;1248;9
2431;1249;1
2432;1249;2
2433;1249;4
2430;1249;10
2434;1250;4
2435;1251;4
2436;1252;1
2437;1252;4
2441;1253;1
2440;1253;2
2439;1253;7
2438;1253;10
2442;1254;4
2444;1255;1
2445;1255;2
2446;1255;4
2443;1255;10
2447;1256;4
2449;1257;1
2450;1257;2
2451;1257;4
2448;1257;10
2453;1258;1
2454;1258;4
2452;1258;10
2456;1259;1
2457;1259;2
2458;1259;4
2455;1259;10
2459;1260;4
2461;1261;1
2460;1261;10
2463;1262;2
2464;1262;4
2462;1262;10
2466;1263;1
2465;1263;9
2468;1264;1
2467;1264;10
2470;1267;1
2469;1267;10
2471;1286;4
2472;1289;4
2473;1302;4
2474;1304;4
2475;1305;4
32;1325;1
34;1325;2
35;1325;4
33;1325;7
2480;1326;1
2481;1326;4
2482;1327;2
2483;1327;4
2484;1328;4
2485;1329;4
51;1336;4
2487;1337;2
2488;1337;4
2489;1339;2
2490;1339;4
2491;1340;1
2493;1340;2
2494;1340;4
2492;1340;6
2497;1343;2
2498;1343;4
2496;1343;7
2495;1343;8
2499;1344;4
2500;1345;4
2501;1346;1
2502;1346;4
2505;1347;1
2504;1347;18
2503;1347;19
2507;1349;2
2508;1349;4
2506;1349;8
2509;1351;1
2510;1351;4
2511;1352;1
2512;1352;2
2513;1352;4
2514;1353;2
2515;1353;4
2516;1354;4
447;1355;2
448;1355;4
2519;1356;4
2520;1357;4
2521;1359;5
2522;1361;4
2523;1362;4
2524;1365;1
2525;1365;2
2526;1365;4
2527;1368;4
2528;1392;4
2529;1394;2
2530;1394;4
2531;1395;1
2532;1395;2
2533;1395;4
2534;1396;4
2535;1398;4
2536;1399;4
2537;1400;2
2538;1400;4
2539;1402;1
2540;1402;4
2541;1403;1
2542;1403;2
2543;1403;4
2544;1404;4
2545;1406;4
2546;1407;1
2548;1407;2
2549;1407;4
2547;1407;6
2550;1408;2
2551;1408;4
2552;1409;2
2553;1409;4
2554;1410;4
2555;1411;4
2556;1412;1
2557;1412;4
2559;1413;1
2560;1413;2
2561;1413;4
2558;1413;10
2562;1415;2
2563;1415;4
2564;1416;2
2565;1416;4
2566;1417;2
2567;1417;4
2569;1418;1
2570;1418;2
2571;1418;4
2568;1418;10
2572;1419;4
2573;1422;1
2574;1422;2
2575;1422;4
2576;1424;4
2577;1425;4
2578;1427;4
2579;1428;1
2580;1428;2
2581;1428;4
2582;1429;4
2584;1430;2
2585;1430;4
2583;1430;10
2586;1431;1
2588;1431;2
2589;1431;4
2587;1431;6
2591;1432;1
2592;1432;2
2593;1432;4
2590;1432;10
2594;1433;4
2595;1434;4
2596;1436;2
2597;1436;4
2598;1437;1
2599;1437;2
2600;1437;4
2602;1438;1
2601;1438;2
2605;1439;1
2604;1439;2
2603;1439;4
2606;1440;1
2607;1440;4
2608;1441;1
2609;1441;2
2610;1441;4
2611;1443;1
2612;1443;2
2613;1443;4
2616;1445;1
2615;1445;2
2614;1445;6
39;1450;2
40;1450;4
38;1450;7
37;1450;8
2622;1451;1
2621;1451;9
2625;1452;2
2626;1452;4
2624;1452;7
2623;1452;8
2627;1453;4
2628;1454;2
2629;1454;4
2630;1455;4
2631;1456;4
2632;1457;2
2633;1457;4
2634;1458;2
2635;1458;4
2636;1460;2
2637;1460;4
2638;1461;4
2639;1462;2
2640;1462;4
2641;1465;1
2642;1465;2
2643;1465;4
2644;1468;1
2645;1468;2
2646;1468;4
2647;1469;4
2648;1470;2
2649;1470;4
2650;1471;4
2651;1472;1
2653;1472;2
2654;1472;4
2652;1472;8
2655;1473;2
2656;1473;4
2657;1476;4
2658;1477;4
370;1478;1
371;1478;2
372;1478;4
2662;1479;2
2663;1479;4
2664;1480;1
2665;1480;4
2666;1481;4
2667;1482;4
2668;1483;4
2669;1484;4
2670;1485;1
2671;1485;2
2672;1485;4
2673;1486;4
2674;1488;4
2675;1490;1
2676;1490;4
318;1491;2
319;1491;4
317;1491;8
2681;1492;2
2682;1492;4
2680;1492;8
2683;1493;1
2685;1493;4
2684;1493;6
2686;1494;4
2687;1496;2
2688;1496;4
2689;1499;4
2690;1500;1
2691;1500;2
2692;1500;4
2693;1501;1
2695;1501;4
2694;1501;6
2696;1502;2
2697;1502;4
2698;1503;1
2699;1503;4
2700;1504;4
2701;1506;4
2702;1507;2
2703;1507;4
2704;1508;4
2705;1510;4
2706;1511;4
2707;1512;4
2708;1513;4
2709;1514;4
2711;1517;1
2712;1517;2
2713;1517;4
2710;1517;10
2715;1518;2
2716;1518;4
2714;1518;10
2717;1519;4
2718;1520;4
2720;1521;1
2721;1521;4
2719;1521;10
2723;1536;1
2725;1536;4
2724;1536;6
2722;1536;10
2726;1537;4
2728;1538;2
2729;1538;4
2727;1538;7
2730;1539;2
2731;1539;4
2732;1540;4
2734;1542;4
2733;1542;8
2735;1543;4
2736;1546;1
2738;1546;2
2739;1546;4
2737;1546;7
2741;1547;4
2740;1547;5
2742;1548;2
2743;1548;4
2745;1549;2
2746;1549;4
2744;1549;5
2747;1550;4
2748;1551;1
2749;1551;2
2750;1551;4
2751;1553;1
2752;1553;4
2753;1554;1
2754;1554;2
2755;1554;4
2757;1555;2
2758;1555;4
2756;1555;6
2759;1556;4
2760;1557;2
2761;1557;4
2762;1558;4
2763;1559;4
2765;1560;2
2766;1560;4
2764;1560;7
2767;1562;4
2768;1568;4
2769;1570;4
2770;1571;4
2772;1572;2
2773;1572;4
2771;1572;8
2774;1573;2
2775;1573;4
2776;1573;5
2778;1573;7
2777;1573;26
2779;1574;4
2780;1578;4
2782;1579;2
2783;1579;4
2781;1579;7
2784;1580;2
2785;1580;4
2786;1581;1
2789;1582;1
2787;1582;4
2788;1582;6
2790;1583;1
2791;1583;2
2792;1583;4
2793;1584;4
2794;1585;2
2795;1585;4
2796;1586;1
2797;1586;4
2798;1587;4
2799;1588;2
2800;1588;4
2801;1589;4
2802;1590;4
2803;1591;4
2805;1593;4
2804;1593;8
2806;1594;1
2807;1594;4
2810;1595;1
2809;1595;4
2808;1595;10
2811;1597;4
2812;1598;2
2813;1598;4
2817;1599;1
2816;1599;2
2814;1599;4
2815;1599;6
2818;1600;2
2819;1600;4
2821;1602;2
2822;1602;4
2820;1602;9
2823;1603;4
2824;1604;4
2825;1606;1
2826;1606;2
2827;1606;4
2828;1608;1
2829;1608;2
2830;1608;4
2831;1609;1
2832;1609;2
2833;1609;4
2834;1610;1
2835;1610;4
2837;1613;2
2838;1613;4
2836;1613;8
2839;1614;2
2840;1614;4
2841;1620;4
2843;1623;1
2845;1623;4
2844;1623;8
2842;1623;10
2847;1624;1
2848;1624;4
2846;1624;10
2850;1628;4
2849;1628;8
2853;1630;1
2852;1630;9
2851;1630;10
43;1656;2
44;1656;4
2856;1665;4
2858;1670;2
2859;1670;4
2857;1670;10
2861;1690;1
2863;1690;4
2862;1690;8
2860;1690;15
2864;1697;2
2865;1697;4
2870;1698;1
2867;1698;4
2869;1698;6
2866;1698;18
2868;1698;19
2871;1699;7
2872;1703;2
2873;1703;4
2874;1709;4
2875;1711;4
2876;1714;2
2877;1714;4
2880;1718;1
2878;1718;4
2879;1718;6
2881;1720;9
2882;1722;4
2884;1723;5
2883;1723;7
2885;1725;2
2886;1725;5
1090;1727;1
1092;1727;2
1091;1727;5
2893;1731;4
2892;1731;6
2891;1731;18
2890;1731;19
2894;1732;4
2895;1733;1
2896;1735;4
2897;1737;4
2902;1739;1
2899;1739;2
2900;1739;4
2901;1739;6
2898;1739;10
2903;1743;4
2905;1749;2
2906;1749;4
2904;1749;7
2907;1759;1
2909;1759;5
2908;1759;6
2910;1764;4
2911;1767;4
2913;1774;1
2912;1774;9
2914;1780;1
2915;1780;4
2916;1829;4
2917;1832;4
45;1871;4
2919;1872;1
2920;1872;2
2921;1872;4
2922;1874;2
2923;1874;4
2924;1875;1
2925;1875;4
2926;1876;4
2927;1877;4
2928;1878;2
2929;1878;4
2931;1879;2
2932;1879;4
2930;1879;7
2933;1880;2
2934;1880;4
2935;1881;4
2936;1882;4
2937;1883;1
2939;1883;2
2940;1883;4
2938;1883;6
2941;1885;4
2942;1886;2
2943;1886;4
2944;1887;1
2945;1887;2
2946;1887;4
2947;1888;1
2948;1888;2
2949;1888;4
2951;1889;2
2952;1889;4
2950;1889;6
2953;1890;4
2954;1892;2
2955;1892;4
2956;1892;5
2957;1892;7
2958;1892;36
2959;1894;4
2960;1896;4
2961;1897;4
2962;1898;2
2963;1898;4
2964;1899;2
2965;1899;4
2966;1900;1
2967;1900;4
2970;1901;4
2968;1901;8
2969;1901;9
2971;1910;4
2975;1919;1
2974;1919;2
2973;1919;6
2972;1919;28
2977;1920;1
2976;1920;6
2978;1921;4
2979;1925;4
2982;1929;1
2980;1929;4
2981;1929;6
2983;1930;1
2985;1930;2
2986;1930;4
2984;1930;6
2987;1931;4
2988;1932;4
2989;1933;4
2993;1934;1
2992;1934;2
2991;1934;9
2990;1934;10
2994;1935;4
2995;1936;4
2996;1937;4
2998;1941;2
2999;1941;4
2997;1941;8
3000;1942;1
3001;1942;2
3002;1942;4
3003;1945;1
3005;1946;2
3006;1946;4
3004;1946;10
3007;1947;4
3008;1948;2
3009;1948;4
3010;1949;2
3011;1949;4
3012;1950;4
3013;1953;4
3014;1955;4
3015;1957;1
3016;1957;2
3017;1957;4
3018;1958;1
3019;1958;4
3020;1959;2
3021;1959;4
3022;1960;1
3024;1964;4
3023;1964;6
3025;1965;4
3026;1966;2
3027;1966;4
3028;1967;4
3029;1970;4
3030;1972;4
3031;1973;1
3032;1973;2
3033;1973;4
3035;1974;2
3036;1974;4
3034;1974;8
3037;1975;1
3038;1975;2
3039;1975;4
3040;1976;4
3042;1977;2
3043;1977;4
3041;1977;10
3046;1979;1
3045;1979;2
3044;1979;6
3047;1980;2
3049;1981;1
3048;1981;6
867;1982;1
3051;1983;4
3056;1984;1
3053;1984;2
3054;1984;4
3052;1984;10
3055;1984;11
3057;1985;1
3058;1985;4
3059;1987;1
3061;1987;2
3062;1987;4
3060;1987;9
3063;1988;1
3064;1988;2
3065;1988;4
3067;1989;2
3066;1989;9
3068;1992;2
3069;1992;4
3070;1993;2
3071;1993;4
3072;1994;1
3073;1995;1
3074;1995;2
3075;1995;4
3077;1996;1
3076;1996;6
3078;1997;1
3079;1997;2
3080;1997;4
3082;1998;1
3081;1998;18
3083;2000;4
3084;2002;4
3087;2004;1
3086;2004;2
3085;2004;6
3088;2005;4
3091;2007;1
3090;2007;9
3089;2007;10
3092;2008;2
3093;2008;4
3094;2009;2
3095;2009;4
3096;2010;1
3097;2010;4
3099;2012;4
3098;2012;10
3102;2013;1
3101;2013;2
3100;2013;6
3103;2014;1
3104;2014;4
3105;2015;1
3106;2015;2
3107;2015;4
3108;2016;1
3109;2016;4
3111;2019;1
3110;2019;2
3114;2020;2
3115;2020;4
3113;2020;7
3112;2020;21
3120;2022;1
3117;2022;2
3118;2022;4
3119;2022;6
3116;2022;10
3121;2023;4
3125;2024;1
3124;2024;2
3123;2024;6
3122;2024;28
3126;2025;1
3128;2027;1
3127;2027;4
3129;2028;1
3134;2029;1
3131;2029;2
3133;2029;6
3132;2029;25
3130;2029;28
3137;2030;1
3136;2030;2
3135;2030;28
3139;2033;1
3138;2033;4
3140;2034;4
3141;2036;1
3143;2037;8
3142;2037;10
3144;2038;2
3145;2038;4
3146;2039;1
3147;2039;4
3151;2040;1
3150;2040;6
3149;2040;10
3148;2040;40
3154;2041;1
3152;2041;21
3153;2041;28
3157;2042;2
3158;2042;4
3156;2042;6
3155;2042;16
3159;2043;2
3161;2044;4
3160;2044;6
3162;2046;1
3163;2049;1
3165;2049;4
3164;2049;9
3166;2050;4
3168;2053;4
3167;2053;9
3169;2054;9
3170;2067;1
3172;2067;4
3171;2067;6
3174;2081;1
3173;2081;2
3175;2108;4
3177;2130;1
3176;2130;2
3178;2131;2
3179;2132;4
3180;2139;2
3181;2143;1
3182;2150;2
3183;2151;4
3184;2196;2
3185;2196;4
3186;2197;1
3187;2197;4
3188;2201;4
3190;2208;4
3189;2208;9
3192;2209;4
3191;2209;9
3193;2210;4
3194;2212;2
3195;2212;4
3196;2213;2
3197;2213;4
3198;2214;4
3199;2215;4
3200;2216;4
3201;2217;1
3203;2217;4
3202;2217;9
3204;2218;4
3205;2219;4
3206;2220;1
3207;2220;4
3208;2221;4
3209;2222;4
3210;2223;4
3211;2224;2
3212;2224;4
3213;2225;2
3214;2225;4
3215;2226;2
3216;2226;4
3217;2227;4
3218;2228;4
3219;2229;2
3220;2229;4
3221;2230;4
3222;2231;4
3223;2232;2
3224;2232;4
3225;2233;1
3226;2233;4
3227;2234;2
3228;2234;4
3229;2235;4
3230;2236;2
3231;2236;4
3232;2237;4
3233;2238;4
586;2239;1
589;2239;2
590;2239;4
588;2239;8
587;2239;9
3239;2240;4
3242;2241;1
3240;2241;4
3241;2241;6
3244;2242;2
3245;2242;4
3243;2242;9
3247;2260;4
3246;2260;9
3248;2262;1
3250;2262;4
3249;2262;9
3251;2264;1
3253;2264;4
3252;2264;9
3254;2265;4
3255;2266;1
3256;2266;4
3257;2267;4
3258;2268;1
3259;2268;2
3260;2268;4
3263;2269;1
3262;2269;18
3261;2269;19
3264;2270;4
3265;2271;2
3266;2271;4
3267;2272;4
3268;2273;1
3270;2273;2
3271;2273;4
3269;2273;9
3272;2274;4
3273;2275;2
3274;2275;4
3275;2276;4
3276;2277;4
3277;2278;4
3278;2280;1
3279;2280;4
3280;2283;1
3281;2283;4
3282;2284;4
3283;2285;4
3285;2286;4
3284;2286;9
3286;2287;2
3287;2287;4
3288;2289;4
3290;2290;4
3289;2290;9
3291;2291;4
3292;2292;2
3293;2292;4
3294;2293;1
3297;2293;4
3295;2293;8
3296;2293;9
3298;2295;2
3299;2295;4
3301;2297;1
3303;2297;4
3302;2297;9
3300;2297;13
3305;2298;1
3306;2298;4
3304;2298;10
3307;2300;2
3308;2300;4
3309;2301;4
3310;2302;1
3311;2302;4
3312;2303;1
3314;2303;4
3313;2303;8
3315;2304;4
125;2305;2
126;2305;4
3318;2306;9
3319;2308;9
3320;2309;1
3322;2309;4
3321;2309;9
3323;2310;4
3325;2311;2
3326;2311;4
3324;2311;8
3327;2312;1
3328;2312;4
3329;2313;4
3330;2314;4
3331;2315;2
3332;2315;4
3333;2316;2
3334;2316;4
3335;2317;4
3336;2318;1
3338;2318;4
3337;2318;9
3339;2320;9
3340;2321;4
3341;2322;4
3342;2323;2
3343;2323;4
3344;2324;4
3345;2325;4
3346;2327;1
3348;2327;4
3347;2327;9
3349;2328;9
3350;2329;1
3352;2329;4
3351;2329;9
3354;2330;4
3353;2330;9
3355;2331;1
3357;2331;4
3356;2331;9
3358;2332;4
3359;2333;4
3360;2334;1
3361;2334;4
3362;2335;4
3363;2337;4
3364;2343;4
3366;2344;4
3365;2344;5
3367;2347;4
3369;2348;2
3370;2348;4
3368;2348;19
3372;2349;4
3371;2349;8
3373;2350;2
3374;2350;4
3375;2351;2
3376;2351;4
3377;2352;4
3378;2353;1
3379;2353;4
3380;2354;4
3381;2355;4
3382;2356;4
3384;2357;2
3385;2357;4
3383;2357;9
3386;2358;4
3387;2359;4
3388;2360;4
3389;2361;2
3390;2361;4
3392;2362;4
3391;2362;36
3394;2363;2
3395;2363;4
3393;2363;8
3396;2364;4
3397;2365;2
3398;2365;4
3399;2366;2
3400;2366;4
3401;2367;4
3402;2368;2
3403;2368;4
3405;2369;2
3404;2369;9
3408;2370;1
3406;2370;4
3407;2370;6
3409;2371;1
3410;2371;4
3411;2372;2
3412;2372;4
3414;2373;4
3413;2373;9
3418;2374;1
3415;2374;2
3416;2374;4
3417;2374;6
3419;2374;7
3420;2375;4
3425;2376;1
3421;2376;2
3422;2376;4
3424;2376;6
3423;2376;23
3426;2377;4
3427;2381;4
3428;2382;4
3429;2384;4
3430;2387;1
3431;2387;2
3432;2387;4
3433;2388;2
3434;2388;4
3435;2390;4
3436;2392;4
3437;2394;4
3438;2395;4
3439;2396;4
3440;2397;2
3441;2397;4
3442;2399;4
3443;2400;2
3444;2400;4
3445;2401;4
3446;2403;9
3447;2406;4
3451;2407;1
3450;2407;2
3449;2407;9
3448;2407;10
3453;2410;2
3452;2410;6
3457;2411;1
3456;2411;2
3455;2411;9
3454;2411;21
3459;2412;1
3458;2412;10
3461;2413;4
3460;2413;8
3462;2414;4
3464;2416;2
3465;2416;4
3463;2416;9
3467;2417;1
3466;2417;6
3468;2421;4
3469;2423;4
3471;2424;4
3470;2424;7
3474;2425;4
3473;2425;6
3472;2425;10
3475;2426;4
3476;2428;1
3477;2428;4
3478;2431;9
3479;2432;4
3482;2433;1
3481;2433;2
3480;2433;6
3484;2434;1
3485;2434;4
3483;2434;10
3486;2436;4
3488;2439;2
3489;2439;4
3487;2439;8
3490;2443;9
3491;2444;9
3492;2447;9
3493;2453;3
3495;2453;4
3494;2453;26
3496;2454;4
3497;2455;1
3498;2458;1
3501;2460;1
3500;2460;6
3499;2460;25
3503;2461;4
3502;2461;26
3504;2468;3
3506;2468;4
3505;2468;26
3507;2488;1
3509;2488;4
3508;2488;6
3510;2489;4
3511;2491;4
3512;2492;4
3515;2494;1
3514;2494;2
3513;2494;18
3517;2496;4
3516;2496;10
52;2504;4
3519;2506;4
3520;2507;4
3522;2508;1
3521;2508;4
3523;2509;4
3524;2511;1
3525;2511;2
3526;2511;4
3528;2512;4
3527;2512;5
3529;2513;4
3530;2514;4
3531;2515;2
3532;2515;4
3533;2516;1
3534;2516;4
3535;2517;1
3536;2517;2
3537;2517;4
3538;2518;4
3539;2519;1
3540;2519;2
3541;2519;4
75;2520;4
3543;2521;1
3544;2521;4
3545;2523;4
3546;2524;2
3547;2524;4
3548;2525;2
3549;2525;4
3550;2526;4
3551;2527;4
327;2528;1
328;2528;2
329;2528;4
3555;2529;4
3556;2530;2
3557;2530;4
3558;2531;4
3559;2532;4
3560;2535;2
3561;2535;4
3562;2536;4
3563;2537;4
3564;2538;1
3565;2538;4
3566;2539;4
3568;2540;2
3569;2540;4
3567;2540;7
3570;2541;1
3571;2541;2
3572;2541;4
3573;2542;4
3574;2543;1
3575;2544;1
3576;2544;2
3577;2544;4
3578;2545;1
3579;2545;4
3580;2546;1
3581;2546;2
3582;2546;4
3585;2547;4
3584;2547;18
3583;2547;19
3587;2549;1
3588;2549;4
3589;2550;4
3590;2551;4
3591;2552;2
3592;2552;4
3593;2553;1
3595;2553;4
3594;2553;6
3596;2554;1
3597;2554;2
3598;2554;4
3599;2555;2
3600;2555;4
3601;2556;4
3602;2557;4
3603;2558;4
3605;2560;1
3607;2560;4
3606;2560;6
3604;2560;10
62;2561;1
63;2561;4
3610;2562;1
3611;2562;4
3613;2563;1
3614;2563;4
3612;2563;10
3615;2564;4
3616;2565;4
3617;2566;1
3618;2566;4
3619;2567;1
3620;2567;2
3621;2567;4
3622;2570;1
3623;2570;4
3624;2571;1
3625;2571;4
3626;2572;4
3627;2574;4
3628;2575;1
3629;2575;4
3630;2576;1
3631;2576;4
3632;2577;1
3633;2577;4
3634;2578;2
3635;2578;4
3636;2579;4
3639;2580;1
3637;2580;4
3638;2580;6
3640;2581;1
3641;2581;4
3642;2582;1
3643;2582;2
3644;2582;4
3646;2583;2
3647;2583;4
3645;2583;9
3648;2584;4
3649;2585;2
3650;2585;4
3651;2587;1
3653;2587;4
3652;2587;6
3654;2588;1
3655;2588;4
3656;2589;1
3658;2589;4
3657;2589;6
3659;2590;4
3660;2591;4
3663;2592;1
3661;2592;4
3662;2592;6
3664;2597;2
3665;2597;4
3666;2598;4
3667;2599;1
3668;2599;4
3669;2600;4
3670;2601;4
3673;2602;1
3672;2602;6
3671;2602;10
3674;2603;4
3675;2604;4
3678;2605;4
3677;2605;18
3676;2605;19
3679;2606;1
3681;2606;4
3680;2606;6
3682;2608;4
3683;2609;1
3685;2609;4
3684;2609;9
3686;2610;4
3687;2611;1
3688;2611;2
3689;2611;4
3690;2614;4
3691;2615;4
3692;2616;1
3694;2616;4
3693;2616;8
3695;2617;1
3696;2617;2
3697;2617;4
3698;2619;4
3699;2623;2
3700;2623;4
3701;2625;9
3702;2627;4
3703;2642;4
53;2653;1
54;2653;2
55;2653;4
3707;2654;1
3708;2654;2
3709;2654;4
3710;2655;1
3711;2655;4
3712;2656;4
3713;2657;2
3714;2657;4
3715;2658;2
3716;2658;4
3717;2659;4
3718;2660;1
3719;2660;4
3720;2663;4
3721;2664;4
3722;2666;1
3723;2666;2
3724;2666;4
3725;2667;1
3726;2667;4
3727;2668;4
3728;2669;1
3729;2669;4
3730;2670;4
3732;2671;4
3731;2671;67
3733;2672;4
3734;2673;4
3735;2674;1
3737;2674;2
3738;2674;4
3736;2674;8
65;2675;1
66;2675;2
67;2675;4
3742;2678;4
3743;2681;4
3744;2683;2
3745;2683;4
3746;2685;1
3747;2685;4
3748;2686;4
3749;2687;4
3750;2688;1
3751;2688;2
3752;2688;4
3753;2690;4
3754;2691;4
3755;2698;4
332;2699;1
333;2699;4
3758;2700;2
3759;2702;4
3760;2703;4
229;2704;4
3762;2706;1
3763;2706;2
3764;2706;4
3765;2707;4
3766;2709;4
3767;2710;4
3770;2711;1
3768;2711;3
3769;2711;6
3771;2716;4
3772;2717;2
3773;2717;4
3774;2718;1
3775;2718;4
3776;2719;4
3777;2720;4
3778;2721;4
3779;2722;1
3780;2722;2
3781;2722;4
3782;2723;4
3783;2724;4
3784;2726;4
3786;2731;1
3785;2731;8
3787;2732;4
3788;2733;4
3790;2734;4
3789;2734;8
3791;2735;2
3792;2735;4
3793;2736;2
3794;2736;4
3795;2737;1
3796;2737;2
3797;2737;4
3800;2739;1
3799;2739;6
3798;2739;8
3801;2740;1
3803;2740;2
3804;2740;4
3802;2740;9
3805;2741;4
3806;2742;4
3807;2744;2
3808;2744;4
3809;2745;2
3810;2745;4
3811;2746;1
3812;2746;2
3813;2746;4
3814;2747;2
3815;2747;4
3816;2748;9
3817;2749;2
3818;2749;4
3819;2750;4
3822;2751;1
3821;2751;6
3820;2751;9
3825;2752;1
3824;2752;6
3823;2752;9
3826;2753;2
3827;2753;4
3828;2754;4
3829;2755;4
3830;2756;1
3831;2756;2
3832;2756;4
3833;2758;1
3834;2758;4
3838;2759;1
3836;2759;3
3837;2759;6
3835;2759;10
3839;2760;4
3840;2761;4
3841;2763;1
3842;2763;4
3843;2764;4
3847;2766;1
3845;2766;4
3846;2766;6
3844;2766;9
3848;2767;4
3849;2768;1
3851;2768;4
3850;2768;6
3853;2771;2
3854;2771;4
3852;2771;7
3855;2773;4
3856;2774;4
3857;2775;4
3858;2776;1
3860;2776;2
3861;2776;4
3859;2776;8
3862;2778;1
3863;2778;4
3864;2779;4
3865;2780;4
3866;2781;4
3867;2782;1
3868;2783;1
3870;2783;2
3869;2783;6
3871;2783;16
3872;2784;2
3873;2784;4
3874;2786;4
3875;2787;9
3877;2788;1
3878;2788;4
3876;2788;10
3882;2789;1
3881;2789;2
3879;2789;4
3880;2789;6
3883;2790;4
3884;2791;4
3885;2792;1
3887;2792;4
3886;2792;6
3891;2795;1
3890;2795;2
3889;2795;6
3888;2795;25
56;2805;4
3893;2806;1
3894;2806;4
3896;2807;4
3895;2807;8
3897;2808;4
3898;2809;1
3899;2809;2
3900;2809;4
3901;2810;4
3902;2811;2
3903;2811;4
3904;2812;4
3905;2813;4
3906;2814;2
3907;2814;4
3909;2815;1
3908;2815;9
3910;2816;1
3912;2816;4
3911;2816;9
3913;2817;4
3914;2818;2
3915;2818;4
3916;2821;1
3918;2821;4
3917;2821;6
3919;2823;4
3920;2824;1
3921;2824;4
3922;2825;4
3923;2826;4
3924;2830;4
3925;2831;1
3927;2831;4
3926;2831;6
3929;2832;1
3928;2832;6
3930;2833;4
3931;2835;4
3932;2838;9
57;2859;4
3934;2862;1
3935;2862;4
3937;2865;4
3936;2865;8
3938;2866;4
3939;2867;4
3940;2872;4
3941;2875;4
3942;2876;1
3943;2876;4
3944;2877;4
3945;2881;1
3946;2881;4
3947;2900;1
3948;2900;2
3949;2900;4
3950;2928;4
3951;2932;4
3955;2940;1
3952;2940;2
3954;2940;4
3956;2940;8
3953;2940;16
58;2957;4
3958;2958;2
3959;2958;4
3960;2959;1
3961;2959;4
3962;2960;2
3963;2960;4
3964;2961;2
3965;2961;4
3966;2962;4
3967;2963;4
3968;2966;1
3969;2966;2
3970;2966;4
3971;2967;2
3972;2967;4
3975;2968;1
3973;2968;4
3974;2968;6
3977;2970;4
3976;2970;5
3978;2971;4
3979;2972;4
3980;2974;1
3981;2974;2
3982;2974;4
3983;2975;4
3984;2976;4
3985;2978;1
3986;2978;4
3988;2979;1
3989;2979;2
3990;2979;4
3987;2979;10
3991;2980;4
3992;2982;4
3993;2983;2
3994;2985;1
3995;2985;4
3996;2993;1
3997;2993;2
3998;2993;4
59;2999;1
60;2999;2
4003;3000;1
4002;3000;2
4001;3000;9
4004;3001;2
4005;3001;4
4008;3002;1
4009;3002;4
4007;3002;18
4006;3002;19
4010;3003;1
4011;3003;9
4012;3003;17
4013;3004;2
4014;3004;4
4016;3005;2
4015;3005;9
4017;3007;9
4018;3007;17
4021;3008;1
4020;3008;6
4019;3008;9
4024;3009;1
4023;3009;18
4022;3009;19
4025;3010;4
4029;3011;1
4028;3011;4
4027;3011;9
4026;3011;15
4031;3012;1
4030;3012;9
4033;3013;1
4034;3013;2
4035;3013;4
4032;3013;21
4038;3014;1
4037;3014;2
4036;3014;9
4041;3015;1
4040;3015;2
4039;3015;12
4042;3016;2
4043;3016;4
4048;3017;7
4047;3017;9
4045;3017;13
4044;3017;18
4046;3017;19
4049;3018;1
4051;3019;1
4050;3019;6
4057;3021;2
4058;3021;4
4056;3021;9
4055;3021;13
4061;3022;1
4060;3022;2
4059;3022;9
4065;3023;1
4064;3023;6
4063;3023;18
4062;3023;19
1009;3025;9
61;3028;4
4068;3032;2
4069;3032;4
4070;3035;2
4071;3035;4
4073;3054;2
4072;3054;8
4074;3055;4
4075;3080;4
4076;3099;4
4077;3100;4
4078;3101;2
4079;3101;5
4080;3102;4
4081;3103;4
4082;3104;4
4083;3105;4
4084;3106;1
4085;3106;4
4086;3107;4
4087;3108;4
4088;3109;4
4090;3110;4
4089;3110;9
4091;3111;2
4092;3111;4
4093;3114;4
4094;3115;4
226;3116;1
227;3116;2
228;3116;4
4098;3117;4
4099;3118;4
4100;3119;4
4101;3120;1
4104;3120;4
4102;3120;9
4103;3120;17
4106;3121;4
4105;3121;8
4108;3124;4
4107;3124;9
4109;3125;4
4110;3126;4
4111;3130;4
4113;3131;2
4114;3131;4
4112;3131;8
4115;3132;4
4117;3134;4
4116;3134;8
4118;3135;1
4120;3135;2
4121;3135;4
4119;3135;7
71;3136;4
4124;3137;2
4125;3137;4
4123;3137;7
4126;3138;1
4127;3138;4
4130;3139;1
4128;3139;4
4129;3139;6
4133;3140;1
4131;3140;4
4132;3140;6
4134;3141;4
4137;3144;2
4136;3144;7
4138;3145;1
4140;3145;4
4139;3145;6
4141;3146;1
4143;3146;4
4142;3146;6
4145;3147;4
4144;3147;9
4146;3149;1
4148;3149;4
4147;3149;6
4149;3150;1
4150;3150;4
4151;3151;1
4153;3151;2
4154;3151;4
4152;3151;6
4155;3152;4
4156;3154;4
4157;3156;4
4158;3159;9
4159;3160;4
4161;3161;1
4160;3161;9
4162;3162;4
4163;3163;1
4164;3163;2
4165;3163;4
68;3165;1
69;3165;2
70;3165;4
4169;3166;4
4170;3167;1
4171;3167;2
4172;3167;4
4173;3168;4
4174;3170;7
4175;3171;4
4176;3172;1
4178;3172;2
4179;3172;4
4177;3172;8
4180;3173;4
4181;3175;4
4182;3177;4
4184;3179;1
4183;3179;6
4185;3180;4
4186;3181;4
4188;3182;2
4189;3182;4
4187;3182;9
4191;3185;4
4190;3185;9
4193;3186;4
4192;3186;9
4194;3188;4
4196;3189;4
4195;3189;9
4197;3190;4
4198;3192;4
4199;3193;4
4200;3195;4
4203;3197;1
4202;3197;2
4201;3197;6
4204;3199;1
4205;3199;4
4207;3200;4
4206;3200;9
4208;3209;4
4209;3210;1
4210;3210;2
4211;3210;4
4213;3220;4
4212;3220;10
4214;3265;4
4215;3275;4
64;3321;4
425;3322;4
4218;3326;2
4219;3326;4
4220;3327;2
4221;3327;4
4223;3328;2
4222;3328;21
4224;3331;4
4226;3332;2
4227;3332;4
4225;3332;5
4228;3333;2
4229;3333;4
4230;3334;4
4231;3336;4
4232;3337;2
4233;3337;4
4234;3340;4
4237;3388;1
4235;3388;4
4236;3388;6
4238;3389;1
4239;3389;2
4240;3389;4
4241;3390;1
4242;3390;4
4243;3392;1
4245;3392;4
4244;3392;6
4246;3394;1
4247;3394;2
4248;3394;4
4249;3396;4
4250;3397;4
4251;3398;4
4252;3399;4
4253;3400;1
4254;3400;4
4255;3401;1
4256;3401;4
4257;3402;1
4258;3402;2
4259;3402;4
4262;3403;1
4261;3403;6
4260;3403;9
4263;3404;1
4265;3404;4
4264;3404;6
4266;3405;1
4267;3405;4
4269;3406;1
4268;3406;6
4270;3407;1
4272;3407;4
4271;3407;6
4275;3408;1
4273;3408;4
4274;3408;6
4276;3409;1
4277;3409;2
4278;3409;4
4279;3410;4
4280;3411;4
4282;3412;1
4281;3412;6
4284;3413;2
4285;3413;4
4283;3413;9
4286;3414;4
4287;3415;4
4288;3417;4
4289;3418;4
4290;3419;4
4291;3420;4
4292;3421;4
4295;3423;1
4294;3423;2
4293;3423;6
4296;3424;4
4297;3425;2
4298;3425;4
4300;3426;4
4299;3426;7
4301;3427;1
4302;3427;4
4303;3428;4
4305;3430;1
4304;3430;6
4306;3431;4
4307;3432;4
4310;3433;1
4308;3433;4
4309;3433;6
4311;3434;1
4312;3434;4
4313;3437;4
4314;3439;1
4315;3439;4
4317;3440;1
4316;3440;4
4318;3441;1
4319;3441;2
4320;3441;4
4321;3442;4
4324;3444;1
4323;3444;2
4322;3444;6
4325;3445;4
4326;3447;9
4327;3448;4
4328;3449;2
4329;3449;4
4330;3450;4
4332;3451;1
4331;3451;6
4333;3452;1
4335;3452;4
4334;3452;6
4336;3454;2
4337;3454;4
4338;3455;1
4339;3455;4
4342;3456;1
4340;3456;4
4341;3456;6
4343;3457;1
4345;3457;4
4344;3457;6
4347;3458;1
4346;3458;6
4348;3459;4
4349;3460;4
4352;3461;1
4351;3461;7
4350;3461;9
4353;3463;9
4354;3464;2
4355;3464;4
4356;3465;1
4358;3465;4
4357;3465;6
4359;3466;1
4361;3466;4
4360;3466;6
269;3467;1
271;3467;2
272;3467;4
270;3467;6
4366;3469;1
4367;3469;4
4368;3470;4
4369;3471;4
4372;3472;1
4370;3472;4
4371;3472;6
4376;3473;1
4374;3473;4
4375;3473;6
4373;3473;10
4377;3474;4
4378;3475;1
4379;3475;4
4380;3476;1
4381;3476;2
4382;3476;4
4383;3479;2
4384;3479;4
4387;3481;4
4386;3481;8
4385;3481;66
4388;3482;4
4389;3483;4
4390;3484;1
4391;3484;4
4392;3488;4
4393;3489;1
4395;3489;4
4394;3489;6
4396;3490;4
4397;3492;4
4398;3494;4
4399;3495;4
4402;3496;1
4400;3496;4
4401;3496;6
4403;3497;1
4404;3497;2
4405;3497;4
4406;3498;4
4408;3499;4
4407;3499;6
4409;3500;4
4410;3501;4
4411;3502;4
4413;3503;1
4412;3503;9
4414;3504;2
4415;3504;4
4416;3505;4
4418;3506;1
4417;3506;6
4420;3508;1
4419;3508;6
4421;3509;4
4423;3510;1
4422;3510;6
4424;3511;1
4425;3511;2
4426;3511;4
4427;3512;4
4428;3513;1
4430;3513;4
4429;3513;6
4433;3515;2
4432;3515;9
4431;3515;13
4434;3516;4
4435;3517;4
4436;3519;1
4437;3519;4
4438;3520;1
4440;3524;4
4443;3525;1
4442;3525;2
4441;3525;6
4444;3526;4
4446;3527;1
4445;3527;6
4448;3528;1
4447;3528;6
4450;3529;1
4449;3529;6
4451;3530;2
4452;3530;4
4455;3531;1
4454;3531;2
4453;3531;9
4456;3532;4
4458;3533;4
4457;3533;8
4459;3534;4
4460;3535;1
4461;3535;2
4462;3535;4
4467;3536;1
4464;3536;2
4465;3536;4
4466;3536;6
4463;3536;10
4468;3537;1
4469;3537;2
4470;3537;4
4471;3540;4
4472;3543;4
4475;3545;1
4474;3545;4
4473;3545;10
4476;3546;1
4478;3546;4
4477;3546;6
4480;3547;2
4481;3547;4
4479;3547;10
4482;3548;4
4483;3549;4
4484;3550;1
4485;3550;4
4486;3551;4
4487;3552;2
4488;3552;4
4489;3554;4
4490;3556;1
4491;3556;4
4492;3557;4
4494;3559;1
4493;3559;6
4495;3560;9
4496;3561;9
4497;3562;4
4499;3563;1
4500;3563;4
4498;3563;10
4502;3564;1
4501;3564;6
4503;3565;1
4504;3565;2
4505;3565;4
4507;3566;1
4508;3566;2
4509;3566;4
4506;3566;10
4510;3567;4
4512;3568;1
4511;3568;6
4513;3569;4
4514;3570;4
4515;3571;1
4516;3572;4
4518;3573;4
4517;3573;9
4519;3574;9
4520;3575;2
4521;3575;4
4523;3576;1
4522;3576;6
4525;3577;1
4526;3577;4
4524;3577;10
4527;3578;1
4528;3578;4
4529;3579;1
4531;3580;1
4530;3580;6
4533;3581;1
4532;3581;6
4534;3582;1
4535;3582;4
4536;3583;6
4538;3584;1
4537;3584;6
4539;3585;4
4541;3586;1
4540;3586;6
4543;3587;6
4542;3587;10
4544;3588;2
4545;3588;4
4547;3589;1
4546;3589;2
4550;3590;1
4548;3590;4
4549;3590;6
4551;3592;9
4552;3593;1
819;3594;1
820;3594;6
4556;3595;1
4558;3595;4
4557;3595;6
4555;3595;10
4559;3596;4
4560;3598;1
4562;3598;4
4561;3598;6
4563;3599;4
4565;3600;1
4564;3600;6
4567;3601;4
4566;3601;10
4568;3603;2
4569;3603;4
4571;3604;1
4572;3604;4
4570;3604;10
4573;3605;4
4576;3606;1
4574;3606;4
4575;3606;6
4578;3607;1
4577;3607;4
4579;3608;1
4581;3608;4
4580;3608;6
4582;3609;1
4584;3609;2
4583;3609;6
4585;3609;55
4587;3610;1
4586;3610;6
4588;3612;2
4589;3612;4
4591;3614;4
4590;3614;8
4593;3615;4
4592;3615;10
4596;3619;1
4595;3619;4
4594;3619;9
4597;3620;1
4599;3621;4
4598;3621;9
4601;3622;1
4600;3622;10
4602;3623;1
4604;3623;4
4603;3623;6
4605;3624;4
4609;3625;1
4608;3625;2
4607;3625;6
4606;3625;9
4610;3626;10
4613;3629;1
4612;3629;6
4611;3629;9
4616;3630;1
4615;3630;6
4614;3630;10
4617;3635;1
4619;3640;4
4618;3640;10
4620;3668;4
4621;3671;1
4622;3671;2
4623;3671;4
4624;3690;1
4626;3690;4
4625;3690;6
4629;3691;2
4630;3691;4
4628;3691;6
4627;3691;10
4631;3692;4
4633;3693;1
4632;3693;6
4635;3694;6
4634;3694;9
4637;3695;1
4636;3695;2
4638;3706;4
4640;3707;2
4641;3707;4
4639;3707;10
4642;3708;1
4643;3708;2
4644;3708;4
4645;3709;4
4646;3710;4
4647;3719;1
4648;3719;2
4649;3719;4
4650;3720;4
4651;3721;2
4652;3721;4
4653;3722;4
4654;3723;1
4655;3723;2
4656;3723;4
4658;3726;1
4659;3726;2
4660;3726;4
4657;3726;10
4661;3727;4
4662;3728;9
4664;3730;1
4665;3730;2
4666;3730;4
4663;3730;10
4668;3731;4
4667;3731;9
4670;3732;1
4671;3732;2
4672;3732;4
4669;3732;10
4674;3733;2
4675;3733;4
4673;3733;9
4678;3734;1
4677;3734;9
4676;3734;10
4682;3736;1
4681;3736;2
4680;3736;4
4679;3736;9
72;3762;1
73;3762;2
74;3762;4
4686;3763;2
4687;3763;4
4690;3764;1
4688;3764;4
4689;3764;6
4691;3765;2
4692;3765;4
4693;3766;4
4694;3767;4
4695;3768;4
4696;3769;4
4698;3770;2
4699;3770;4
4697;3770;16
4700;3771;1
4702;3771;4
4701;3771;6
4703;3773;2
4705;3778;1
4704;3778;2
4707;3779;4
4706;3779;9
4709;3780;4
4708;3780;9
4710;3781;1
4712;3781;2
4713;3781;4
4711;3781;5
4715;3782;2
4716;3782;4
4714;3782;9
4717;3783;2
4718;3783;4
4719;3784;4
4721;3785;4
4720;3785;9
4722;3786;9
4723;3787;1
4724;3787;2
4725;3787;4
4726;3788;4
4727;3789;4
4728;3790;4
4729;3791;2
4730;3791;4
4734;3793;9
4735;3794;4
4736;3795;4
4737;3796;4
4738;3797;1
4739;3797;4
4740;3798;4
4741;3799;1
4743;3799;2
4744;3799;4
4742;3799;5
4748;3801;2
4749;3801;4
4750;3802;1
4751;3802;4
4752;3804;4
4756;3806;1
4757;3806;2
4758;3806;4
4759;3808;4
4760;3809;4
4761;3810;4
4762;3811;2
4763;3811;4
4764;3812;4
4765;3813;4
539;3814;4
4767;3815;4
4768;3816;4
4769;3817;2
4770;3817;4
4771;3818;2
4772;3818;4
4773;3819;4
4774;3820;4
4775;3821;4
4776;3822;1
4777;3822;2
4778;3822;4
4779;3823;1
4780;3823;2
4781;3823;4
4782;3824;4
4783;3825;1
4784;3825;2
4785;3825;4
4786;3826;1
4787;3826;4
4788;3827;4
4789;3828;4
4790;3829;4
4791;3830;2
4792;3830;4
4793;3831;2
4794;3831;4
4796;3832;1
4797;3832;2
4798;3832;4
4795;3832;10
4799;3833;4
4800;3834;4
4801;3835;1
4802;3835;4
4803;3836;4
4804;3837;2
4805;3837;4
4806;3840;4
4810;3842;2
4811;3842;4
4812;3843;4
4813;3844;4
4814;3845;4
4815;3846;4
4816;3847;2
4817;3847;4
4818;3848;4
1299;3849;1
1301;3849;6
1300;3849;9
4822;3850;1
4823;3850;4
4826;3851;1
4825;3851;6
4824;3851;55
4827;3852;2
4828;3852;4
4829;3853;2
4830;3853;4
4831;3854;4
4832;3855;4
4833;3856;1
4834;3856;4
4835;3857;4
4836;3858;4
4837;3859;4
4838;3860;4
4839;3861;4
4840;3862;1
4841;3862;4
4842;3863;4
4843;3864;4
4844;3865;2
4845;3865;4
4846;3866;4
4847;3867;4
4848;3869;4
4849;3870;4
4850;3873;4
4851;3874;1
4852;3874;2
4853;3874;4
4854;3875;4
4857;3877;1
4855;3877;4
4856;3877;6
4858;3878;4
4859;3879;2
4860;3879;4
4862;3881;4
4863;3882;1
4864;3882;4
4866;3883;4
4865;3883;6
4867;3884;2
4868;3884;4
4872;3887;1
4873;3887;4
4874;3888;2
4875;3888;4
4877;3889;4
4876;3889;9
4878;3890;4
4879;3891;2
4880;3891;4
4881;3893;4
4882;3894;1
4883;3894;2
4884;3894;4
4887;3896;4
4888;3897;2
4889;3897;4
4890;3899;4
4892;3900;1
4893;3900;4
4891;3900;10
4894;3901;4
4895;3902;4
4896;3903;4
4897;3906;4
76;3934;4
4902;3935;1
4901;3935;2
4900;3935;14
4903;3936;1
4905;3936;4
4904;3936;8
4906;3938;2
4907;3938;4
4908;3940;2
4909;3940;4
4910;3941;2
4911;3941;4
4912;3942;4
4913;3943;4
4914;3945;1
4915;3945;4
4916;3946;1
4917;3946;2
4918;3946;4
4922;3952;1
4923;3952;4
4924;3953;4
4925;3954;1
4926;3954;4
4927;3955;4
4928;3956;1
4929;3956;2
4930;3956;4
4931;3957;4
4932;3958;4
4933;3962;1
4934;3962;2
4935;3962;4
4936;3963;4
4937;3964;4
4938;3965;4
4939;3966;1
4940;3966;4
4941;3967;4
4942;3968;2
4943;3968;4
4944;3969;1
4947;3969;4
4946;3969;6
4945;3969;8
4948;3970;2
4949;3970;4
4950;3971;1
4951;3971;4
4952;3972;1
4954;3972;4
4953;3972;8
4956;3974;1
4955;3974;2
4957;3975;1
4959;3975;2
4960;3975;4
4958;3975;6
4964;3980;1
4966;3980;4
4965;3980;6
4967;3982;4
4975;3984;1
4974;3984;2
4972;3984;3
4973;3984;6
4976;3985;4
4977;3986;2
4978;3986;4
4979;3987;2
4980;3987;4
4982;3988;1
4983;3988;2
4984;3988;4
4981;3988;10
4985;3989;4
4986;3991;1
4987;3991;2
4988;3991;4
4994;3994;4
4995;3995;4
4996;3997;4
4998;3999;4
4999;4000;4
5000;4001;4
5001;4003;4
5007;4009;4
5006;4009;5
5008;4010;2
5009;4010;4
5010;4011;3
5013;4011;4
5012;4011;7
5011;4011;8
5014;4012;2
5015;4012;4
5016;4013;1
5017;4013;4
5019;4017;4
77;4035;4
5022;4036;4
5023;4037;2
5024;4037;4
5025;4039;4
5027;4048;1
5026;4048;4
5029;4050;2
5030;4050;4
5028;4050;8
78;4052;4
5033;4053;1
5032;4053;2
5034;4054;1
5035;4054;2
5036;4054;4
5037;4055;4
5038;4056;4
5040;4062;4
5041;4063;4
1156;4064;1
5043;4068;2
5044;4068;4
5045;4069;4
5046;4070;2
5047;4070;4
5048;4074;4
5049;4079;4
5050;4080;4
5051;4081;4
5052;4082;4
5053;4083;1
5054;4083;4
5056;4084;1
5055;4084;2
5057;4085;1
5058;4085;4
5059;4086;2
5060;4086;4
5061;4087;4
5062;4088;4
5063;4098;4
5064;4099;4
5065;4100;4
5066;4101;4
5067;4102;4
5068;4104;2
5069;4104;4
5070;4105;2
5071;4105;4
5072;4114;4
5073;4116;1
5074;4116;4
5075;4117;4
5076;4118;4
5077;4119;4
5082;4121;1
5083;4121;2
5084;4121;4
5085;4123;4
5086;4124;4
5087;4125;2
5088;4125;4
5089;4126;1
5091;4126;4
5090;4126;8
5092;4127;4
5093;4132;1
5095;4132;4
5094;4132;6
5096;4133;4
5097;4134;4
5098;4136;4
5099;4144;1
5100;4144;2
5101;4144;4
5102;4145;4
5103;4146;1
5105;4146;2
5106;4146;4
5104;4146;8
5107;4147;4
5108;4150;1
5109;4150;2
5110;4150;4
5111;4151;4
5112;4152;2
5113;4152;4
5114;4154;2
5115;4154;4
5116;4156;4
5117;4159;4
5118;4160;4
5119;4161;4
5120;4164;4
5121;4166;4
5122;4168;2
5123;4168;4
5124;4170;1
5125;4170;4
5126;4172;4
5127;4173;4
5128;4174;4
5129;4176;2
5130;4176;4
5131;4182;4
5132;4185;4
5133;4186;4
5134;4187;4
5135;4191;4
5136;4192;4
5137;4195;1
5138;4195;4
5139;4197;4
5140;4198;4
5141;4203;4
5143;4216;1
5142;4216;6
5144;4218;2
5145;4218;4
5146;4232;4
80;4292;2
81;4292;4
79;4292;8
82;4360;4
5151;4362;4
5152;4363;1
5154;4363;4
5153;4363;8
5155;4365;4
5156;4367;4
5158;4368;4
5157;4368;8
5160;4371;2
5161;4371;4
5159;4371;9
5162;4374;4
5164;4375;4
5163;4375;8
5168;4376;1
5167;4376;2
5165;4376;4
5166;4376;6
5169;4378;4
5170;4379;4
5171;4382;4
83;4391;1
84;4391;4
5174;4392;4
5175;4394;4
5176;4395;4
5177;4397;4
5178;4399;2
5179;4399;4
5180;4400;4
5181;4402;1
5182;4402;2
5183;4402;4
5184;4405;4
5185;4406;4
5189;4409;4
5190;4410;4
5191;4415;2
5192;4415;4
5194;4416;1
5193;4416;6
5195;4418;4
5199;4424;1
5200;4424;4
5202;4425;1
5203;4425;4
5201;4425;10
5205;4426;1
5206;4426;4
5204;4426;10
85;4438;1
88;4438;4
87;4438;6
86;4438;8
5212;4439;1
5211;4439;2
5213;4440;1
5214;4440;4
5215;4442;1
5216;4442;4
5220;4444;1
5219;4444;2
5218;4444;9
5217;4444;21
5223;4445;1
5222;4445;4
5221;4445;8
5226;4453;1
5225;4453;2
5224;4453;6
5231;4463;1
5230;4463;6
5232;4465;4
5233;4466;4
5238;4469;1
5237;4469;6
576;4477;1
577;4477;6
5243;4478;4
5244;4480;4
5246;4481;1
5245;4481;6
5247;4484;4
5251;4489;4
5252;4490;4
93;4496;2
94;4496;4
92;4496;8
5259;4506;4
5260;4507;4
5261;4510;1
5264;4510;4
5263;4510;6
5262;4510;8
5265;4511;4
5269;4521;4
5276;4534;1
5275;4534;2
5274;4534;6
5273;4534;38
5283;4542;1
5282;4542;70
5287;4623;1
5288;4623;4
538;4744;4
5295;4831;4
5301;4882;4
5300;4882;8
5303;4883;4
5302;4883;8
5304;4884;4
5306;4885;4
5305;4885;8
5309;4887;4
5313;4889;4
5312;4889;8
5319;4893;4
5321;4894;4
5320;4894;8
5325;4897;4
5324;4897;8
5331;4901;4
5332;4902;4
5334;4904;1
5336;4904;4
5335;4904;8
5343;4909;4
5342;4909;8
5351;4914;4
5355;4915;1
5352;4915;16
5353;4915;32
5354;4915;39
5357;4917;4
5361;4919;4
5360;4919;8
5364;4921;4
5363;4921;8
5366;4922;4
5365;4922;8
5376;4927;4
5375;4927;8
5378;4928;4
5377;4928;8
5386;4931;4
5385;4931;8
5387;4932;1
5389;4932;2
5390;4932;4
5388;4932;8
5396;4936;1
5398;4936;2
5399;4936;4
5397;4936;8
5403;4939;1
5404;4939;4
5407;4941;1
5409;4941;2
5410;4941;4
5408;4941;8
5414;4943;4
5413;4943;8
5416;4944;4
5415;4944;8
5418;4945;4
5417;4945;8
5431;4955;4
5432;4956;4
5433;4957;1
5434;4957;4
5435;4958;4
5436;4959;4
5437;4960;1
5439;4960;4
5438;4960;8
5441;4962;4
5444;4964;1
5445;4964;2
5446;4964;4
5452;4967;4
5451;4967;8
5454;4968;4
5453;4968;8
5455;4969;4
5456;4970;4
5457;4971;2
5458;4971;4
5459;4972;2
5460;4972;4
5462;4974;2
5463;4974;4
5470;4980;4
5472;4981;4
5471;4981;8
5475;4982;1
5474;4982;2
5473;4982;5
5482;4986;4
5481;4986;8
5485;4988;4
5484;4988;8
5486;4989;4
5496;4999;4
5495;4999;8
5497;5000;2
5498;5000;4
5507;5005;4
5506;5005;8
5509;5007;4
5514;5009;4
5513;5009;8
5519;5012;2
5520;5012;4
5518;5012;8
5521;5013;4
5524;5015;4
5530;5018;1
5531;5018;2
5532;5018;4
5533;5019;4
5538;5022;1
5537;5022;4
5536;5022;8
5540;5023;4
5539;5023;8
5541;5024;2
5542;5024;4
5543;5025;4
5546;5027;4
5548;5029;1
5549;5029;4
5551;5030;4
5550;5030;8
5552;5031;4
5553;5032;4
5558;5035;4
5557;5035;8
5559;5036;4
5562;5038;4
5564;5040;1
5567;5040;4
5566;5040;6
5565;5040;8
5568;5041;4
5569;5042;4
5571;5046;1
5572;5046;4
5576;5048;4
5582;5052;1
5581;5052;6
5583;5054;4
5586;5057;4
5596;5061;1
5595;5061;6
5594;5061;9
5600;5062;1
5598;5062;4
5599;5062;6
5597;5062;8
5602;5064;4
5604;5067;4
5607;5069;1
5608;5069;4
5609;5071;4
5610;5072;1
5612;5072;4
5611;5072;8
5613;5074;2
5614;5074;4
5616;5076;1
5617;5076;4
5618;5077;1
5619;5077;2
5620;5077;4
5621;5078;4
5636;5086;1
5635;5086;6
5637;5089;4
5638;5091;4
5640;5096;4
5641;5097;4
5653;5105;4
5659;5109;1
5658;5109;4
5660;5111;4
5664;5114;1
5669;5118;1
5671;5118;4
5670;5118;6
5677;5178;4
5678;5179;1
5692;5198;4
5699;5204;4
5702;5206;4
5703;5207;4
5705;5209;4
5711;5212;2
5712;5212;4
5710;5212;10
5715;5216;4
5714;5216;6
5713;5216;10
5717;5223;1
5719;5223;4
5718;5223;6
5716;5223;10
5721;5224;1
5720;5224;4
5726;5228;1
5727;5228;4
5725;5228;10
5729;5232;4
5733;5239;1
5735;5239;4
5734;5239;6
5737;5241;1
5736;5241;4
5738;5244;4
5742;5260;1
5744;5260;4
5743;5260;8
99;5327;4
98;5327;8
5751;5345;1
5752;5345;4
100;5356;1
101;5356;2
102;5356;4
5756;5357;2
5757;5357;4
5758;5358;4
5760;5359;2
5761;5359;4
5759;5359;16
5762;5360;1
5764;5360;4
5763;5360;6
5765;5361;4
5766;5362;1
5767;5362;4
5768;5363;4
5769;5364;4
5770;5365;1
5771;5365;4
5772;5366;4
5773;5367;4
5774;5369;4
5777;5371;1
5776;5371;2
5778;5372;2
5779;5372;4
5781;5373;2
5780;5373;3
5782;5374;4
5784;5377;4
5783;5377;8
5785;5378;4
5786;5379;4
5788;5380;1
5789;5380;4
5787;5380;16
5790;5381;4
5791;5382;4
5792;5383;1
5794;5383;4
5793;5383;8
5795;5384;1
5796;5384;2
5797;5384;4
5798;5385;1
5799;5385;4
5800;5386;2
5801;5386;16
5802;5387;4
5803;5388;2
5804;5388;4
5805;5391;4
5806;5392;2
5807;5392;4
5808;5393;2
5809;5393;4
5810;5395;1
5811;5395;4
5812;5396;1
5813;5396;4
5814;5397;4
5815;5398;1
5816;5398;4
5817;5399;4
5818;5400;2
5819;5400;4
5820;5401;4
5821;5402;1
5822;5402;4
5823;5403;4
5824;5404;2
5825;5404;4
5826;5405;2
5827;5405;4
5828;5406;4
5829;5407;4
5830;5408;4
5831;5409;1
5832;5409;4
5833;5410;2
5834;5410;4
5835;5411;4
5836;5412;4
5837;5413;2
5838;5413;4
5839;5414;4
5842;5416;1
5840;5416;4
5841;5416;6
5845;5418;1
5843;5418;4
5844;5418;6
5846;5419;4
5847;5422;4
5848;5444;1
5850;5444;4
5849;5444;8
5851;5451;1
5853;5451;4
5852;5451;8
5855;5454;4
5854;5454;8
5859;5461;1
5857;5461;4
5858;5461;6
5856;5461;8
5879;5678;4
5880;5679;1
5882;5679;2
5883;5679;4
5881;5679;8
5884;5682;1
5886;5682;2
5887;5682;4
5885;5682;9
5890;5688;2
5891;5688;4
5895;5689;1
5892;5689;6
5894;5689;7
5893;5689;9
5903;5702;1
5902;5702;6
5901;5702;9
5900;5702;20
1093;5712;1
1094;5712;2
5917;5714;4
5916;5714;9
5915;5714;20
5926;5720;1
5925;5720;6
5930;5728;2
5931;5728;4
5950;5739;1
5949;5739;6
5948;5739;9
5956;5754;4
5959;5757;4
5958;5757;9
5967;5761;1
5966;5761;6
5970;5762;1
5969;5762;6
5968;5762;9
5992;5772;1
5989;5772;2
5991;5772;6
5990;5772;9
5988;5772;10
5997;5778;1
5996;5778;4
6002;5782;1
6001;5782;9
6000;5782;10
110;5809;2
111;5809;4
6005;5812;4
6006;5813;1
6007;5813;2
6008;5813;4
6009;5814;1
6011;5814;2
6012;5814;4
6010;5814;9
6013;5816;4
6015;5817;4
6014;5817;8
6016;5818;4
6017;5820;1
6018;5820;2
6019;5820;4
6020;5821;4
6021;5822;1
6022;5822;2
6023;5822;4
6024;5823;4
6025;5824;4
6026;5825;2
6027;5825;4
6029;5826;2
6030;5826;4
6028;5826;8
6031;5827;4
6032;5828;1
6033;5828;2
6034;5828;4
6035;5829;1
6036;5829;4
6037;5830;1
6038;5830;2
6039;5830;4
6040;5831;4
6041;5832;4
6042;5833;4
6044;5834;2
6045;5834;4
6043;5834;8
6046;5835;4
6047;5836;4
6048;5837;4
6049;5838;4
6050;5839;4
6051;5842;4
6052;5843;4
6053;5844;4
6054;5845;2
6055;5845;4
6056;5846;1
6058;5846;2
6059;5846;4
6057;5846;8
6060;5847;4
6061;5848;2
6062;5848;4
6063;5849;1
6065;5849;4
6064;5849;8
6066;5850;4
6067;5851;2
6068;5851;4
6069;5852;1
6070;5852;2
6071;5852;4
6072;5853;2
6073;5853;4
6074;5855;2
6075;5855;4
6076;5856;2
6077;5856;4
6078;5857;2
6079;5857;4
6080;5858;4
6081;5859;2
6082;5859;4
6084;5860;4
6083;5860;68
6085;5861;2
6086;5861;4
6087;5862;4
6088;5863;4
6089;5864;4
6090;5865;1
6091;5865;2
6092;5865;4
6093;5866;4
6094;5868;4
6095;5869;1
6097;5869;2
6098;5869;4
6096;5869;6
796;5870;1
797;5870;2
798;5870;6
6103;5871;2
6104;5871;4
6102;5871;8
6105;5872;4
6106;5874;2
6107;5874;4
6109;5875;2
6110;5875;4
6108;5875;8
6111;5876;4
6113;5878;2
6114;5878;4
6117;5879;1
6116;5879;2
6115;5879;6
6118;5880;2
6119;5880;4
6122;5881;4
6121;5881;9
6120;5881;10
6127;5884;4
6128;5887;2
6129;5887;4
6130;5888;4
6131;5889;2
6132;5889;4
112;5894;1
114;5894;4
113;5894;10
6136;5896;4
6137;5897;4
6138;5898;1
6139;5898;2
6140;5898;4
6141;5899;2
6142;5899;4
6143;5900;2
6144;5900;4
6145;5901;4
6146;5903;4
115;5904;1
116;5904;2
117;5904;4
6150;5905;4
6153;5906;1
6152;5906;2
6151;5906;4
6154;5907;1
6155;5907;4
6156;5908;2
6157;5908;4
6160;5911;4
6161;5912;1
6162;5912;2
6163;5912;4
6164;5913;1
6165;5913;2
6166;5913;4
6167;5914;4
6172;5916;1
6168;5916;2
6169;5916;4
6171;5916;6
6170;5916;9
6175;5917;1
6174;5917;6
6173;5917;7
6176;5918;1
6177;5918;4
6180;5919;1
6179;5919;2
6178;5919;4
6181;5920;1
6182;5920;4
6183;5922;4
6186;5923;1
6185;5923;2
6184;5923;6
6188;5925;1
6187;5925;6
6191;5927;1
6190;5927;2
6189;5927;6
6192;5930;1
6194;5930;2
6195;5930;4
6193;5930;6
6196;5931;1
6197;5931;4
6198;5932;1
6199;5932;4
6201;5933;1
6200;5933;2
6203;5933;5
6202;5933;6
6204;5933;7
6205;5934;4
1360;5935;1
6207;5936;4
6208;5937;1
6209;5937;4
6212;5938;1
6211;5938;6
6210;5938;9
6213;5939;4
6216;5940;1
6214;5940;4
6215;5940;6
6217;5941;4
6218;5942;4
6219;5943;4
6220;5944;4
6221;5945;4
6223;5949;1
6222;5949;6
6226;5950;1
6225;5950;2
6224;5950;6
6228;5951;1
6229;5951;4
6227;5951;10
6231;5952;1
6230;5952;6
6234;5955;1
6233;5955;2
6232;5955;6
6237;5957;1
6236;5957;2
6235;5957;6
6238;5958;2
6239;5958;4
6240;5959;4
6242;5960;2
6243;5960;4
6241;5960;10
6244;5961;1
6246;5961;2
6247;5961;4
6245;5961;6
6250;5968;1
6253;5969;1
6252;5969;2
6251;5969;6
6255;5970;4
6254;5970;10
6259;5972;1
6260;5973;4
6261;5975;4
6263;5976;4
6262;5976;10
6264;5979;4
6268;5984;2
6267;5984;25
6269;5996;4
6270;5997;1
6271;5997;2
6272;5997;4
6273;5999;4
6274;6000;4
6275;6001;4
6277;6002;2
6276;6002;3
6278;6002;4
6279;6003;4
6281;6004;4
6280;6004;9
6284;6007;1
6283;6007;2
6282;6007;6
6285;6008;2
6286;6008;4
6287;6011;2
6288;6011;4
6289;6012;4
6290;6013;2
6291;6013;4
6292;6015;4
6294;6016;4
6293;6016;9
6296;6017;2
6297;6017;4
6295;6017;9
6298;6018;4
6299;6019;4
6303;6020;1
6300;6020;2
6301;6020;4
6302;6020;5
6304;6020;7
6305;6021;2
6306;6021;4
6307;6022;1
6308;6022;2
6309;6022;4
6310;6023;4
6311;6025;2
6312;6025;4
6313;6027;2
6314;6027;4
6315;6028;2
6316;6028;4
6317;6029;4
6318;6030;1
6319;6030;4
6320;6031;1
6321;6031;4
6322;6032;1
6323;6032;4
6325;6033;2
6326;6033;4
6324;6033;9
6329;6034;1
6328;6034;2
6327;6034;6
6330;6035;4
6331;6036;4
6335;6037;1
6332;6037;2
6333;6037;4
6334;6037;5
6336;6037;7
6337;6038;1
6338;6038;4
6342;6041;4
6343;6042;4
6347;6043;1
6346;6043;2
6345;6043;6
6344;6043;7
6348;6044;4
6349;6045;4
6355;6048;2
6358;6050;1
6361;6050;4
6360;6050;6
6359;6050;8
6362;6051;4
6366;6054;1
6365;6054;6
6368;6055;4
6367;6055;9
6371;6056;1
6370;6056;2
6369;6056;6
6372;6057;4
6373;6058;2
6374;6058;4
6378;6060;1
6377;6060;2
6376;6060;6
6381;6061;1
6380;6061;2
6379;6061;9
6383;6062;2
6384;6062;4
6382;6062;9
6385;6064;1
6386;6064;2
6387;6064;4
6392;6066;4
6393;6071;1
6395;6071;4
6394;6071;8
118;6079;1
119;6079;4
6398;6080;4
6399;6081;1
6400;6081;2
6401;6081;4
6402;6083;1
6404;6083;4
6403;6083;6
6405;6084;4
6406;6085;1
6407;6085;4
6408;6086;1
6409;6086;4
6410;6087;1
6411;6087;4
6412;6088;1
6413;6088;4
6418;6090;4
6419;6091;4
6420;6092;1
6421;6092;4
200;6093;1
201;6093;2
202;6093;4
6425;6094;4
6426;6095;4
6427;6096;4
6428;6097;1
6429;6097;4
6430;6098;1
6431;6098;4
6432;6100;1
6433;6100;2
6434;6100;4
6435;6101;4
6436;6102;1
6437;6102;4
6439;6103;1
6440;6103;4
6438;6103;42
6441;6105;1
6442;6105;4
6443;6106;4
6444;6107;4
6445;6108;1
6448;6108;4
6447;6108;6
6446;6108;8
6449;6111;1
6450;6111;2
6451;6111;4
6452;6112;1
6453;6112;4
6454;6113;1
6455;6113;4
6456;6114;1
6457;6114;4
6458;6115;1
6459;6115;4
6460;6116;1
6462;6116;4
6461;6116;6
6466;6118;1
6464;6118;4
6465;6118;6
6463;6118;10
6469;6119;1
6467;6119;4
6468;6119;6
6470;6120;1
6471;6120;4
6472;6121;4
6473;6122;1
6474;6122;4
6475;6123;4
6476;6124;4
6477;6126;1
6478;6126;4
6482;6128;4
6483;6129;4
6484;6130;2
6485;6130;4
6486;6132;1
6487;6132;4
6496;6136;4
6498;6138;1
6497;6138;6
6499;6139;4
6500;6140;4
6502;6141;4
6501;6141;6
6506;6142;1
6505;6142;2
6503;6142;4
6504;6142;6
6507;6143;4
6508;6144;4
6509;6145;1
6510;6145;4
6511;6146;4
6512;6147;4
6513;6149;4
6514;6152;4
6515;6153;4
6516;6154;1
6518;6154;4
6517;6154;6
6519;6155;4
6522;6156;1
6521;6156;2
6520;6156;10
6523;6158;4
6527;6162;1
6529;6162;4
6528;6162;6
6526;6162;10
6533;6166;1
6534;6166;4
6532;6166;10
6535;6167;1
6536;6167;2
6537;6167;4
6540;6168;1
6539;6168;9
6538;6168;10
6546;6171;1
6545;6171;6
6544;6171;10
120;6183;2
121;6183;4
6551;6184;1
6549;6184;4
6550;6184;6
6556;6186;1
6552;6186;2
6554;6186;4
6555;6186;6
6553;6186;16
6557;6187;4
6558;6188;1
6559;6188;4
6560;6189;1
6561;6189;2
6562;6189;4
6563;6192;4
6564;6193;4
6565;6194;1
6566;6194;4
6569;6197;4
6570;6198;4
6571;6200;1
6573;6200;4
6572;6200;6
6574;6201;4
6575;6202;4
6576;6205;1
6577;6205;2
6578;6205;4
6579;6207;1
6580;6207;4
6581;6208;2
6582;6208;4
6584;6209;1
6583;6209;6
6585;6210;4
6589;6213;2
6590;6213;4
6588;6213;16
6592;6215;1
6596;6219;1
6595;6219;2
6593;6219;6
6594;6219;71
6598;6220;2
6599;6220;4
6597;6220;8
6601;6221;4
6600;6221;6
6602;6222;2
6603;6222;4
6605;6225;2
6606;6225;4
6604;6225;8
6607;6226;4
6608;6227;1
6609;6227;4
6610;6229;4
122;6237;1
123;6237;2
124;6237;4
6615;6238;1
6614;6238;2
6616;6239;4
6618;6240;1
6617;6240;2
6621;6241;1
6619;6241;4
6620;6241;6
6624;6243;1
6622;6243;4
6623;6243;6
6626;6244;1
6625;6244;6
6627;6245;2
6628;6245;4
6629;6246;2
6630;6246;4
6631;6247;4
6633;6248;1
6632;6248;6
6634;6249;4
6637;6250;1
6636;6250;2
6635;6250;6
6638;6251;4
6641;6252;1
6640;6252;2
6639;6252;6
6642;6258;4
6643;6259;4
6644;6260;2
6645;6260;4
6647;6261;1
6646;6261;6
6649;6263;1
6648;6263;6
6651;6264;4
6650;6264;72
6653;6266;1
6652;6266;6
6658;6268;1
6657;6268;2
6655;6268;4
6656;6268;6
6663;6274;1
6664;6274;2
6665;6274;16
6667;6275;1
6666;6275;6
6671;6277;4
6672;6279;1
6673;6279;2
6674;6279;4
6675;6280;2
6676;6280;4
6679;6281;1
6677;6281;4
6678;6281;6
6681;6282;1
6680;6282;6
6682;6283;2
6683;6283;4
6684;6284;1
6685;6284;2
6686;6284;4
6688;6287;1
6687;6287;2
6690;6289;2
6689;6289;8
6691;6289;16
6694;6293;1
6693;6293;2
6692;6293;6
6695;6294;1
6696;6294;4
6697;6295;4
6698;6296;1
6699;6296;2
6700;6296;4
6701;6297;1
6702;6297;2
6703;6297;4
6706;6298;1
6705;6298;2
6704;6298;6
6712;6300;1
6711;6300;6
6710;6300;8
6713;6301;1
6714;6301;2
6715;6301;4
6719;6303;1
6718;6303;2
6716;6303;4
6717;6303;6
6722;6304;1
6720;6304;4
6721;6304;6
6723;6305;2
6724;6305;4
6730;6307;4
6731;6308;2
6732;6308;4
6734;6310;1
6733;6310;6
6737;6312;4
6738;6313;2
6739;6313;4
6740;6317;2
6741;6317;4
6742;6318;4
6743;6319;1
6744;6319;2
6745;6319;4
6747;6320;1
6746;6320;6
6748;6321;4
6752;6327;2
6753;6327;4
6754;6329;4
6757;6334;2
6758;6334;4
6761;6336;1
6762;6336;2
6763;6336;4
6766;6338;4
6767;6339;2
6768;6340;2
6769;6341;2
6770;6341;4
6771;6343;1
6774;6344;1
6773;6344;2
6772;6344;4
6775;6347;1
6776;6347;2
6777;6347;4
6782;6349;1
6783;6349;2
6784;6349;4
6787;6350;1
6786;6350;2
6785;6350;4
6788;6352;1
6789;6352;2
6790;6352;4
6791;6355;1
6792;6362;4
6795;6366;1
6796;6366;4
6797;6369;4
6798;6370;4
6801;6372;1
6800;6372;2
6799;6372;10
6802;6373;4
6803;6374;1
6804;6374;4
6806;6377;1
6807;6377;4
6805;6377;10
6808;6379;4
6809;6380;4
6810;6383;4
6812;6399;4
6811;6399;6
127;6411;1
129;6411;2
130;6411;4
128;6411;8
6817;6414;1
6820;6415;2
6821;6415;4
6818;6415;40
6819;6415;67
6822;6416;2
6823;6416;4
6828;6418;1
6830;6418;4
6829;6418;7
6832;6420;1
6831;6420;2
6834;6422;1
6833;6422;2
6835;6423;2
6836;6423;4
6840;6426;1
6837;6426;2
6839;6426;4
6841;6426;8
6838;6426;16
6843;6431;1
6842;6431;2
6844;6434;2
6846;6436;2
6845;6436;8
6847;6436;16
6848;6437;1
6849;6437;2
6850;6437;4
6852;6438;1
6851;6438;2
6854;6439;1
6853;6439;2
6856;6440;1
6855;6440;2
6858;6441;1
6857;6441;2
6859;6443;4
6860;6444;2
6861;6445;2
6862;6447;4
6863;6448;1
6864;6448;4
6873;6456;1
6872;6456;9
6871;6456;15
6874;6457;4
6875;6459;4
6876;6460;4
6877;6461;4
330;6467;2
331;6467;4
6883;6468;4
6884;6473;2
6885;6474;1
6886;6474;4
6890;6475;1
6889;6475;2
6887;6475;4
6888;6475;6
6891;6476;2
6894;6480;1
6893;6480;9
6899;6482;1
6898;6482;3
6897;6482;55
6900;6483;2
6901;6483;4
6902;6489;1
6903;6489;2
6904;6489;4
6909;6492;1
6908;6492;2
6911;6493;2
6912;6493;4
6910;6493;8
6913;6501;2
6914;6501;4
6917;6507;1
6918;6507;2
6919;6507;4
6920;6512;2
6921;6512;4
6924;6515;1
6923;6515;2
6922;6515;6
6931;6517;1
6930;6517;2
6929;6517;6
6933;6518;1
6932;6518;2
6935;6519;1
6934;6519;6
6937;6520;1
6936;6520;6
6943;6524;1
6942;6524;2
6941;6524;6
6944;6525;1
6945;6525;4
6946;6530;4
6948;6531;1
6947;6531;2
6949;6535;1
6950;6535;4
6951;6538;1
134;6571;2
135;6571;4
133;6571;9
6959;6573;1
6955;6573;2
6956;6573;4
6958;6573;9
6957;6573;13
6980;6593;4
6983;6599;4
6985;6601;2
6986;6601;4
6984;6601;9
6990;6606;2
6991;6606;4
6997;6614;1
6999;6614;2
7000;6614;4
6998;6614;9
7008;6618;1
7007;6618;6
7006;6618;16
7010;6620;4
7021;6633;2
7022;6633;4
7033;6640;2
7034;6640;4
7032;6640;6
7039;6643;4
7037;6643;8
7038;6643;9
7054;6659;2
508;6663;1
7065;6673;2
7066;6673;4
7064;6673;9
7079;6685;1
7078;6685;4
7077;6685;9
137;6723;2
138;6723;4
136;6723;9
7087;6724;1
7089;6724;2
7090;6724;4
7088;6724;8
7092;6725;2
7093;6725;4
7091;6725;9
7094;6726;2
7095;6726;4
7101;6728;1
7103;6728;4
7102;6728;8
7100;6728;13
190;6731;2
191;6731;4
7109;6732;2
7110;6732;4
7115;6734;1
7114;6734;2
7119;6736;4
7118;6736;9
7121;6738;4
7123;6739;4
7122;6739;9
7124;6740;4
7131;6742;1
7127;6742;2
7128;6742;4
7130;6742;9
7129;6742;13
7137;6745;4
7142;6746;1
7138;6746;2
7139;6746;4
7140;6746;5
7141;6746;6
315;6749;2
316;6749;4
7151;6751;1
7152;6751;4
7154;6752;4
7153;6752;9
7157;6754;2
7158;6754;4
7159;6755;4
7160;6756;4
7161;6757;1
7163;6757;4
7162;6757;9
7164;6758;4
7171;6763;1
7173;6763;2
7174;6763;4
7172;6763;9
7180;6767;1
7182;6767;4
7181;6767;8
7185;6769;2
7186;6770;1
7187;6770;4
7189;6773;2
7190;6773;4
7188;6773;9
1105;6781;1
1106;6781;2
7203;6783;4
7209;6789;1
7210;6789;2
7211;6789;4
7215;6793;1
7216;6793;4
7214;6793;10
7217;6794;1
7219;6794;4
7218;6794;9
502;6795;1
504;6795;2
505;6795;4
503;6795;9
7227;6799;4
7232;6801;1
7229;6801;4
7231;6801;6
7230;6801;9
7228;6801;10
7238;6806;4
139;6818;4
7245;6820;1
7246;6820;4
7247;6824;1
7248;6824;2
7249;6824;4
7251;6831;4
7253;6838;4
7252;6838;5
7254;6839;4
7260;6861;4
7259;6861;9
7270;6866;4
7269;6866;9
7271;6867;4
7276;6874;4
7274;6874;8
7275;6874;9
7291;6883;2
7292;6883;4
7290;6883;9
7289;6883;13
7301;6892;4
7322;6908;4
7321;6908;9
7323;6909;1
7325;6909;4
7324;6909;9
7341;6922;4
7355;6931;4
7354;6931;9
7376;6945;4
7375;6945;9
7399;6963;4
7398;6963;9
7407;6972;4
7406;6972;9
7445;6997;1
7444;6997;2
7443;6997;9
7458;7007;4
7457;7007;9
7468;7013;1
7470;7013;4
7469;7013;9
7467;7013;10
142;7038;1
143;7038;2
144;7038;4
145;7040;1
146;7040;2
147;7040;4
7483;7041;4
7486;7043;1
7487;7043;2
7488;7043;4
7500;7047;1
7497;7047;2
7499;7047;6
7501;7047;7
7498;7047;23
7504;7049;1
7505;7049;2
7506;7049;4
7507;7050;2
7508;7050;4
7511;7051;1
7509;7051;5
7510;7051;9
7512;7052;1
7513;7052;4
7515;7053;4
7514;7053;6
7516;7054;1
7517;7054;4
7520;7056;1
7521;7056;4
7522;7057;1
7523;7057;4
7525;7058;1
7524;7058;4
7527;7059;1
7526;7059;2
7529;7060;2
7530;7060;4
7528;7060;5
7536;7063;2
7537;7063;4
7538;7064;1
7539;7064;2
7540;7064;4
7544;7067;1
7545;7067;4
7547;7068;1
7546;7068;2
7548;7069;2
7549;7069;4
7551;7071;1
7554;7072;1
7553;7072;4
7552;7072;12
7555;7073;4
7556;7074;4
7558;7075;1
7557;7075;6
7562;7077;1
7561;7077;4
7563;7078;1
7564;7079;4
7565;7080;1
7567;7081;1
7566;7081;9
7573;7085;1
7572;7085;6
7578;7087;2
7579;7087;4
7580;7088;1
7581;7088;4
7582;7089;1
7587;7091;4
7586;7091;12
7590;7093;1
7591;7093;4
7595;7095;1
7597;7095;2
7598;7095;4
7596;7095;5
7602;7096;1
7601;7096;9
7600;7096;18
7599;7096;19
7605;7098;1
7611;7100;1
7610;7100;9
7621;7103;1
7620;7103;2
7623;7104;1
7622;7104;15
7627;7106;4
7626;7106;12
7638;7109;1
7637;7109;2
7636;7109;6
352;7111;2
7643;7112;1
7642;7112;6
7644;7113;1
7645;7113;4
7647;7114;1
7646;7114;9
7659;7120;1
7658;7120;6
7660;7121;1
7661;7121;2
7662;7121;4
7664;7122;4
7663;7122;12
7665;7123;4
7667;7126;1
7666;7126;21
7668;7127;4
7669;7128;1
7670;7128;2
7671;7128;4
7673;7129;1
7672;7129;6
7676;7130;4
7675;7130;18
7674;7130;19
7679;7131;1
7678;7131;6
7677;7131;9
7680;7132;4
7684;7134;1
7683;7134;6
7690;7137;1
7689;7137;6
7695;7141;1
7694;7141;6
7699;7144;1
7698;7144;2
7697;7144;6
7696;7144;15
7700;7145;4
7701;7146;4
7704;7148;4
7705;7149;4
7707;7151;1
7706;7151;6
7710;7152;1
7709;7152;6
7708;7152;9
7712;7153;1
7711;7153;6
7715;7154;1
7714;7154;6
7713;7154;9
7717;7155;1
7716;7155;4
7722;7158;1
7723;7159;1
7727;7160;1
7726;7160;2
7725;7160;11
7724;7160;12
7732;7162;1
7731;7162;6
7735;7163;1
7734;7163;2
7733;7163;6
7744;7167;1
7743;7167;2
7742;7167;6
7762;7174;1
7761;7174;2
7760;7174;9
7759;7174;10
7765;7175;1
7763;7175;10
7764;7175;36
7774;7180;1
7773;7180;6
7778;7182;4
7783;7183;1
7780;7183;2
7782;7183;6
7781;7183;9
7779;7183;10
7787;7184;1
7786;7184;2
7785;7184;6
7784;7184;10
7788;7185;4
7790;7186;1
7789;7186;9
7792;7188;1
148;7207;1
149;7207;2
7800;7210;1
7799;7210;2
7798;7210;11
7797;7210;28
7801;7211;1
7802;7211;2
7803;7211;4
7806;7214;2
7807;7214;4
7808;7215;1
7810;7215;4
7809;7215;9
7811;7216;4
7815;7219;4
159;7220;1
160;7220;2
161;7220;4
7821;7222;4
7822;7223;2
7823;7223;4
7827;7226;4
7835;7229;4
7834;7229;15
7836;7230;1
7837;7230;2
7838;7230;4
7839;7231;2
7840;7231;4
7841;7232;2
7842;7232;4
7845;7233;1
7844;7233;2
7843;7233;4
7849;7235;2
7850;7235;4
7847;7235;5
7848;7235;11
7851;7236;1
152;7238;2
153;7238;4
7860;7240;1
7859;7240;2
7858;7240;4
7857;7240;74
7862;7243;1
7863;7243;2
7864;7243;4
7866;7244;4
7865;7244;5
7868;7246;4
7869;7247;4
7870;7248;2
7871;7248;4
7872;7249;2
7873;7249;4
7875;7250;1
7876;7250;4
7874;7250;10
7881;7252;1
7880;7252;2
7879;7252;9
7882;7253;1
7883;7253;2
7884;7253;4
7887;7255;4
7891;7257;1
7889;7257;4
7890;7257;11
7888;7257;12
7897;7260;1
7898;7260;2
7899;7260;4
7902;7261;1
7901;7261;2
7900;7261;4
7903;7262;4
7904;7263;1
7905;7263;4
7908;7264;1
7907;7264;2
7906;7264;9
7909;7265;1
7912;7268;4
7918;7272;2
7919;7272;4
7923;7274;1
7924;7274;4
7925;7275;4
7926;7276;2
7927;7276;4
7928;7277;2
7929;7277;4
7932;7279;2
7933;7279;4
7935;7280;1
7934;7280;2
7936;7281;1
7937;7281;4
7938;7282;2
7939;7282;4
7940;7283;1
7941;7283;2
7942;7283;4
7943;7284;1
7946;7286;1
7945;7286;2
7948;7288;1
7947;7288;2
7953;7291;1
7952;7291;4
7951;7291;15
7954;7292;1
7955;7292;4
7956;7293;2
7957;7293;4
7961;7294;1
7960;7294;2
7959;7294;11
7958;7294;68
7962;7295;2
7963;7295;4
7965;7296;1
7964;7296;2
7971;7299;4
7972;7300;1
7973;7300;4
7974;7301;2
7975;7301;4
7976;7302;2
7977;7302;4
7978;7303;4
7979;7304;2
7980;7304;4
7983;7305;1
7982;7305;2
7981;7305;75
7985;7309;1
7986;7309;4
7984;7309;15
7988;7310;1
7989;7310;4
7987;7310;15
7991;7311;1
7990;7311;4
7995;7313;1
7996;7313;4
7997;7314;4
323;7315;4
7999;7317;4
8000;7318;2
8001;7318;4
8003;7321;1
8004;7321;2
8005;7321;4
8006;7323;4
8007;7324;4
8009;7325;4
8008;7325;15
8010;7326;4
8011;7327;4
8014;7329;4
8016;7330;1
8015;7330;11
8018;7333;1
8019;7334;1
8020;7334;4
8022;7336;1
8023;7336;2
8024;7336;4
8025;7337;2
8030;7341;1
8029;7341;2
8031;7342;1
8033;7342;4
8032;7342;6
8036;7343;1
8035;7343;6
8034;7343;9
8037;7344;1
8039;7344;4
8038;7344;6
720;7345;1
721;7345;6
8043;7346;1
8042;7346;6
8044;7347;1
8045;7347;2
8046;7347;4
8052;7349;1
8050;7349;4
8051;7349;6
8049;7349;15
8056;7350;1
8055;7350;6
8054;7350;18
8053;7350;19
8057;7351;4
8060;7352;1
8059;7352;6
8058;7352;9
8064;7353;1
8062;7353;4
8063;7353;6
8061;7353;15
8065;7354;1
8066;7354;4
8069;7355;1
8068;7355;6
8067;7355;9
8071;7356;1
8070;7356;6
8073;7357;1
8072;7357;6
8074;7358;4
8078;7360;1
8077;7360;2
8076;7360;6
8075;7360;68
8082;7362;1
8081;7362;10
8083;7363;1
8084;7363;4
8087;7364;4
8086;7364;18
8085;7364;19
8089;7366;1
8088;7366;6
8092;7367;1
8091;7367;6
8090;7367;15
8094;7368;1
8096;7368;4
8095;7368;6
8093;7368;15
8097;7369;1
8098;7369;4
8099;7370;4
8100;7371;1
8101;7371;2
8102;7371;4
8105;7374;4
8110;7376;1
8109;7376;6
8108;7376;9
8107;7376;15
8116;7381;1
8115;7381;6
8118;7383;1
8117;7383;6
8124;7386;1
8123;7386;6
8122;7386;15
8127;7387;1
8126;7387;6
8125;7387;15
8129;7389;1
8128;7389;6
8140;7396;1
8139;7396;6
8138;7396;9
8143;7397;1
8141;7397;6
8142;7397;11
8144;7398;4
8145;7399;4
8148;7400;1
8146;7400;9
8147;7400;11
8149;7401;1
8159;7408;1
8161;7408;4
8160;7408;8
8158;7408;15
8162;7410;1
8163;7410;4
8167;7411;1
8166;7411;2
8165;7411;4
8164;7411;9
8174;7415;1
8178;7416;1
8177;7416;2
8176;7416;4
8175;7416;9
8183;7418;1
8182;7418;6
8190;7421;1
8188;7421;3
8189;7421;5
8193;7422;1
8192;7422;2
8191;7422;6
8194;7423;2
150;7468;2
151;7468;4
8197;7469;4
8198;7470;4
8199;7471;4
8200;7472;2
8201;7472;4
8202;7473;2
8203;7473;4
8204;7474;4
8206;7475;2
8207;7475;4
8205;7475;8
8208;7476;1
8209;7476;4
8212;7477;1
8211;7477;2
8210;7477;4
8215;7478;1
8214;7478;2
8213;7478;4
8218;7479;1
8216;7479;4
8217;7479;6
8219;7480;4
8222;7481;1
8221;7481;2
8220;7481;4
8223;7482;1
8224;7483;1
8225;7483;2
8226;7483;4
8227;7484;2
8228;7484;4
8229;7485;4
8230;7486;1
8231;7486;2
8232;7486;4
8233;7487;1
8235;7488;1
8236;7488;2
8237;7488;4
8234;7488;76
8238;7489;2
8239;7489;4
8241;7490;1
8240;7490;4
8242;7491;2
8243;7491;4
8244;7492;1
8245;7493;4
8246;7494;1
8249;7495;1
8248;7495;2
8247;7495;4
8251;7496;1
8250;7496;4
8253;7497;1
8252;7497;2
8259;7500;1
8260;7500;2
8261;7500;4
8262;7501;1
8263;7501;4
8264;7502;1
8265;7502;2
8266;7502;4
8267;7503;4
8268;7504;4
8269;7505;1
8270;7505;2
8271;7505;4
8273;7506;1
8272;7506;2
8274;7507;1
8275;7507;2
8276;7507;4
8277;7508;4
8278;7509;1
8279;7509;4
8280;7510;1
8281;7510;2
8282;7510;4
8283;7511;4
8284;7512;4
8287;7514;4
8288;7515;2
8289;7515;4
8290;7516;4
8293;7518;4
8295;7520;1
8296;7520;4
8299;7521;2
8300;7521;4
8298;7521;7
8297;7521;16
8307;7525;4
8309;7527;1
8310;7527;4
8311;7528;4
8312;7529;4
8313;7530;4
8316;7531;2
8317;7531;4
8315;7531;18
8314;7531;19
8318;7532;4
8319;7533;4
8321;7534;4
8320;7534;9
8322;7535;1
8323;7535;4
8324;7536;1
8325;7536;2
8326;7536;4
8327;7537;2
8328;7537;4
8329;7538;4
8333;7540;4
8332;7540;18
8331;7540;19
8334;7541;4
8335;7542;1
8336;7542;4
8337;7543;4
8338;7544;2
8339;7544;4
8340;7545;4
8341;7546;2
8342;7546;4
339;7547;1
342;7547;2
343;7547;4
341;7547;8
340;7547;9
8348;7548;1
8349;7548;4
8352;7549;1
8351;7549;2
8350;7549;4
8353;7550;4
8354;7551;4
8355;7552;4
8358;7554;1
8357;7554;4
8361;7555;1
8360;7555;2
8359;7555;4
8362;7556;2
8363;7556;4
8366;7557;1
8365;7557;2
8364;7557;4
8367;7558;4
8368;7559;2
8369;7559;4
8370;7560;2
8371;7560;4
8372;7561;4
8373;7562;1
8374;7562;2
8375;7562;4
8376;7563;1
8377;7563;2
8378;7563;4
8379;7564;4
8380;7565;1
8381;7566;1
8382;7566;2
8383;7566;4
8384;7567;4
8386;7569;1
8387;7569;4
8388;7570;4
8389;7571;4
8390;7572;1
8391;7572;2
8392;7572;4
8393;7573;4
8394;7574;2
8395;7574;4
8396;7575;4
8397;7576;4
8400;7577;1
8399;7577;2
8398;7577;4
8401;7578;2
8402;7578;4
8403;7579;1
8404;7579;4
8405;7580;4
8406;7581;1
8407;7582;2
8408;7582;4
8409;7583;1
8410;7583;4
8411;7584;2
8412;7584;4
8413;7585;1
8414;7585;4
8415;7586;2
8416;7586;4
8417;7587;2
8418;7587;4
8419;7588;2
8420;7588;4
8421;7589;1
8423;7589;2
8424;7589;4
8422;7589;9
8425;7590;1
8426;7590;2
8427;7590;4
8428;7591;1
8429;7591;4
8430;7592;4
8431;7611;4
8432;7612;4
8434;7613;4
8433;7613;5
8437;7615;2
8438;7615;4
8439;7616;2
8440;7616;4
8441;7617;4
8442;7618;2
8443;7618;4
8444;7619;4
8445;7620;4
8446;7621;4
8447;7622;2
8448;7622;4
8449;7623;2
8450;7623;4
8454;7624;1
8453;7624;2
8452;7624;4
8451;7624;12
8457;7626;4
8456;7626;5
8458;7627;1
8459;7627;2
8460;7627;4
8461;7628;2
8462;7628;4
8466;7630;1
8465;7630;2
8464;7630;21
8467;7631;2
8468;7631;4
8469;7632;2
8470;7632;4
8471;7634;4
8473;7636;2
8474;7636;4
8472;7636;68
8475;7637;2
8476;7637;4
8481;7639;2
8482;7639;4
8483;7640;2
8484;7640;4
8485;7641;4
8487;7642;2
8488;7642;5
8486;7642;7
8489;7643;2
8490;7643;4
8491;7644;1
8494;7645;4
8492;7645;5
8493;7645;7
8495;7646;4
8496;7647;4
8497;7648;1
8498;7648;2
8499;7648;4
8500;7649;1
8501;7649;2
8502;7649;4
8505;7652;1
8506;7652;4
743;7653;1
745;7653;2
746;7653;4
744;7653;9
8511;7654;1
8512;7654;2
8513;7654;4
8517;7657;1
8518;7657;2
8519;7657;4
8520;7658;2
8521;7658;4
8522;7659;2
8523;7659;4
8524;7660;2
8525;7660;4
8528;7662;1
8529;7662;2
8530;7662;4
8531;7663;1
8532;7663;2
8533;7663;4
8534;7664;4
8535;7665;4
8536;7666;2
8537;7666;4
8538;7667;1
8539;7667;2
8540;7667;4
8545;7669;2
8546;7669;4
8548;7671;1
8549;7671;2
8550;7671;4
8554;7673;4
8555;7674;4
8556;7675;1
8557;7675;4
8561;7678;1
8562;7678;4
8563;7679;2
8564;7679;4
8565;7680;4
8566;7681;2
8567;7681;4
8568;7682;1
8569;7683;1
8570;7683;2
8571;7683;4
8572;7684;2
8573;7684;4
8574;7685;2
8576;7686;1
8575;7686;2
8577;7687;4
8579;7688;1
8578;7688;4
8583;7690;1
8585;7690;4
8584;7690;6
8589;7692;1
8590;7692;4
8592;7693;4
8591;7693;9
8593;7694;1
8594;7694;4
8595;7695;1
8596;7695;4
8602;7698;1
8603;7698;4
8605;7699;1
8606;7699;2
8607;7699;4
8604;7699;15
8609;7700;1
8608;7700;2
8611;7701;1
8610;7701;4
8612;7702;1
8613;7702;4
8614;7703;1
8615;7703;4
8617;7704;2
8618;7704;4
8616;7704;67
8623;7705;1
8620;7705;2
8621;7705;4
8622;7705;9
8619;7705;21
8624;7706;4
8625;7707;4
8626;7708;1
8627;7708;4
8629;7709;1
8628;7709;10
8633;7710;1
8630;7710;2
8631;7710;4
8632;7710;9
8634;7710;14
8639;7712;1
8638;7712;4
8640;7713;2
8641;7713;4
8642;7714;1
8643;7714;2
8644;7714;4
8645;7715;4
8646;7716;1
8647;7716;2
8648;7716;72
8649;7717;4
348;7719;4
8657;7722;2
8658;7722;4
8666;7725;1
8665;7725;14
8675;7729;4
8676;7730;1
8677;7730;4
8678;7731;2
8679;7731;4
8680;7732;4
8681;7733;2
8682;7733;4
8684;7734;4
8683;7734;14
8689;7736;1
8688;7736;4
8687;7736;14
8690;7738;4
8691;7739;4
8693;7740;1
8692;7740;4
8694;7741;1
8695;7741;4
8696;7742;4
8697;7743;2
8698;7743;4
8699;7744;1
8700;7744;2
8701;7744;4
8702;7745;4
8703;7746;4
8711;7748;1
8710;7748;2
8708;7748;4
8709;7748;6
8712;7749;4
8713;7750;4
8714;7751;2
8715;7751;4
8716;7752;1
8717;7752;4
8718;7753;1
8719;7753;4
8722;7754;1
8721;7754;6
8720;7754;10
8725;7755;1
8723;7755;4
8724;7755;6
8731;7757;1
8730;7757;6
8729;7757;9
8728;7757;10
8739;7759;1
8738;7759;6
8737;7759;70
8740;7760;1
8741;7760;2
8742;7760;4
8745;7762;1
8743;7762;4
8744;7762;6
8746;7764;4
8747;7765;4
8748;7766;4
8749;7768;4
8754;7771;4
8756;7772;1
8757;7772;2
8758;7772;4
8755;7772;68
8761;7773;1
8760;7773;2
8759;7773;6
8764;7774;1
8762;7774;10
8763;7774;42
8767;7775;1
8766;7775;2
8765;7775;6
8770;7776;1
8769;7776;2
8768;7776;9
8771;7778;2
8772;7778;4
8773;7780;4
8774;7781;1
8775;7783;1
8776;7784;1
154;7820;1
155;7820;2
156;7820;4
8782;7821;1
8781;7821;2
8780;7821;4
8783;7822;1
8784;7822;2
8785;7822;4
8786;7823;4
8787;7824;2
8788;7824;4
8789;7825;4
8790;7826;4
8791;7827;1
8793;7827;2
8794;7827;4
8792;7827;5
8795;7828;1
8796;7828;2
8797;7828;4
8798;7829;1
8799;7829;2
8800;7829;4
8801;7830;1
8802;7830;4
8810;7833;4
8809;7833;5
8811;7834;1
8812;7834;2
8813;7834;4
8814;7835;4
8815;7837;1
8816;7837;4
8817;7838;4
8819;7839;1
8818;7839;6
8821;7841;1
8820;7841;2
8823;7843;1
8822;7843;2
8824;7844;2
8825;7844;4
8828;7846;2
8829;7847;1
8830;7847;2
8831;7847;4
8832;7848;4
8833;7849;1
8834;7849;4
8835;7850;1
8836;7850;4
8837;7851;4
8838;7852;1
8840;7852;2
8841;7852;4
8839;7852;9
8842;7853;1
8843;7853;2
8844;7853;4
8845;7855;4
8846;7856;2
8847;7857;4
8848;7858;4
421;7859;1
422;7859;2
423;7859;4
8852;7860;4
8856;7862;2
8857;7862;4
8858;7863;1
8859;7863;2
8860;7863;4
8861;7864;1
8863;7865;4
8862;7865;7
8864;7866;2
8865;7866;4
8867;7868;1
8868;7868;4
8869;7869;4
8870;7870;4
8871;7872;1
8872;7872;2
8873;7872;4
8875;7873;4
8874;7873;5
8876;7874;2
8877;7874;4
8878;7875;4
8879;7876;2
8880;7876;4
8881;7877;4
8882;7878;4
414;7879;4
8888;7881;1
8890;7881;2
8891;7881;4
8889;7881;7
8892;7882;1
8893;7882;2
8894;7882;4
8900;7884;1
8901;7884;4
8904;7885;2
8905;7885;4
8903;7885;6
8902;7885;21
8909;7886;1
8908;7886;2
8907;7886;6
8906;7886;10
8910;7887;1
8911;7887;2
8912;7887;4
8914;7890;4
8913;7890;6
8916;7895;1
8915;7895;2
8917;7896;4
8918;7897;4
8919;7924;4
157;7928;2
158;7928;4
8925;7929;4
8923;7929;57
8922;7929;77
8924;7929;78
8926;7930;1
8927;7930;2
8928;7930;4
8932;7933;2
8933;7933;4
8934;7934;4
8935;7938;4
8936;7939;1
8937;7939;2
8938;7939;4
8940;7940;4
8939;7940;36
8943;7941;1
8942;7941;2
8941;7941;4
8946;7942;1
8945;7942;2
8944;7942;4
8947;7943;2
8948;7943;4
8949;7944;2
8950;7944;4
8951;7945;2
8952;7945;4
8953;7946;1
8954;7946;2
8955;7946;4
8956;7947;2
8957;7949;1
8959;7949;2
8960;7949;4
8958;7949;67
8961;7950;4
8962;7952;1
8963;7952;4
8967;7954;1
8966;7954;2
8965;7954;5
8969;7955;1
8968;7955;2
8970;7956;2
8971;7956;4
8976;7957;1
8973;7957;2
8974;7957;4
8975;7957;9
8972;7957;21
8977;7958;4
8978;7959;4
8981;7961;4
8984;7962;1
8983;7962;2
8982;7962;5
8985;7964;4
8987;7965;1
8986;7965;2
8988;7966;1
8989;7966;4
8990;7967;2
8991;7967;4
8993;7968;1
8992;7968;6
8996;7969;1
8995;7969;2
8994;7969;6
8997;7971;1
8998;7971;4
8999;7972;2
9000;7973;4
9001;7974;2
9002;7975;4
9004;7980;1
9003;7980;2
9005;7984;1
9006;7984;2
9007;7984;4
9008;7985;1
9009;7985;4
9010;7986;2
9011;7986;4
9012;7987;1
9013;7987;2
9014;7987;4
9015;7988;2
9016;7988;4
9017;7989;4
9018;7990;1
9019;7990;2
9020;7990;4
9021;7991;1
9022;7991;2
9023;7991;4
9024;7992;1
9025;7992;2
9026;7992;4
9027;7993;2
9028;7993;4
9031;7994;1
9030;7994;2
9029;7994;16
9032;7995;2
9033;7995;4
9034;7996;4
9035;7997;4
9036;7998;2
9037;7998;4
9039;7999;4
9038;7999;19
9040;8000;4
9042;8001;2
9043;8001;4
9041;8001;8
9047;8003;4
9048;8004;4
9051;8006;1
9052;8006;4
9053;8007;1
9054;8008;1
9055;8008;2
9056;8008;4
9057;8009;4
9058;8010;1
9059;8010;2
9060;8010;4
9061;8012;4
9062;8013;4
9063;8014;1
9064;8014;4
9065;8015;4
9066;8016;4
9069;8018;4
9071;8019;1
9070;8019;4
9072;8020;4
9073;8021;2
9074;8021;4
9077;8022;1
9076;8022;2
9075;8022;9
9078;8023;1
9079;8023;2
9080;8023;4
9083;8025;1
9085;8025;4
9084;8025;8
9090;8027;4
9091;8028;4
9094;8029;1
9092;8029;4
9093;8029;6
9097;8031;1
9096;8031;2
9095;8031;6
9098;8033;4
162;8045;4
9100;8046;4
9101;8047;4
9104;8048;1
9103;8048;4
9102;8048;15
9108;8050;1
9109;8050;4
9111;8051;2
9112;8051;4
9110;8051;7
9113;8052;1
9114;8052;4
9115;8053;2
9116;8054;1
9117;8054;2
9118;8054;4
9119;8055;2
9120;8055;4
9121;8056;1
9122;8056;4
9123;8057;1
9124;8057;2
9125;8057;4
9126;8058;4
9127;8059;2
9128;8059;4
9129;8060;2
9130;8060;4
9131;8061;2
9132;8061;4
9133;8062;1
9134;8062;4
9135;8063;4
9136;8064;2
9137;8064;4
9138;8065;1
9139;8065;4
9140;8066;1
9141;8066;4
9143;8067;1
9142;8067;2
9145;8068;2
9146;8068;4
9144;8068;5
9147;8069;2
9148;8069;4
9149;8070;4
9151;8071;1
9152;8071;4
9150;8071;10
9153;8072;1
9154;8072;2
9155;8072;4
9156;8073;4
9157;8074;2
9158;8074;4
9159;8075;4
9160;8076;4
9161;8077;1
9162;8077;4
9163;8078;1
9164;8078;4
9165;8079;2
9166;8079;4
9168;8080;1
9167;8080;2
9169;8081;4
9170;8082;2
9171;8082;4
9172;8083;1
9173;8083;4
9174;8084;2
9175;8084;4
9176;8086;2
9177;8086;4
9178;8087;4
9179;8088;4
9180;8089;1
9182;8089;2
9183;8089;4
9181;8089;5
9184;8090;4
9185;8091;4
9186;8092;4
9187;8093;2
9188;8093;4
9189;8094;4
9190;8095;4
9192;8096;1
9191;8096;4
9193;8097;1
9194;8097;4
9195;8098;2
9196;8098;4
9197;8099;4
9198;8100;1
9199;8100;2
9200;8100;4
9202;8101;4
9201;8101;5
9203;8102;2
9204;8102;4
9205;8103;1
9206;8103;2
9207;8103;4
9208;8104;4
9211;8105;2
9212;8105;4
9209;8105;5
9210;8105;7
9214;8106;2
9215;8106;4
9213;8106;7
9217;8107;2
9218;8107;4
9216;8107;15
9219;8108;1
9220;8108;2
9221;8108;4
9222;8109;4
9224;8110;4
9223;8110;5
9225;8111;4
9226;8112;4
9227;8113;4
9229;8114;4
9228;8114;5
9230;8115;4
9231;8116;1
9232;8116;4
9233;8117;2
9234;8117;4
9235;8118;2
9236;8118;4
9237;8119;2
9238;8119;4
9239;8120;2
9240;8120;4
9241;8121;2
9242;8121;4
9243;8122;4
9244;8123;4
9245;8124;1
9246;8124;2
9247;8124;4
9248;8125;1
9249;8125;2
9250;8125;4
9251;8126;4
9252;8127;4
9253;8128;4
9254;8129;4
9255;8130;4
9256;8131;4
9257;8132;4
9258;8133;2
9259;8133;4
9260;8134;2
9261;8134;4
9262;8135;2
9263;8135;4
9264;8136;1
9266;8136;2
9267;8136;4
9265;8136;5
9271;8138;1
9272;8138;4
9277;8142;4
9278;8143;4
9281;8145;4
9283;8146;1
9282;8146;4
9284;8147;1
9285;8147;4
9287;8148;4
9286;8148;9
9288;8149;4
9289;8150;4
9290;8151;4
9291;8152;4
9292;8153;2
9293;8153;4
9294;8154;4
9295;8155;4
9296;8156;4
9297;8157;1
9299;8157;2
9300;8157;4
9298;8157;9
9301;8158;4
9302;8159;1
9303;8159;4
9304;8160;4
9305;8161;1
9307;8161;2
9308;8161;4
9306;8161;5
9309;8162;4
9310;8163;1
9311;8163;2
9312;8163;4
9313;8164;4
9314;8165;4
9315;8166;4
9316;8167;1
9317;8167;2
9318;8167;4
9319;8168;2
9320;8168;4
9322;8169;4
9321;8169;5
9323;8170;4
9324;8173;1
9325;8173;4
9326;8174;4
9327;8175;4
9328;8176;4
9329;8177;2
9330;8177;4
9331;8178;4
9332;8179;4
9333;8180;4
9334;8181;4
9335;8182;4
9336;8184;4
9337;8186;1
9338;8186;4
9339;8187;4
9340;8188;4
9341;8189;4
9342;8191;4
9343;8192;4
9344;8193;1
9345;8193;2
9346;8193;4
9347;8194;1
9348;8194;4
9349;8195;4
9350;8197;1
9351;8197;4
9354;8198;1
9353;8198;2
9352;8198;4
9355;8199;2
9356;8199;4
9357;8200;2
9358;8200;4
9359;8201;4
9360;8202;4
9362;8203;1
9363;8203;2
9364;8203;4
9361;8203;10
9366;8204;4
9365;8204;5
9367;8205;4
9368;8207;4
9369;8210;4
9370;8211;2
9371;8211;4
9372;8214;4
9373;8215;4
9374;8216;1
9375;8216;4
9376;8217;4
9377;8218;4
9378;8219;2
9379;8219;4
9380;8220;4
9382;8223;4
9384;8224;2
9385;8224;4
9383;8224;68
9386;8228;4
9387;8230;4
9388;8231;1
9389;8231;4
9390;8232;4
9391;8233;1
9393;8233;4
9392;8233;6
9394;8234;4
9396;8235;1
9397;8235;4
9395;8235;72
9398;8236;1
9400;8236;4
9399;8236;6
9401;8237;4
9402;8238;4
9403;8241;4
9404;8242;4
9405;8267;4
9413;8303;1
9412;8303;2
9411;8303;11
9416;8304;1
9414;8304;4
9415;8304;11
9421;8306;1
9423;8306;4
9422;8306;11
9420;8306;12
9430;8310;1
9429;8310;4
9436;8314;4
9441;8315;1
9437;8315;2
9438;8315;4
9440;8315;11
9439;8315;12
9444;8316;2
9445;8316;4
9443;8316;11
9442;8316;12
9449;8318;1
9448;8318;4
9447;8318;12
9462;8327;4
9464;8328;1
9465;8328;4
9463;8328;16
9467;8330;1
9466;8330;11
9469;8331;1
9468;8331;2
9472;8332;1
9471;8332;2
9470;8332;4
9485;8340;1
9484;8340;11
9489;8342;4
9488;8342;11
9495;8344;1
9493;8344;4
9494;8344;11
9499;8345;1
9497;8345;6
9496;8345;8
9498;8345;11
9502;8347;1
9500;8347;6
9501;8347;11
9507;8349;4
9506;8349;11
9512;8356;4
9529;8386;4
9528;8386;9
9537;8392;2
9538;8392;4
9548;8396;1
9544;8396;2
9545;8396;4
9547;8396;9
9546;8396;19
9561;8401;1
9560;8401;2
9559;8401;4
9583;8413;4
180;8431;1
181;8431;2
182;8431;4
9619;8432;4
9637;8441;1
9636;8441;18
9635;8441;19
9652;8450;1
9653;8450;2
9654;8450;4
9651;8450;19
9673;8462;4
9674;8463;4
9675;8464;1
9677;8464;2
9678;8464;4
9676;8464;9
9691;8472;4
9692;8473;4
9695;8475;1
9696;8475;4
9694;8475;18
9693;8475;19
9706;8480;4
9708;8481;4
9707;8481;9
9722;8486;4
9721;8486;9
9726;8487;1
9724;8487;4
9725;8487;6
9723;8487;9
9727;8488;1
9728;8488;4
9729;8489;4
9730;8491;4
9731;8492;4
9738;8497;2
9739;8497;4
9737;8497;9
9753;8514;1
9752;8514;9
9751;8514;10
170;8529;1
172;8529;2
171;8529;14
9758;8530;1
9757;8530;9
9763;8531;1
9760;8531;2
9761;8531;4
9762;8531;9
9759;8531;10
9767;8533;1
9768;8533;4
9769;8534;1
9772;8535;1
9771;8535;2
9770;8535;9
9774;8536;1
9775;8536;4
9773;8536;19
9776;8537;1
9777;8537;4
9780;8539;1
9779;8539;2
9782;8540;1
9783;8540;4
9781;8540;42
9790;8543;1
9791;8543;4
9794;8544;1
9793;8544;14
9792;8544;32
9796;8545;1
9795;8545;14
9798;8547;1
9797;8547;9
9801;8549;1
9800;8549;2
9802;8550;1
9803;8550;4
9808;8553;1
9807;8553;2
9806;8553;6
9811;8554;1
9810;8554;2
9809;8554;6
276;8558;4
9822;8559;1
9821;8559;2
9824;8560;1
9823;8560;42
9829;8566;1
9828;8566;2
9827;8566;4
9826;8566;9
9830;8567;1
9835;8570;1
9834;8570;2
9833;8570;9
9841;8574;1
9842;8574;4
9840;8574;45
9847;8577;1
9846;8577;45
9851;8578;1
9850;8578;2
9849;8578;4
9848;8578;10
9852;8579;1
9853;8582;1
9865;8587;1
9864;8587;4
9869;8590;1
9870;8591;1
9872;8592;1
9871;8592;42
9875;8594;1
9874;8594;9
9882;8596;1
9880;8596;4
9881;8596;6
9884;8597;4
9883;8597;70
9885;8598;1
9887;8600;1
9886;8600;14
9888;8601;2
9889;8601;4
9892;8602;1
9891;8602;4
9890;8602;9
9893;8603;1
9894;8604;1
9896;8605;1
9895;8605;14
9898;8606;1
9897;8606;14
9902;8607;1
9901;8607;9
9900;8607;14
9899;8607;42
9907;8610;4
194;8614;1
195;8614;2
196;8614;4
9924;8617;1
9923;8617;2
9922;8617;45
9925;8618;1
9926;8618;2
9927;8618;4
9934;8622;1
9933;8622;2
9932;8622;9
9937;8623;1
9936;8623;4
9935;8623;9
9938;8624;1
9939;8624;4
9943;8625;1
9942;8625;2
9941;8625;6
9940;8625;9
9945;8626;1
9944;8626;14
9948;8628;4
9952;8629;1
9951;8629;6
9950;8629;9
9949;8629;20
9953;8630;1
9954;8630;4
9955;8631;1
9956;8632;1
9957;8632;4
9958;8633;4
9960;8634;1
9959;8634;6
9963;8635;1
9961;8635;4
9962;8635;6
9967;8638;4
9969;8639;1
9968;8639;6
9971;8640;1
9970;8640;6
9974;8642;1
9973;8642;6
9972;8642;9
9976;8644;1
9977;8644;4
9981;8645;1
9980;8645;6
9979;8645;9
9978;8645;10
9989;8650;1
9988;8650;6
9997;8655;1
9996;8655;6
10007;8660;1
10006;8660;2
10005;8660;6
10010;8661;1
10009;8661;6
10008;8661;9
10012;8662;1
10011;8662;76
10013;8663;4
10019;8665;1
10018;8665;6
10017;8665;9
10021;8666;1
10020;8666;6
10024;8670;4
10027;8671;1
10026;8671;6
10025;8671;14
10030;8672;1
10029;8672;6
10028;8672;14
10035;8675;1
10034;8675;6
10039;8676;1
10038;8676;2
10037;8676;6
10036;8676;9
10040;8677;1
10043;8678;1
10042;8678;6
10041;8678;42
10051;8680;1
10050;8680;6
10049;8680;9
10048;8680;14
10052;8681;1
10054;8682;1
10053;8682;6
10058;8685;1
10057;8685;6
10056;8685;9
10055;8685;10
10066;8692;1
10065;8692;6
10070;8694;1
10073;8696;1
10075;8697;1
10074;8697;42
10078;8698;1
10076;8698;10
10077;8698;42
10080;8700;1
10084;8702;1
10087;8703;1
10086;8703;6
10085;8703;9
10094;8707;1
10093;8707;6
10092;8707;10
10095;8708;1
10108;8716;1
10109;8733;4
10116;8748;1
10115;8748;9
10131;8766;2
10135;8777;4
10143;8790;1
10142;8790;2
10141;8790;9
10148;8793;2
10149;8793;4
10147;8793;8
10163;8801;4
10162;8801;18
10161;8801;19
10166;8802;1
10165;8802;6
10164;8802;38
10168;8803;1
10167;8803;2
10170;8804;1
10169;8804;2
10185;8816;1
10184;8816;6
10189;8818;1
10186;8818;2
10187;8818;4
10188;8818;6
10190;8818;8
10193;8821;4
10195;8822;1
10194;8822;6
10199;8825;4
10200;8826;1
10203;8828;1
10202;8828;9
10210;8880;1
10211;8880;2
10212;8880;4
10214;8881;2
10215;8881;4
10213;8881;5
10216;8882;4
10217;8883;4
10218;8885;4
10219;8886;1
10220;8886;4
10221;8887;4
10223;8888;1
10222;8888;4
10224;8889;4
10225;8890;2
10226;8890;4
10227;8891;4
10228;8892;2
10229;8892;4
10230;8893;4
10231;8894;4
10232;8895;4
10233;8896;4
10234;8898;2
10235;8898;4
10237;8899;1
10236;8899;4
10239;8901;4
10240;8902;2
10241;8902;4
10242;8903;1
10244;8903;4
10243;8903;5
10245;8904;2
10246;8904;4
10247;8905;4
10248;8906;1
10250;8906;2
10251;8906;4
10249;8906;8
10252;8907;1
10253;8907;4
10254;8908;2
10255;8908;4
10256;8909;4
10257;8910;2
10258;8910;4
10261;8912;1
10262;8913;1
10263;8913;2
10264;8913;4
10265;8914;4
10266;8915;4
10268;8916;1
10267;8916;4
10269;8917;4
10270;8918;4
10271;8919;4
10272;8920;4
10273;8921;4
10277;8922;1
10276;8922;6
10274;8922;10
10275;8922;42
10278;8923;1
10279;8923;4
10280;8924;4
10281;8925;4
10282;8926;4
10283;8927;1
10284;8927;2
10285;8927;4
10286;8928;2
10287;8928;4
10288;8930;4
10289;8931;1
10290;8931;2
10291;8931;4
10292;8933;2
10293;8933;4
10294;8934;1
10295;8934;2
10296;8934;4
10297;8935;4
10298;8936;4
10299;8937;1
10300;8937;4
10301;8939;4
10302;8940;1
10303;8940;2
10304;8940;4
10305;8941;1
10306;8941;4
10308;8942;4
10307;8942;8
10309;8943;4
10310;8944;1
10312;8944;2
10313;8944;4
10311;8944;8
10315;8945;4
10314;8945;8
10316;8946;4
10317;8947;1
10319;8947;4
10318;8947;6
10320;8948;4
10324;8950;1
10322;8950;4
10323;8950;6
10321;8950;10
10325;8951;4
10326;8952;4
10331;8958;4
10332;8959;1
10333;8959;4
10334;8960;1
10335;8960;4
10336;8961;4
10337;8962;4
10338;8963;4
10339;8964;4
10340;8966;4
10341;8967;1
10343;8967;4
10342;8967;6
10344;8968;2
10345;8968;4
10346;8969;1
10347;8969;2
10348;8969;4
10349;8970;1
10351;8970;4
10350;8970;6
10352;8971;1
10353;8971;4
10354;8972;2
10355;8972;4
10356;8973;4
10357;8974;4
10358;8975;4
10359;8976;4
10360;8977;1
10361;8977;4
10362;8978;1
10363;8978;4
10365;8979;1
10364;8979;4
10366;8980;4
10367;8981;4
10368;8982;4
10369;8983;1
10370;8983;4
10371;8984;4
10372;8986;4
10373;8987;4
10374;8988;1
10375;8988;4
10376;8989;4
10377;8990;4
10378;8991;4
10379;8993;4
10380;8994;1
10381;8994;4
10382;8995;4
10383;8997;1
10384;8997;4
10385;8998;4
10386;8999;4
10387;9000;4
10388;9001;1
10390;9001;4
10389;9001;8
10391;9002;1
10392;9002;4
10393;9003;4
10394;9004;4
10395;9006;1
10396;9006;4
10397;9007;4
10398;9008;4
10399;9009;4
10400;9010;4
10401;9011;4
10402;9012;4
10403;9013;1
10404;9013;4
10405;9014;4
10406;9015;4
10407;9016;4
10408;9017;4
10409;9018;4
10410;9019;4
10411;9020;4
10412;9021;4
10413;9022;4
10416;9023;1
10415;9023;2
10414;9023;6
10417;9024;2
10418;9025;1
10419;9025;2
10420;9025;4
10424;9026;1
10423;9026;2
10421;9026;4
10422;9026;6
10429;9029;1
10428;9029;10
10430;9048;4
10431;9053;4
186;9058;2
187;9058;4
10434;9059;4
10437;9060;1
10436;9060;4
10435;9060;15
10438;9061;4
10439;9062;2
10440;9062;4
10441;9063;4
10442;9064;2
10443;9064;4
10444;9065;4
10450;9069;4
10449;9069;11
10451;9070;2
10452;9070;4
10453;9072;4
10456;9073;1
10457;9073;4
10455;9073;5
10454;9073;15
10458;9074;2
10459;9074;4
10460;9075;4
10463;9078;2
10464;9078;4
10462;9078;7
10465;9079;1
10467;9079;4
10466;9079;6
10468;9080;1
10470;9080;4
10469;9080;8
10471;9082;1
188;9086;1
189;9086;2
10474;9091;4
10477;9094;2
10478;9097;4
10479;9098;1
10483;9101;1
10482;9101;2
10481;9101;9
10484;9102;4
10493;9106;4
10494;9107;2
10495;9107;4
10500;9113;1
10499;9113;2
10498;9113;5
10502;9116;2
10503;9116;4
10504;9117;1
10505;9118;2
10507;9120;1
10508;9120;2
10509;9120;4
10511;9122;1
10510;9122;10
10512;9124;1
10513;9125;1
10514;9125;2
10515;9125;4
10519;9132;1
10520;9132;4
10518;9132;10
10521;9133;4
10525;9137;1
10526;9137;4
10529;9149;1
10530;9159;2
10531;9159;4
10532;9160;2
10533;9160;4
10534;9161;2
10535;9161;4
10537;9162;1
10536;9162;2
10538;9163;2
10539;9163;4
10540;9164;4
10541;9165;1
10542;9165;4
10547;9166;1
10544;9166;2
10545;9166;4
10546;9166;9
10543;9166;21
10548;9167;4
10549;9168;2
10550;9168;4
10551;9169;4
10552;9170;4
10555;9171;4
10554;9171;8
10553;9171;30
10556;9172;4
10557;9173;2
10558;9173;4
10559;9174;1
10560;9174;2
10561;9174;4
10562;9175;4
10563;9176;2
10564;9176;4
10565;9177;2
10566;9177;4
10572;9179;4
10573;9180;2
10574;9180;4
10575;9181;2
10576;9181;4
10577;9182;4
10578;9183;4
10581;9185;1
10580;9185;2
10579;9185;4
10582;9186;1
10583;9186;4
10584;9187;4
10585;9188;2
10586;9188;4
10587;9189;4
10588;9190;2
10590;9192;1
10589;9192;2
10593;9193;1
10591;9193;4
10592;9193;6
192;9209;4
10595;9211;4
10596;9212;4
474;9215;1
476;9215;4
475;9215;6
10600;9225;4
10601;9227;4
193;9308;4
10605;9315;4
10607;9318;1
10606;9318;3
10608;9318;4
10609;9323;4
10611;9328;4
10610;9328;8
10612;9330;4
10615;9334;4
10616;9335;1
10617;9335;4
10618;9337;1
10619;9337;2
10620;9337;4
10621;9338;1
10622;9338;4
10623;9341;4
10625;9359;1
10627;9359;4
10626;9359;6
10629;9361;4
10628;9361;6
10630;9367;4
10631;9371;1
10633;9371;4
10632;9371;8
799;9376;1
10636;9380;1
10635;9380;43
10637;9394;4
10638;9397;4
10639;9416;2
10640;9416;4
10641;9417;4
10642;9418;2
10643;9418;4
10646;9420;2
10647;9420;4
10648;9421;4
10649;9422;4
10651;9424;1
10652;9424;4
10653;9426;4
10654;9428;4
10655;9431;4
10656;9432;4
10657;9434;4
10658;9435;4
10659;9436;4
10660;9437;4
10663;9438;1
10664;9438;4
10662;9438;18
10661;9438;19
10665;9439;1
10667;9439;2
10668;9439;4
10666;9439;6
10669;9440;1
10670;9440;2
10671;9440;4
10672;9441;1
10673;9441;4
10676;9442;1
10675;9442;2
10674;9442;6
10677;9443;2
10678;9443;4
10679;9444;1
10681;9444;4
10680;9444;6
10683;9445;1
10684;9445;2
10685;9445;4
10682;9445;16
10686;9447;4
731;9451;1
732;9451;6
10690;9452;4
10692;9456;4
10693;9458;1
10694;9458;2
10695;9458;4
10696;9460;4
10697;9461;4
10698;9463;4
10699;9464;1
10700;9464;2
10701;9464;4
10702;9465;4
10705;9466;1
10704;9466;6
10703;9466;9
10706;9467;4
10707;9468;2
10708;9468;4
10709;9469;4
10710;9470;4
10711;9473;4
10712;9475;4
10716;9476;1
10714;9476;4
10715;9476;6
10713;9476;9
10717;9477;1
10719;9477;4
10718;9477;8
10720;9478;4
10721;9480;4
10722;9481;4
10723;9482;4
10724;9483;1
10726;9483;4
10725;9483;8
10727;9484;2
10728;9484;4
10729;9485;1
10730;9485;2
10731;9485;4
10732;9491;1
10733;9491;4
10734;9492;1
10735;9492;4
10736;9493;4
10737;9496;1
10738;9496;2
10739;9496;4
10741;9497;1
10740;9497;6
10742;9498;4
10747;9499;1
10743;9499;2
10744;9499;4
10746;9499;6
10745;9499;9
10751;9501;4
10753;9502;4
10752;9502;8
10755;9503;4
10754;9503;6
10756;9505;1
10757;9505;4
10758;9506;4
10761;9507;1
10760;9507;6
10759;9507;20
10765;9510;4
10766;9512;4
10767;9513;4
10768;9514;4
10769;9516;2
10770;9516;4
10772;9519;4
10773;9520;1
10774;9520;4
10775;9521;1
10776;9521;2
10777;9521;4
10780;9523;1
10779;9523;2
10778;9523;6
10783;9524;4
10782;9524;18
10781;9524;19
10785;9525;1
10784;9525;6
10790;9530;4
10791;9531;4
10796;9546;2
197;9550;4
198;9553;4
10800;9554;1
10801;9554;4
10799;9554;10
10803;9555;1
10804;9555;4
10802;9555;72
10807;9556;1
10805;9556;4
10806;9556;6
10812;9559;1
10811;9559;10
10816;9561;1
199;9571;4
10820;9572;1
10822;9572;2
10823;9572;4
10821;9572;6
10824;9573;4
10826;9574;4
10825;9574;8
10827;9575;4
10828;9577;2
10829;9577;4
10830;9578;4
10831;9582;1
10833;9582;4
10832;9582;6
10834;9583;4
10835;9587;4
10836;9588;4
10837;9589;2
10838;9589;4
10839;9590;4
10840;9593;2
10841;9593;4
10842;9594;4
10843;9595;4
10844;9596;4
10845;9598;4
10849;9599;1
10846;9599;2
10848;9599;4
10850;9599;8
10847;9599;16
10851;9601;4
10852;9604;2
10853;9604;4
10854;9610;4
10855;9611;4
10856;9612;4
10857;9614;4
10859;9616;4
10861;9617;4
10860;9617;6
10862;9618;4
10863;9619;4
10865;9620;1
10864;9620;9
10866;9621;4
10869;9625;4
10868;9625;8
10872;9630;4
10874;9631;1
10875;9631;4
10873;9631;10
10876;9632;1
10877;9632;4
10879;9633;4
10878;9633;10
10880;9634;4
10884;9636;1
10886;9636;4
10885;9636;6
10891;9638;1
10890;9638;4
10889;9638;9
10888;9638;10
10896;9649;4
10898;9650;1
10899;9650;4
10897;9650;10
10900;9651;4
10902;9653;1
10904;9653;2
10905;9653;4
10903;9653;9
10907;9654;1
10906;9654;10
10910;9659;1
10911;9659;4
10915;9661;1
10916;9661;4
10914;9661;10
10918;9669;4
10925;9672;4
10926;9705;4
10927;9768;1
10928;9768;4
10929;9770;1
10930;9770;4
10933;9772;1
10931;9772;4
10932;9772;6
10934;9774;1
10935;9774;4
10936;9775;1
10937;9775;4
10938;9776;4
1261;9777;1
1262;9777;9
10946;9780;1
10947;9780;2
10948;9780;4
10945;9780;10
10949;9781;1
203;9783;1
205;9783;4
204;9783;6
1344;9785;4
10954;9786;1
10956;9786;4
10955;9786;6
10957;9787;4
10958;9788;4
10961;9790;1
10963;9790;4
10962;9790;6
10965;9792;1
10966;9792;4
10964;9792;10
10969;9793;2
10970;9793;4
10968;9793;6
10967;9793;10
10971;9795;4
10973;9797;2
10974;9797;4
10972;9797;8
10975;9798;1
10976;9798;4
10981;9800;2
10982;9800;4
10983;9801;4
10986;9803;1
10987;9803;4
10985;9803;10
10988;9805;4
206;9817;4
10991;9819;1
10992;9819;2
10993;9819;4
10994;9821;4
10996;9822;1
10997;9822;4
10995;9822;15
11000;9823;1
10999;9823;6
10998;9823;15
11001;9824;4
11003;9825;1
11004;9825;4
11002;9825;15
11005;9827;4
11007;9828;1
11006;9828;6
11011;9830;2
11012;9830;4
445;9831;1
446;9831;4
444;9831;6
443;9831;8
11019;9832;1
11018;9832;2
11017;9832;15
11021;9834;1
11022;9834;4
11027;9837;1
11026;9837;6
11025;9837;9
11024;9837;15
11031;9839;1
11030;9839;6
11029;9839;15
11033;9840;1
11032;9840;6
207;9850;1
208;9850;2
209;9850;4
11048;9855;1
11047;9855;2
11052;9859;4
11053;9865;1
11054;9865;4
11055;9866;1
11057;9866;4
11056;9866;8
11060;9868;4
11075;9907;2
11076;9907;4
11077;9916;4
11086;9931;1
11087;9931;4
11085;9931;18
11089;9933;1
11091;9933;4
11090;9933;6
11088;9933;10
11100;9959;3
11101;9959;4
11103;9971;4
11102;9971;10
11104;9977;4
211;10049;2
212;10049;4
210;10049;14
11109;10050;1
11108;10050;14
11111;10051;1
11110;10051;15
11114;10052;1
11113;10052;4
11112;10052;14
11121;10055;1
11120;10055;2
11119;10055;6
11123;10058;1
11122;10058;14
11131;10060;1
11130;10060;2
11129;10060;6
11134;10061;1
11132;10061;4
11133;10061;6
11136;10062;1
11135;10062;6
11138;10063;1
11137;10063;6
11139;10064;4
11140;10065;1
11141;10065;4
11144;10066;1
11143;10066;6
11142;10066;42
11147;10067;1
11146;10067;6
11145;10067;15
11150;10069;1
11149;10069;6
11148;10069;15
11152;10070;1
11151;10070;27
11153;10071;1
11154;10071;4
11157;10072;1
11156;10072;2
11155;10072;6
11159;10073;1
11158;10073;6
11163;10077;1
11164;10077;4
11167;10078;4
11166;10078;55
11165;10078;72
11168;10079;4
11172;10081;1
11171;10081;6
11178;10083;1
11177;10083;6
11179;10084;1
11180;10084;4
11182;10085;1
11181;10085;6
11184;10086;1
11183;10086;6
11185;10087;4
11192;10089;1
11191;10089;6
11199;10094;1
11198;10094;6
11202;10095;4
11201;10095;6
11200;10095;10
11209;10112;1
11208;10112;2
11211;10114;1
11210;10114;42
11215;10120;1
11214;10120;2
11213;10120;6
11218;10121;1
11217;10121;6
11216;10121;9
11223;10125;1
11222;10125;6
11227;10126;1
11226;10126;6
11224;10126;21
11225;10126;28
11229;10129;1
11228;10129;6
11230;10130;2
11234;10131;1
11233;10131;2
11232;10131;6
11231;10131;21
11235;10133;2
11236;10133;4
11255;10143;1
11254;10143;6
11253;10143;9
11259;10149;1
11258;10149;6
11261;10150;1
11260;10150;6
11264;10153;1
11263;10153;2
11262;10153;6
11266;10155;4
11265;10155;6
11269;10156;1
11268;10156;6
11267;10156;9
11277;10160;1
11276;10160;2
11275;10160;6
11274;10160;68
11282;10161;1
11279;10161;2
11281;10161;6
11280;10161;29
11278;10161;30
11285;10162;1
11284;10162;2
11286;10162;6
11283;10162;30
11287;10162;85
11290;10163;1
11289;10163;2
11288;10163;6
11298;10165;1
11295;10165;2
11297;10165;6
11296;10165;9
11299;10165;48
11307;10168;1
11306;10168;2
11311;10174;2
11317;10181;1
11316;10181;2
11315;10181;6
11326;10185;1
11325;10185;2
11329;10187;1
11328;10187;6
11331;10189;1
11330;10189;2
11332;10192;2
11333;10195;2
11334;10196;1
11335;10196;4
11337;10197;1
11336;10197;6
11340;10198;1
11339;10198;9
11338;10198;10
11346;10204;1
11345;10204;2
11344;10204;6
11349;10208;1
11348;10208;2
11347;10208;6
11357;10219;1
11356;10219;2
11355;10219;54
11361;10253;2
216;10285;2
11363;10286;4
11364;10291;2
217;10298;1
218;10298;2
219;10298;4
11372;10305;4
11373;10307;4
11374;10314;4
11375;10316;1
11376;10316;4
11377;10317;4
11378;10320;1
11380;10320;4
11379;10320;6
11383;10322;1
11384;10322;4
11387;10325;4
11388;10327;4
11390;10328;1
11389;10328;6
11391;10330;4
11393;10332;4
245;10333;4
11395;10334;4
11396;10336;1
11397;10336;4
11398;10337;4
11399;10338;4
11400;10339;4
11401;10340;4
11402;10341;4
11404;10344;4
11405;10346;1
11406;10346;4
11407;10348;1
11408;10348;4
11411;10349;1
11410;10349;4
11409;10349;10
11412;10350;4
11415;10355;4
11414;10355;6
11413;10355;10
11416;10357;2
11417;10357;4
11418;10358;4
11419;10359;4
11420;10360;1
11421;10360;4
11423;10361;4
11422;10361;10
11426;10366;4
11427;10367;4
11430;10368;1
11428;10368;4
11429;10368;6
11438;10371;4
11444;10378;1
11443;10378;9
11442;10378;21
11447;10381;1
11446;10381;4
11445;10381;10
11448;10386;4
221;10399;1
222;10399;4
220;10399;15
11453;10401;1
11454;10401;2
11455;10401;4
11452;10401;15
11456;10402;4
11457;10404;2
11458;10404;4
11459;10405;4
11461;10406;1
11460;10406;15
11462;10407;4
11468;10410;1
11467;10410;4
11466;10410;15
11469;10411;4
11471;10413;1
11472;10413;4
11470;10413;15
11473;10414;4
11474;10415;4
11476;10416;4
11475;10416;10
11477;10417;1
11478;10417;2
11479;10417;4
11481;10418;1
11482;10418;4
11480;10418;15
11483;10419;4
11484;10420;4
11486;10421;4
11485;10421;5
11487;10422;1
11488;10422;2
11489;10422;4
11490;10423;4
11491;10424;4
11493;10425;1
11492;10425;4
11494;10426;4
11495;10428;4
11496;10429;4
11497;10430;4
11498;10431;4
11500;10432;1
11501;10432;2
11502;10432;4
11499;10432;15
11504;10434;1
11505;10434;4
11503;10434;15
11506;10435;1
11507;10435;2
11508;10435;4
11509;10437;4
11510;10438;4
11512;10440;1
11513;10440;2
11514;10440;4
11511;10440;15
11515;10441;1
11516;10441;4
11517;10443;1
11518;10443;4
11519;10445;4
11521;10447;1
11523;10447;4
11522;10447;9
11520;10447;15
11525;10448;1
11524;10448;6
11527;10451;1
11526;10451;6
11528;10452;4
11536;10456;1
11535;10456;9
223;10471;1
225;10471;4
224;10471;6
11540;10474;1
11542;10474;4
11541;10474;6
11543;10478;1
11544;10478;4
11545;10486;4
11546;10495;4
11549;10498;1
11547;10498;4
11548;10498;6
11550;10499;1
11551;10499;4
11554;10500;1
11552;10500;4
11553;10500;6
11555;10501;4
11556;10502;1
11557;10502;4
11558;10503;1
11559;10503;4
11560;10504;1
11561;10504;4
11562;10505;4
11563;10508;4
11564;10509;4
11565;10510;4
11566;10511;4
11567;10513;4
11568;10515;4
11569;10516;1
11570;10516;4
11574;10517;1
11572;10517;4
11573;10517;6
11571;10517;10
11575;10518;1
11576;10518;2
11577;10518;4
11578;10519;4
11579;10520;4
11580;10521;4
11581;10522;4
11582;10523;4
11583;10524;4
11584;10525;4
11585;10528;1
11586;10528;4
11587;10529;4
11588;10530;1
11589;10530;4
11593;10531;1
11592;10531;2
11590;10531;4
11591;10531;6
11594;10532;1
11595;10532;4
11596;10533;4
11597;10534;1
11599;10534;4
11598;10534;6
11600;10536;4
11601;10537;4
11602;10538;4
11603;10539;1
11604;10539;2
11605;10539;4
11607;10540;4
11606;10540;10
11608;10541;1
11610;10541;4
11609;10541;6
11611;10542;4
11612;10543;4
11613;10544;4
11614;10545;4
11615;10546;4
11616;10548;2
11617;10548;4
11618;10549;4
11619;10550;4
11620;10553;4
11621;10555;4
11622;10556;4
11623;10557;4
235;10558;1
237;10558;4
236;10558;6
11627;10559;4
11628;10560;4
11629;10562;4
11630;10563;4
11633;10564;1
11632;10564;2
11631;10564;10
11634;10565;4
11635;10566;1
11636;10566;4
11637;10567;4
1305;10568;1
11639;10569;4
11640;10570;4
11641;10573;4
11643;10574;4
11642;10574;6
11644;10575;4
11645;10578;1
11647;10578;4
11646;10578;6
11648;10611;1
11649;10611;4
11650;10612;1
11651;10612;4
11652;10613;4
11653;10614;4
11654;10615;2
11655;10615;4
11656;10616;4
11657;10617;4
11658;10618;4
11659;10619;1
11660;10619;2
11661;10619;4
11664;10621;1
11662;10621;4
11663;10621;6
11665;10622;1
11666;10622;2
11667;10622;4
11668;10623;4
11669;10624;4
11670;10625;1
11671;10625;4
11672;10626;1
11673;10626;4
11674;10627;4
11675;10628;1
11677;10628;4
11676;10628;6
11681;10629;1
11679;10629;4
11680;10629;6
11678;10629;10
11682;10631;4
11683;10632;4
11685;10633;1
11684;10633;4
11686;10634;4
11687;10635;1
11688;10635;4
11689;10636;4
11690;10637;4
11694;10641;1
11695;10641;4
11696;10642;4
11697;10644;4
11698;10645;1
11699;10645;4
11701;10646;1
11703;10646;4
11702;10646;6
11700;10646;10
11706;10647;1
11704;10647;10
11705;10647;14
11710;10649;4
11711;10650;4
11713;10651;1
11712;10651;10
11714;10653;4
11716;10654;1
11717;10654;4
11715;10654;10
11719;10655;1
11720;10655;4
11718;10655;10
230;10687;4
11731;10688;4
11732;10692;4
11733;10694;4
231;10698;4
11735;10701;4
11736;10702;4
11737;10703;4
11738;10704;4
11739;10705;1
11740;10705;4
11741;10707;4
11742;10712;4
11743;10714;4
11744;10715;4
11745;10717;4
11746;10719;4
11747;10720;4
11748;10721;4
11749;10722;4
11750;10723;1
11751;10723;2
11752;10723;4
11753;10726;4
11754;10728;4
11755;10729;4
11756;10730;2
11757;10730;4
11758;10731;4
11759;10732;4
11760;10733;4
11761;10734;4
11762;10735;4
11763;10736;4
11764;10737;4
11765;10740;4
11766;10741;4
11767;10742;4
11768;10743;4
11769;10744;4
11770;10745;4
11771;10746;4
11772;10748;4
11773;10749;4
11774;10750;4
11776;10755;4
11780;10760;4
11781;10763;1
11783;10763;4
11782;10763;6
11784;10784;2
11785;10790;4
232;10806;1
233;10806;4
11788;10807;4
11789;10809;4
11793;10812;2
11794;10812;4
11795;10813;4
11796;10814;4
11797;10815;4
11801;10817;1
11802;10817;4
11803;10818;4
11804;10819;4
11805;10820;4
11806;10821;4
11807;10822;1
11808;10822;4
11814;10825;4
11813;10825;18
11812;10825;19
11815;10826;4
11816;10827;4
11817;10828;4
11821;10830;4
11820;10830;18
11819;10830;19
11822;10831;4
11824;10832;1
11823;10832;2
11831;10837;4
11837;10839;2
11838;10839;4
11842;10841;1
11841;10841;4
11843;10842;4
11844;10843;1
11845;10843;4
11846;10844;1
11847;10844;4
11848;10845;4
11851;10846;4
11850;10846;18
11849;10846;19
11852;10847;4
11853;10848;4
11854;10849;4
11855;10850;1
11856;10850;4
11857;10851;1
11858;10852;4
11862;10854;2
11863;10854;4
11864;10855;4
11868;10858;2
11869;10858;4
11871;10860;4
11872;10861;4
11875;10863;2
11876;10863;4
11885;10868;2
11886;10868;4
11887;10869;2
11888;10869;4
11889;10870;1
11890;10870;4
11894;10872;4
11895;10873;4
11896;10874;4
11901;10876;1
11900;10876;6
11907;10878;4
11906;10878;18
11905;10878;19
11908;10879;2
11909;10879;4
11913;10881;4
11914;10883;4
11915;10884;2
11916;10884;4
11917;10886;4
11924;10888;1
11923;10888;2
11922;10888;4
11921;10888;9
11928;10890;2
11929;10890;4
11930;10891;1
11938;10895;1
11939;10895;2
11940;10895;4
11941;10896;4
11942;10897;2
11943;10897;4
11944;10898;4
11945;10899;2
11946;10899;4
11947;10901;4
11948;10902;4
11950;10903;4
11949;10903;19
11953;10905;4
11957;10907;1
11958;10907;4
11971;10912;4
11976;10914;2
11977;10914;4
11978;10915;4
11980;10916;2
11981;10916;4
11979;10916;19
11982;10917;4
11989;10920;2
11990;10920;4
11991;10921;4
11992;10922;4
11993;10923;4
11994;10924;1
11998;10927;4
11999;10928;4
12000;10929;4
12012;10933;4
12011;10933;18
12010;10933;19
12013;10934;4
12018;10936;4
12019;10937;4
12025;10939;4
12026;10940;4
12029;10942;1
12027;10942;4
12028;10942;6
12030;10943;4
12035;10945;4
12046;10951;1
12047;10951;4
12048;10952;4
12051;10953;1
12052;10953;4
12050;10953;18
12049;10953;19
12053;10954;4
12054;10955;1
12056;10955;4
12055;10955;6
12057;10956;1
12058;10956;4
12063;10958;1
12064;10958;2
12065;10958;4
12067;10959;1
12066;10959;6
12068;10960;4
12069;10961;4
12070;10962;4
12071;10964;1
12072;10964;4
12074;10965;1
12073;10965;6
12075;10966;4
12076;10967;1
12077;10967;4
12080;10968;1
12078;10968;4
12079;10968;6
12081;10969;1
12082;10969;4
12083;10970;1
12085;10970;4
12084;10970;6
12086;10971;1
12087;10971;4
12088;10972;4
12089;10973;1
12090;10973;2
12091;10973;4
12092;10974;4
12093;10975;4
12095;10978;1
12097;10978;4
12096;10978;6
12098;10979;1
12099;10979;4
12102;10980;1
12101;10980;2
12100;10980;6
12103;10981;4
12104;10982;4
12106;10983;1
12107;10983;4
12105;10983;18
12111;10984;1
12110;10984;6
12109;10984;46
12108;10984;62
234;11004;4
12114;11013;4
12115;11017;4
12116;11022;4
12122;11025;2
12123;11025;4
12121;11025;16
12124;11027;4
12126;11071;1
12127;11071;4
12125;11071;10
12129;11072;2
12130;11072;4
12128;11072;10
12131;11073;1
12132;11074;4
12133;11075;4
12136;11077;1
12134;11077;4
12135;11077;11
12137;11078;2
12138;11078;4
12140;11079;1
12142;11079;4
12141;11079;6
12139;11079;10
12145;11080;1
12144;11080;4
12143;11080;10
12146;11081;2
12147;11081;4
12154;11092;4
12155;11095;4
238;11114;2
239;11114;4
12158;11115;4
12159;11116;4
12160;11117;1
12161;11117;2
12162;11117;4
12163;11118;4
12164;11120;1
12165;11120;4
12166;11121;4
12167;11122;4
12168;11129;1
12169;11129;4
12170;11130;1
12171;11130;4
12172;11131;1
12173;11131;4
12174;11132;1
12175;11132;4
12176;11133;1
12177;11133;4
12178;11134;4
12179;11135;1
12180;11135;2
12181;11135;4
12182;11137;4
12183;11138;4
12188;11140;1
12186;11140;4
12187;11140;6
12189;11141;4
12190;11144;4
12191;11149;4
12192;11151;1
12193;11151;4
12194;11152;1
12195;11152;4
12196;11154;4
12197;11155;4
12198;11156;4
240;11157;4
12200;11158;4
12201;11161;4
12202;11162;4
12203;11163;4
12204;11164;4
12207;11167;4
12208;11168;1
12209;11168;4
12210;11169;4
12211;11170;4
12212;11173;4
12213;11176;4
12214;11177;4
12215;11178;4
12216;11180;4
12217;11181;4
12218;11183;4
12219;11187;1
12220;11187;4
12221;11188;4
12222;11189;4
12223;11190;4
12224;11191;4
12225;11192;1
12226;11192;2
12227;11192;4
12228;11193;4
12229;11194;1
12230;11194;2
12231;11194;4
12232;11196;4
12233;11198;4
12234;11201;4
12235;11202;4
12236;11203;2
12237;11203;4
12238;11204;2
12239;11204;4
12240;11205;4
12241;11206;4
12242;11207;4
12243;11208;4
12244;11210;1
12246;11210;4
12245;11210;6
12247;11214;4
12248;11228;4
12249;11229;1
12250;11229;2
12251;11229;4
12252;11230;1
12253;11230;4
12254;11232;4
12256;11234;4
12255;11234;19
12257;11235;4
12258;11236;4
12259;11237;1
12260;11237;2
12261;11237;4
12262;11238;4
12265;11239;1
12263;11239;4
12264;11239;6
12266;11240;4
12267;11241;1
12268;11241;2
12269;11241;4
12270;11242;4
12271;11243;4
12272;11245;4
12273;11246;1
12274;11246;2
12275;11246;4
12276;11247;4
12279;11249;4
12282;11251;1
12283;11251;4
12281;11251;18
12280;11251;19
12284;11255;4
12285;11256;1
12286;11256;2
12287;11256;4
12288;11257;4
12289;11259;4
12290;11260;4
12291;11261;4
12292;11262;4
12293;11263;4
12294;11264;4
12295;11265;4
12296;11266;4
12297;11271;4
12298;11272;4
12300;11274;4
12299;11274;9
12301;11276;4
12302;11277;4
12303;11279;2
12304;11279;4
12305;11281;4
12306;11283;4
244;11369;4
12320;11384;4
12321;11385;4
12322;11386;1
12323;11386;4
12324;11387;4
12325;11388;1
12326;11388;4
12327;11390;4
12328;11391;4
12329;11392;4
12330;11393;4
12331;11394;4
12332;11400;1
12333;11400;4
12334;11401;4
12335;11403;4
12339;11406;4
12340;11410;4
12342;11418;4
12341;11418;8
12343;11420;4
12344;11423;4
12345;11425;4
12346;11426;4
12348;11428;2
12349;11428;4
12350;11429;4
12357;11443;4
12358;11446;4
12359;11447;4
12360;11449;4
12361;11452;4
12363;11453;1
12364;11453;4
12362;11453;10
12365;11455;4
12366;11457;4
12367;11458;4
12369;11462;1
12370;11462;4
12368;11462;10
12371;11465;4
12372;11468;1
12373;11468;4
12374;11474;4
12375;11475;1
12376;11475;4
12377;11477;4
246;11544;4
12382;11547;1
12383;11547;2
12384;11547;4
12388;11548;1
12387;11548;2
12385;11548;4
12386;11548;6
12389;11549;4
12390;11550;4
12391;11551;4
12393;11552;1
12392;11552;6
12394;11553;4
12395;11554;1
12396;11554;4
12397;11556;4
12398;11557;4
12399;11560;4
12400;11561;4
12401;11563;2
12402;11563;4
12403;11565;4
12404;11566;1
12405;11566;4
12406;11567;1
12408;11567;4
12407;11567;38
12409;11568;1
12411;11568;4
12410;11568;9
12412;11569;4
12413;11570;4
12417;11571;1
12415;11571;4
12416;11571;6
12414;11571;68
12418;11572;4
12419;11574;4
12420;11575;1
12421;11575;4
12422;11576;4
12423;11577;4
12424;11578;2
12425;11578;4
12426;11579;2
12427;11579;4
12428;11581;4
12429;11582;4
12430;11583;2
12431;11583;4
12435;11584;1
12434;11584;2
12432;11584;4
12433;11584;6
12437;11585;2
12438;11585;4
12436;11585;8
12439;11586;4
12440;11587;4
12441;11588;4
12442;11589;2
12443;11589;4
12444;11590;4
12448;11591;1
12447;11591;2
12445;11591;4
12446;11591;6
12449;11593;4
12450;11594;2
12451;11594;4
12454;11595;1
12453;11595;6
12452;11595;10
12455;11596;2
12456;11596;4
12458;11598;1
12459;11598;2
12460;11598;4
12457;11598;10
12462;11599;2
12463;11599;4
12461;11599;10
12467;11601;4
12468;11602;2
12469;11602;4
247;11609;4
12471;11610;2
12472;11611;4
12473;11612;4
12478;11618;4
12479;11620;4
12480;11622;2
12481;11623;4
12482;11627;1
12483;11627;4
12484;11629;4
12487;11630;4
12486;11630;6
12485;11630;10
12488;11631;2
12489;11631;4
12490;11632;4
12491;11634;4
12492;11635;4
12493;11636;2
12502;11640;2
12503;11640;4
12501;11640;6
12500;11640;9
12504;11641;4
12505;11643;2
12506;11643;4
12507;11644;4
12509;11649;4
12513;11654;4
12514;11655;4
12515;11657;4
12516;11658;4
12518;11659;4
12517;11659;10
248;11754;4
12522;11755;4
12523;11756;4
12524;11759;4
12525;11760;4
12526;11761;2
12527;11761;4
12531;11766;4
12532;11767;2
12533;11770;4
249;11788;1
250;11788;4
12536;11789;4
12537;11790;1
12538;11790;4
12539;11791;4
12540;11793;4
12541;11800;4
12542;11802;4
12543;11803;1
12544;11803;2
12545;11803;4
12546;11804;4
12547;11805;4
12549;11807;1
12551;11807;4
12550;11807;6
12552;11808;1
12553;11808;4
12554;11809;1
12556;11809;4
12555;11809;6
12557;11811;4
12558;11814;4
12559;11815;4
12560;11816;4
12561;11817;2
12562;11817;4
12563;11818;4
12564;11819;4
12565;11820;2
12566;11820;4
12567;11826;1
12568;11826;4
12569;11827;4
12570;11828;4
12571;11830;4
12572;11832;4
12573;11835;4
12574;11836;4
12575;11839;4
12576;11840;2
12577;11840;4
252;11896;1
253;11896;2
254;11896;4
251;11896;8
12582;11898;1
12584;11898;4
12583;11898;8
12585;11900;1
12586;11900;4
12587;11901;1
12588;11901;4
12592;11902;1
12590;11902;5
12591;11902;11
12589;11902;16
12593;11903;4
12596;11904;1
12595;11904;2
12594;11904;6
12597;11905;4
12598;11906;1
12600;11906;4
12599;11906;6
12601;11907;2
12602;11907;4
12603;11909;1
12604;11909;2
12605;11909;4
12606;11912;1
12607;11912;4
12608;11927;4
12609;11929;4
12613;11938;1
12615;11938;4
12614;11938;8
12612;11938;10
12616;11949;1
12617;11949;4
12618;11984;4
12619;11986;4
255;12033;4
12621;12035;4
12622;12038;4
12623;12039;4
12624;12048;4
12625;12049;4
12626;12050;4
12627;12051;3
12628;12051;4
12629;12057;4
12630;12072;1
12631;12072;2
12632;12072;4
12633;12074;4
12634;12078;2
12635;12078;4
12636;12080;4
12637;12081;4
12638;12084;1
12639;12084;2
12640;12084;4
12641;12088;4
12642;12093;4
12643;12101;4
12644;12102;1
12646;12102;2
12647;12102;4
12645;12102;6
12649;12104;1
12650;12104;2
12651;12104;4
12648;12104;10
12652;12112;2
12653;12112;4
12655;12124;4
12657;12125;1
12659;12125;4
12658;12125;6
12656;12125;10
12661;12127;2
12662;12127;4
12660;12127;10
256;12202;2
257;12202;4
258;12205;1
259;12205;2
260;12205;4
12668;12206;4
263;12207;1
264;12207;2
265;12207;4
12674;12208;1
12673;12208;2
12672;12208;14
12675;12209;1
12676;12209;2
12677;12209;4
12678;12210;2
12679;12210;4
12680;12211;1
12681;12211;4
12684;12212;1
12683;12212;2
12682;12212;4
12685;12213;1
12686;12213;2
12687;12213;4
12688;12215;4
12690;12216;1
12689;12216;4
12691;12218;1
12692;12218;4
12693;12219;2
12694;12219;4
12695;12220;4
12696;12221;1
12697;12221;2
12698;12221;4
12699;12222;4
12700;12223;4
12701;12224;4
12702;12227;1
12703;12227;4
12704;12228;1
12705;12228;4
12706;12230;1
12707;12230;4
12708;12231;1
12709;12231;4
12710;12233;1
12711;12233;4
12712;12236;1
12714;12236;4
12713;12236;6
12717;12237;1
12716;12237;6
12715;12237;14
12724;12241;4
12726;12242;2
12725;12242;9
12727;12243;1
12728;12243;4
12736;12246;1
12737;12262;1
12738;12262;4
12740;12263;1
12739;12263;4
12741;12264;4
12742;12265;4
12743;12266;2
12744;12266;4
12746;12267;1
12745;12267;4
12748;12268;1
12747;12268;6
12752;12269;1
12751;12269;2
12750;12269;4
12749;12269;9
12753;12270;4
12754;12271;1
12755;12271;4
12756;12272;4
12757;12273;1
12758;12273;4
12759;12274;2
12760;12274;4
12761;12275;4
12762;12276;4
12764;12277;4
12763;12277;6
12765;12279;4
12766;12280;4
12767;12281;4
12770;12282;1
12771;12282;4
12769;12282;18
12768;12282;19
12772;12283;1
12773;12283;4
12776;12284;1
12775;12284;6
12774;12284;45
12777;12285;1
12778;12285;4
12779;12286;4
12783;12288;1
12782;12288;6
12786;12290;1
12788;12290;4
12787;12290;6
12789;12291;4
12790;12293;4
12791;12294;4
12792;12296;1
12793;12296;4
12794;12297;4
12797;12300;4
12801;12301;1
12799;12301;4
12800;12301;6
12798;12301;9
12803;12302;1
12802;12302;6
12808;12304;1
12807;12304;2
12806;12304;6
12814;12306;1
12813;12306;4
12816;12307;2
12817;12307;4
12815;12307;10
266;12320;1
267;12320;4
12824;12321;1
12823;12321;4
12822;12321;10
12825;12322;4
12826;12323;4
268;12342;4
12828;12343;4
12829;12344;4
12833;12346;4
12834;12347;4
12835;12348;4
12836;12349;2
12837;12349;4
12838;12350;4
12840;12351;4
12839;12351;12
12841;12352;1
12843;12352;2
12844;12352;4
12842;12352;8
12845;12353;4
12846;12354;2
12847;12354;4
12848;12355;4
12849;12356;2
12850;12356;4
12851;12357;4
12852;12358;4
12853;12359;4
12855;12360;4
12854;12360;6
12856;12361;1
12857;12361;2
12858;12361;4
12859;12362;4
12861;12363;4
12860;12363;7
12862;12364;4
12863;12365;4
12864;12366;1
12865;12366;4
12866;12367;4
12867;12368;4
12869;12369;1
12870;12369;2
12871;12369;4
12868;12369;16
12872;12371;4
12873;12373;2
12874;12373;4
12875;12374;2
12876;12374;4
12877;12375;4
12878;12376;4
12879;12377;4
12880;12378;2
12881;12378;4
12882;12379;4
12883;12380;2
12884;12380;4
12885;12381;1
12886;12381;4
12887;12382;1
12888;12382;4
12889;12383;4
12890;12384;1
12892;12384;2
12893;12384;4
12891;12384;6
12894;12385;2
12895;12385;4
12896;12386;4
12897;12387;4
12898;12388;4
12899;12389;4
12900;12390;4
12901;12391;2
12902;12391;4
12905;12392;1
12903;12392;4
12904;12392;6
12906;12394;4
12907;12396;4
12914;12400;1
12913;12400;2
12912;12400;6
12911;12400;10
12915;12403;4
12916;12414;1
12917;12414;4
12920;12415;1
12918;12415;4
12919;12415;6
12921;12420;2
12922;12421;4
12924;12422;1
12923;12422;6
12925;12424;2
12926;12424;4
12927;12425;2
12928;12425;4
12929;12426;4
12930;12427;4
12931;12428;4
12932;12430;2
12933;12430;4
12935;12433;2
12934;12433;3
12937;12441;1
12938;12441;2
12939;12441;4
12940;12442;4
12944;12444;4
12945;12445;4
12946;12446;4
12947;12447;4
12948;12454;4
12949;12455;4
12952;12457;4
12953;12458;4
12954;12459;1
12955;12459;2
12956;12459;4
12957;12461;1
12958;12461;2
12959;12461;4
12960;12462;4
12962;12464;2
12963;12464;4
12969;12466;1
12968;12466;2
12967;12466;6
12972;12469;2
12973;12469;4
12975;12472;2
12976;12472;4
12977;12473;4
12981;12476;1
12980;12476;2
12979;12476;4
12978;12476;21
12985;12478;1
12984;12478;2
12983;12478;6
12986;12481;4
12987;12483;4
12989;12485;4
12988;12485;10
12991;12486;4
12990;12486;10
12992;12487;4
12993;12488;4
12994;12489;4
12995;12490;1
12996;12490;4
12999;12495;1
273;12511;1
274;12511;4
13002;12526;4
13003;12528;4
13004;12532;4
13005;12536;4
13006;12539;4
13007;12558;4
13008;12559;4
13009;12561;4
13010;12568;4
13012;12577;4
13011;12577;8
275;12627;4
13014;12628;2
13015;12628;4
13019;12631;2
13020;12631;4
13021;12633;1
13022;12633;4
13023;12634;4
13024;12635;4
13025;12637;4
13026;12639;1
13028;12639;2
13029;12639;4
13027;12639;7
13030;12642;2
13031;12642;4
13032;12643;4
13033;12646;4
13034;12649;4
13035;12653;4
13036;12656;4
13037;12663;4
13038;12668;1
13039;12668;4
13040;12693;1
13041;12694;4
13042;12695;1
13043;12695;4
13044;12696;2
13045;12696;4
13049;12697;1
13048;12697;2
13047;12697;6
13046;12697;9
13050;12698;1
13051;12698;4
13052;12699;1
13054;12700;1
13053;12700;2
565;12701;1
566;12701;4
13057;12702;1
13059;12703;1
13058;12703;4
13060;12704;1
13062;12705;1
13061;12705;25
13063;12706;1
13064;12707;1
13065;12708;1
13066;12708;4
13067;12709;4
13068;12710;1
13069;12710;2
13070;12710;4
13071;12711;1
13072;12711;2
13073;12711;4
13076;12712;1
13075;12712;2
13074;12712;4
13078;12713;4
13077;12713;5
13079;12714;2
13080;12714;4
13081;12716;4
13083;12717;1
13082;12717;2
13084;12718;4
13085;12719;1
13087;12721;1
13086;12721;4
13091;12723;1
13090;12723;45
13093;12725;1
13092;12725;4
13094;12726;4
13095;12727;1
13096;12727;4
13097;12728;4
13098;12729;4
13099;12730;1
13103;12732;1
13104;12732;4
13105;12733;1
13106;12734;1
13107;12734;2
13108;12734;4
13109;12735;1
13112;12736;1
13111;12736;2
13110;12736;45
13117;12737;1
13113;12737;2
13114;12737;4
13116;12737;6
13115;12737;9
13118;12738;1
13119;12738;2
13120;12738;4
13121;12739;1
13122;12739;4
13123;12740;2
13124;12740;4
13125;12741;4
13127;12742;1
13126;12742;6
13128;12743;1
13129;12743;2
13130;12743;4
13131;12744;1
13133;12744;4
13132;12744;9
13137;12745;1
13136;12745;2
13135;12745;6
13134;12745;25
13140;12747;1
13142;12747;2
13143;12747;4
13141;12747;9
13144;12749;4
13146;12750;1
13145;12750;6
13147;12751;4
13148;12752;4
13149;12753;4
13150;12754;4
13151;12756;4
13154;12757;1
13153;12757;4
13152;12757;9
13155;12758;1
13156;12758;4
13159;12759;1
13157;12759;10
13158;12759;56
13161;12760;1
13160;12760;5
13162;12761;4
13166;12764;4
13172;12766;1
13173;12766;4
13175;12767;1
13174;12767;9
13182;12769;1
13179;12769;2
13181;12769;9
13178;12769;10
13180;12769;45
13184;12770;1
13183;12770;4
13194;12774;1
13191;12774;2
13192;12774;4
13195;12774;8
13193;12774;9
13196;12777;1
13197;12777;4
13199;12778;1
13198;12778;4
13202;12780;1
13203;12780;4
13204;12781;4
13205;12782;1
13206;12783;1
13207;12783;4
13209;12784;1
13208;12784;2
13210;12785;4
741;12787;1
742;12787;6
13218;12789;1
13217;12789;6
13220;12792;1
13219;12792;6
13222;12793;1
13221;12793;6
13228;12800;1
13227;12800;6
13231;12801;1
13230;12801;2
13229;12801;6
13232;12802;1
13234;12802;4
13233;12802;9
13237;12803;1
13236;12803;6
13235;12803;10
13239;12804;1
13240;12804;4
13238;12804;10
13241;12805;4
13242;12806;4
13244;12808;1
13243;12808;6
13245;12809;1
13246;12809;4
13249;12812;1
13250;12812;4
13251;12813;4
13254;12815;1
13253;12815;6
13252;12815;19
13256;12816;1
13255;12816;6
13257;12817;1
13258;12817;4
13259;12818;1
13260;12818;4
13264;12821;1
13263;12821;6
13268;12823;1
13266;12823;4
13267;12823;6
13265;12823;25
13270;12824;4
13269;12824;6
13272;12825;1
13271;12825;6
13274;12826;1
13273;12826;6
13276;12827;1
13275;12827;6
13277;12828;1
13279;12829;1
13278;12829;6
13280;12830;1
13281;12830;4
13282;12831;1
13284;12831;4
13283;12831;6
13286;12832;1
13285;12832;6
13288;12833;1
13287;12833;6
13291;12835;1
13290;12835;6
13293;12836;1
13292;12836;6
13294;12837;4
13297;12839;1
13296;12839;6
13295;12839;10
13299;12841;4
13298;12841;6
1296;12842;1
1297;12842;2
1298;12842;6
13303;12843;1
13304;12843;2
13305;12843;4
13311;12845;1
13310;12845;6
13309;12845;9
13313;12847;1
13312;12847;6
13316;12851;1
277;12877;1
278;12877;2
279;12877;4
13320;12879;4
13322;12880;4
13321;12880;9
13323;12882;4
13324;12883;1
13325;12883;2
13326;12883;4
13331;12886;4
13330;12886;13
13329;12886;19
13332;12887;2
13333;12887;4
13336;12888;1
13337;12888;4
13335;12888;18
13334;12888;19
13343;12891;1
13344;12891;2
13345;12891;4
13350;12893;4
13351;12894;2
13352;12894;4
13355;12895;1
13354;12895;2
13353;12895;6
13356;12896;4
13359;12897;2
13360;12897;4
13358;12897;9
13357;12897;21
13367;12900;1
13366;12900;6
13365;12900;9
13369;12901;4
13368;12901;9
13370;12902;4
13372;12903;1
13371;12903;6
13375;12906;1
13374;12906;6
13373;12906;9
13380;12908;4
13379;12908;9
13381;12909;4
13383;12912;4
13382;12912;9
13384;12913;4
13388;12918;1
13390;12918;2
13391;12918;4
13389;12918;36
13392;12919;4
13393;12922;4
13397;12925;1
13395;12925;4
13396;12925;9
13398;12925;36
13394;12925;41
13402;12930;4
13401;12930;10
13406;12933;4
13405;12933;9
13407;12934;2
280;13009;4
13413;13022;1
13414;13022;4
13415;13027;4
281;13043;1
283;13043;2
284;13043;4
282;13043;7
13422;13048;1
13425;13048;4
13424;13048;7
13423;13048;8
13426;13049;1
13428;13049;4
13427;13049;6
13430;13053;4
13429;13053;6
13432;13054;2
13431;13054;8
285;13058;4
13435;13063;1
13434;13063;4
13436;13064;4
13437;13069;1
13438;13069;4
13439;13070;2
13440;13070;4
13441;13081;4
13442;13082;4
13443;13101;1
13444;13101;4
13445;13103;4
13446;13120;4
13447;13126;4
13448;13127;3
13449;13127;4
13450;13132;4
13451;13141;1
13453;13141;4
13452;13141;6
13455;13155;4
13454;13155;10
13456;13197;1
13457;13197;2
13458;13197;4
13459;13208;1
13460;13208;4
13461;13233;4
13463;13236;4
13464;13301;4
13465;13306;4
288;13393;2
290;13393;4
287;13393;7
286;13393;9
289;13393;17
13471;13442;4
291;13473;4
13473;13474;2
13474;13474;4
13475;13475;4
13476;13476;4
13477;13477;4
13478;13479;4
13479;13481;1
13480;13481;4
13481;13483;4
13482;13484;4
13483;13486;4
13484;13487;4
13485;13488;4
13486;13489;4
13487;13491;4
13488;13492;4
13489;13499;4
292;13521;4
13512;13610;1
13511;13610;2
13510;13610;11
13509;13610;12
13538;13632;1
13536;13632;4
13537;13632;11
13540;13634;1
13539;13634;11
13551;13640;4
13550;13640;12
13576;13656;1
13574;13656;6
13575;13656;11
13605;13683;1
13603;13683;4
13604;13683;6
13602;13683;12
13610;13688;1
13609;13688;6
13633;13703;1
13632;13703;2
13631;13703;6
13630;13703;15
13638;13710;1
13640;13710;4
13639;13710;6
13637;13710;10
13646;13714;1
13645;13714;2
13644;13714;6
13643;13714;12
13653;13720;2
13652;13720;12
13659;13722;2
13658;13722;11
13657;13722;12
294;13785;1
295;13785;4
13677;13786;1
13678;13786;2
13679;13786;4
13676;13786;10
13680;13787;4
13681;13791;1
13682;13791;2
13683;13791;4
13684;13793;1
13685;13793;2
13686;13793;4
13687;13794;2
13688;13794;4
13689;13795;4
13690;13796;4
13691;13797;4
13692;13798;4
13693;13799;4
13694;13800;1
13695;13800;2
13696;13800;4
13697;13801;4
13698;13803;1
13699;13803;4
13700;13804;4
13701;13806;2
13702;13806;4
13704;13808;2
13705;13808;4
13706;13809;4
13707;13811;4
13708;13816;4
305;13818;4
13710;13821;2
13711;13821;4
13712;13825;4
13713;13826;1
13714;13826;2
13715;13826;4
13716;13828;1
13717;13828;4
13718;13831;4
13719;13832;4
13722;13835;2
13723;13836;2
13724;13838;2
13725;13838;4
13726;13842;4
13727;13845;2
13728;13845;5
13729;13846;4
13730;13848;4
13731;13849;4
13739;13873;1
13740;13873;2
13741;13873;4
13746;13902;4
13747;13903;4
13749;13906;1
13748;13906;6
13750;13909;4
302;13990;1
304;13990;4
303;13990;5
13757;14000;4
13758;14001;4
13759;14002;2
13760;14002;4
13761;14003;1
13762;14003;4
13763;14007;4
13764;14010;4
13765;14015;2
13766;14015;4
13767;14016;4
13768;14018;4
13771;14020;4
13772;14026;2
13773;14026;4
13775;14029;3
13777;14029;4
13776;14029;8
13774;14029;10
13780;14065;4
13781;14070;4
13782;14071;1
13783;14071;4
13784;14072;4
13785;14073;1
13787;14073;4
13786;14073;8
13788;14074;1
13790;14074;2
13791;14074;4
13789;14074;5
13794;14077;2
13795;14077;4
13799;14081;4
13801;14082;1
13802;14082;4
13800;14082;51
13803;14083;1
13804;14083;4
13810;14085;1
13809;14085;2
13807;14085;4
13808;14085;6
13811;14086;2
13812;14086;4
13813;14089;1
13814;14089;4
13823;14093;4
13822;14093;8
13824;14094;1
13825;14094;4
13828;14097;1
13830;14097;4
13829;14097;5
13831;14098;1
13833;14098;4
13832;14098;8
13834;14100;1
13836;14100;4
13835;14100;8
13838;14101;1
13837;14101;6
13846;14104;4
13848;14105;2
13849;14105;4
13847;14105;8
13850;14106;4
13851;14107;4
13852;14110;4
13853;14112;4
13856;14113;4
13855;14113;6
13854;14113;8
13857;14117;1
13860;14117;4
13859;14117;6
13858;14117;8
13861;14119;1
13862;14119;4
13863;14120;4
13864;14121;4
13865;14122;4
13868;14123;1
13866;14123;4
13867;14123;6
13869;14124;4
13870;14125;1
13872;14125;4
13871;14125;8
13876;14126;1
13875;14126;6
13874;14126;9
13873;14126;20
13879;14128;1
13877;14128;4
13878;14128;6
13881;14132;1
13880;14132;6
13883;14133;1
13882;14133;6
13884;14134;1
13886;14134;4
13885;14134;8
13887;14137;4
13888;14139;4
13889;14140;4
13891;14141;4
13890;14141;8
13893;14142;1
13892;14142;6
13894;14144;3
13895;14144;4
13897;14145;4
13896;14145;8
13898;14146;2
13899;14146;4
13900;14148;4
13901;14151;1
13902;14151;4
13903;14152;1
13905;14152;2
13906;14152;4
13904;14152;8
13911;14158;1
13910;14158;6
13912;14160;1
13913;14160;2
13914;14160;4
13915;14163;4
13919;14165;1
13918;14165;6
13920;14166;4
13925;14168;4
13928;14169;1
13926;14169;4
13927;14169;6
13934;14174;4
13937;14177;4
13938;14178;4
13939;14179;1
13941;14179;4
13940;14179;6
13942;14181;4
13943;14182;4
13945;14185;2
13946;14185;4
13944;14185;6
13951;14188;1
13950;14188;6
13954;14189;1
13953;14189;2
13952;14189;6
13955;14190;1
13957;14190;4
13956;14190;6
13960;14197;4
13961;14198;2
13962;14198;4
13966;14206;4
13968;14207;1
13967;14207;10
13973;14211;1
13974;14212;4
13977;14215;1
13976;14215;2
13975;14215;10
13978;14216;4
13981;14217;2
13982;14217;4
13980;14217;6
13979;14217;10
13984;14218;1
13985;14218;4
13983;14218;10
13986;14219;4
13987;14222;1
310;14326;1
311;14326;4
13994;14332;1
13995;14332;2
13996;14332;4
13997;14333;4
13998;14334;1
13999;14334;4
14000;14335;4
14001;14338;3
14002;14338;4
14003;14339;4
14004;14342;2
14005;14342;4
14006;14343;4
14007;14346;4
14008;14347;2
14009;14347;4
14010;14348;4
14011;14349;4
14013;14350;1
14014;14350;4
14012;14350;10
14015;14357;1
14016;14357;2
14017;14357;4
14018;14360;4
14019;14363;4
14020;14364;1
14021;14364;4
14023;14369;1
14024;14369;4
14022;14369;10
313;14398;2
314;14398;4
312;14398;9
14028;14399;4
14031;14401;1
14032;14401;4
14039;14405;1
14038;14405;9
14040;14406;1
14041;14406;4
14042;14407;1
14043;14407;4
14044;14408;4
14045;14410;1
14046;14410;4
14047;14411;4
14049;14413;4
14053;14415;1
14054;14415;4
14055;14416;1
14056;14416;4
14057;14417;1
14058;14417;4
14059;14418;4
14062;14419;1
14061;14419;6
14060;14419;9
14065;14420;1
14064;14420;6
14063;14420;9
14067;14421;1
14066;14421;6
14068;14422;1
14069;14422;4
14070;14423;4
14073;14424;1
14072;14424;6
14071;14424;9
14075;14425;4
14074;14425;9
14076;14426;2
14077;14426;4
14078;14427;1
14079;14427;4
14082;14428;1
14081;14428;6
14080;14428;9
14087;14430;1
14084;14430;2
14086;14430;6
14088;14430;7
14085;14430;9
14089;14431;2
14090;14431;4
14093;14433;1
14092;14433;6
14095;14434;1
14094;14434;6
14098;14435;1
14097;14435;2
14096;14435;6
14099;14436;1
14101;14436;4
14100;14436;25
14104;14438;4
14105;14442;1
14107;14442;4
14106;14442;6
14108;14445;1
14109;14446;2
14110;14446;4
14111;14447;4
14112;14448;1
14113;14448;2
14114;14448;4
14115;14449;2
14116;14449;4
14119;14450;1
14118;14450;2
14117;14450;4
14120;14451;4
14121;14452;4
14122;14453;4
14123;14454;4
14127;14455;1
14124;14455;2
14125;14455;4
14128;14455;8
14126;14455;9
14129;14456;4
14130;14457;1
14131;14457;4
14132;14458;4
14133;14459;2
14134;14459;4
14135;14460;2
14136;14460;4
14137;14461;4
14138;14462;1
14139;14462;4
14140;14463;1
14141;14463;2
14142;14463;4
14143;14464;2
14144;14464;4
14145;14465;2
14146;14465;4
14147;14466;4
14148;14467;1
14149;14467;4
14150;14468;1
14151;14468;4
14152;14469;1
14153;14469;4
14154;14470;1
14155;14470;2
14156;14470;4
14160;14471;1
14159;14471;2
14157;14471;4
14158;14471;6
14161;14472;4
14162;14473;4
14164;14474;1
14163;14474;6
14165;14475;4
14166;14476;4
14167;14482;1
14168;14482;2
14169;14482;4
14170;14491;4
321;14495;1
322;14495;2
14174;14496;1
14173;14496;2
14176;14498;1
14175;14498;6
14177;14500;1
14178;14501;1
14180;14502;1
14179;14502;6
14181;14503;1
14182;14504;1
14184;14506;1
14183;14506;2
14186;14508;1
14185;14508;2
14187;14509;1
14189;14510;1
14188;14510;2
14190;14511;1
14192;14514;1
14191;14514;2
14194;14515;1
14193;14515;2
14195;14516;1
14196;14517;1
14198;14519;1
14197;14519;2
14199;14520;1
14206;14523;1
14205;14523;15
14207;14524;1
14210;14525;1
14209;14525;2
14208;14525;6
14211;14526;1
14213;14527;1
14212;14527;2
14215;14528;1
14214;14528;2
14216;14529;1
14218;14530;1
14217;14530;9
14220;14532;1
14219;14532;2
14222;14533;1
14221;14533;2
14224;14534;1
14223;14534;6
14225;14535;1
1248;14537;1
1250;14537;2
1251;14537;6
1249;14537;35
14231;14540;1
14230;14540;2
14233;14541;1
14232;14541;2
14234;14542;1
14236;14543;1
14235;14543;6
14237;14544;1
14240;14546;1
14242;14548;1
14245;14552;1
14247;14553;1
14246;14553;2
14248;14554;1
14251;14555;1
14250;14555;2
14249;14555;25
14253;14556;1
14252;14556;2
14255;14559;1
14254;14559;2
14257;14560;1
14256;14560;2
14259;14561;1
14258;14561;2
14264;14562;1
14262;14562;2
14260;14562;10
14261;14562;18
14263;14562;19
14266;14563;1
14265;14563;6
14269;14567;1
14267;14567;10
14268;14567;35
14270;14569;1
14271;14571;1
14273;14572;1
14272;14572;6
14276;14573;1
14275;14573;2
14274;14573;8
14279;14574;1
14278;14574;2
14277;14574;9
14282;14576;1
14281;14576;2
14284;14577;1
14283;14577;2
14288;14580;1
14287;14580;6
778;14583;1
780;14583;6
779;14583;9
14296;14585;1
14298;14588;1
14297;14588;6
14303;14590;1
14302;14590;6
14301;14590;35
14305;14591;1
14304;14591;6
14308;14593;1
14307;14593;6
14310;14594;1
14309;14594;6
14320;14600;1
14319;14600;6
14326;14603;1
14325;14603;28
14327;14604;1
14328;14604;4
14330;14606;1
14329;14606;6
14332;14607;1
14331;14607;6
14336;14610;1
14335;14610;6
14339;14611;1
14338;14611;6
14337;14611;9
14341;14612;1
14340;14612;6
1201;14613;1
1202;14613;6
14347;14615;1
14346;14615;6
14351;14618;1
14350;14618;6
14354;14619;1
14353;14619;6
14352;14619;15
14356;14620;1
14355;14620;6
14359;14621;1
14358;14621;6
14357;14621;10
14362;14622;1
14361;14622;2
14360;14622;6
14364;14623;1
14363;14623;6
14366;14624;1
14365;14624;6
14369;14625;1
14368;14625;2
14367;14625;6
14374;14630;1
14373;14630;6
14372;14630;9
14371;14630;15
14377;14631;1
14376;14631;6
14375;14631;10
14379;14632;1
14378;14632;6
14381;14633;1
14380;14633;6
14382;14634;4
14385;14636;1
14384;14636;2
14383;14636;4
14389;14638;1
14388;14638;6
14394;14642;1
14400;14647;1
14399;14647;6
14398;14647;10
14403;14650;1
14402;14650;6
14401;14650;10
14414;14676;1
14415;14676;4
14416;14677;2
14417;14677;4
14418;14678;2
14419;14678;4
14420;14679;4
14421;14680;4
14422;14681;1
14423;14681;2
14424;14681;4
1285;14682;1
14426;14683;2
14427;14683;4
14428;14684;1
14429;14684;4
14432;14685;1
14431;14685;4
14430;14685;9
14433;14686;4
14434;14687;1
14435;14687;2
14436;14687;4
14437;14688;4
14438;14689;4
14440;14690;2
14439;14690;12
14441;14691;2
14442;14691;4
14443;14692;4
14444;14693;1
14446;14693;4
14445;14693;8
14447;14694;4
14448;14695;2
14449;14695;4
14450;14696;4
14451;14697;1
14452;14697;2
14453;14697;4
14454;14698;4
14455;14699;2
14456;14699;4
14457;14700;1
14458;14700;4
14459;14701;4
14460;14702;4
14461;14703;4
14462;14704;1
14463;14704;4
14464;14706;4
14465;14708;1
14466;14708;4
14467;14709;4
14468;14710;4
14469;14711;4
14470;14712;4
14471;14713;2
14472;14713;4
14473;14715;1
14478;14719;4
14479;14720;4
14480;14724;2
14481;14724;4
14482;14725;4
14483;14726;3
14484;14726;4
14485;14727;1
14486;14727;2
14487;14727;4
14488;14728;1
14489;14728;2
14490;14728;4
14493;14730;4
14494;14731;4
14498;14733;1
14499;14733;4
14500;14734;4
14501;14735;4
14502;14736;1
14504;14736;2
14505;14736;4
14503;14736;8
14506;14737;4
1278;14738;1
1280;14738;2
1281;14738;4
1279;14738;9
14511;14739;4
14514;14743;4
14515;14744;4
14516;14746;4
14517;14747;4
14518;14748;4
14519;14749;4
14520;14750;4
14521;14751;4
14522;14752;4
14523;14753;4
14524;14755;4
14525;14758;4
14526;14759;4
14528;14760;1
14529;14760;4
14527;14760;10
14531;14761;1
14530;14761;6
14532;14762;4
14533;14763;4
14534;14764;4
14535;14765;1
14537;14765;4
14536;14765;6
14538;14767;1
14540;14767;4
14539;14767;6
14541;14769;4
14542;14770;4
14543;14771;4
14544;14772;1
14545;14772;4
14546;14773;1
14547;14773;4
14548;14777;1
14549;14777;4
14552;14778;1
14550;14778;4
14551;14778;6
14553;14781;4
14554;14782;4
14556;14783;2
14555;14783;8
14557;14784;4
14559;14785;1
14558;14785;10
1295;14786;1
324;14799;1
325;14799;4
14563;14801;1
14564;14801;2
14565;14801;4
14566;14802;2
14567;14802;4
14568;14803;4
14569;14805;4
14570;14806;4
14571;14808;4
14572;14809;4
14573;14811;2
14574;14811;4
14575;14812;1
14577;14812;2
14578;14812;4
14576;14812;67
14579;14813;4
14580;14814;2
14581;14814;4
14582;14816;4
14583;14817;1
14584;14817;2
14585;14817;4
14586;14818;2
14587;14818;4
14588;14819;4
14589;14820;2
14590;14820;4
14591;14821;4
14592;14822;4
14593;14823;1
14595;14823;2
14596;14823;4
14594;14823;6
14597;14826;4
14598;14832;2
14599;14832;4
14600;14836;4
14602;14837;1
14601;14837;6
14603;14838;4
14604;14839;4
14605;14840;4
14606;14841;4
14607;14842;1
14608;14842;2
14609;14842;4
14610;14843;1
14611;14843;2
14612;14843;4
14613;14844;4
14614;14845;4
14615;14846;1
14616;14846;4
14617;14847;4
14618;14849;1
14619;14849;4
14620;14850;4
14621;14851;1
14622;14851;4
14623;14852;4
14624;14853;1
14626;14853;2
14627;14853;4
14625;14853;6
14628;14856;4
14629;14857;4
14630;14858;4
14631;14859;4
14632;14862;1
14633;14862;4
14639;14866;2
14640;14866;4
14642;14868;1
14648;14891;4
14649;14892;4
14650;14893;2
14651;14896;2
14652;14896;4
14653;14897;4
14654;14898;4
14655;14899;2
14656;14899;4
14657;14900;1
14658;14900;4
14659;14901;2
14660;14901;4
14661;14902;4
14662;14903;4
14666;14905;4
14667;14906;4
14668;14907;1
14669;14907;2
14670;14907;4
14671;14910;4
14672;14912;4
14675;14915;1
14676;14915;4
14679;14916;1
14677;14916;4
14678;14916;6
14680;14917;1
14681;14917;2
14682;14917;4
14683;14918;4
14684;14919;4
14687;14922;4
14686;14922;18
14685;14922;19
14688;14923;4
14689;14924;1
14690;14924;4
14691;14925;4
14692;14927;1
14693;14927;4
14697;14928;1
14695;14928;4
14696;14928;6
14694;14928;8
14698;14930;1
14699;14930;4
14700;14931;4
14701;14932;4
14702;14933;4
14703;14934;4
14707;14936;4
14708;14937;4
14709;14938;1
14710;14938;4
14711;14939;1
14712;14939;4
14713;14940;1
14715;14940;4
14714;14940;6
14716;14941;4
14717;14942;1
14718;14942;2
14719;14942;4
14720;14944;4
14721;14945;4
14723;14958;4
14724;14960;2
14725;14960;4
14728;14961;1
14727;14961;4
14726;14961;14
14729;14963;4
14740;14968;1
14739;14968;2
14738;14968;6
14737;14968;9
14741;14969;4
14742;14970;1
14743;14970;4
14744;14971;4
14745;14972;4
14746;14973;4
14747;14975;1
14749;14975;4
14748;14975;9
14753;14978;4
14754;14979;4
14755;14981;1
14756;14981;4
14757;14982;1
14758;14982;4
14759;14983;1
14760;14983;4
14761;14985;4
14762;14986;1
14763;14986;4
14764;14987;4
14765;14991;4
14767;14993;1
14768;14993;4
14769;14994;4
14783;15000;1
14782;15000;9
14780;15000;10
14781;15000;14
14806;15012;1
14805;15012;6
14804;15012;10
14813;15023;1
14812;15023;4
336;15040;1
337;15040;2
338;15040;4
14817;15041;1
14818;15041;2
14819;15041;4
14820;15042;4
14821;15043;4
14822;15044;2
14823;15044;4
14824;15045;1
14825;15045;2
14826;15045;4
14827;15049;4
14828;15050;2
14829;15050;4
14830;15051;2
14831;15051;4
14832;15052;2
14833;15052;4
14834;15053;1
14836;15053;2
14837;15053;4
14835;15053;9
14838;15054;1
14839;15054;2
14840;15054;4
14841;15055;1
14842;15055;2
14843;15055;4
14848;15058;4
14849;15059;4
14851;15060;2
14852;15060;4
14850;15060;7
14853;15061;4
14854;15062;4
14855;15063;2
14856;15063;4
14857;15064;2
14858;15064;4
14859;15065;1
14860;15065;4
14861;15066;4
14862;15067;2
14863;15067;4
14864;15068;4
14865;15069;2
14866;15069;4
14871;15070;1
14867;15070;2
14868;15070;4
14870;15070;9
14869;15070;13
14875;15071;1
14874;15071;2
14873;15071;4
14872;15071;9
14877;15073;1
14878;15073;2
14879;15073;4
14876;15073;68
14880;15074;1
14881;15074;2
14882;15074;55
14883;15075;4
14884;15076;2
14885;15076;4
14886;15077;1
14887;15077;2
14888;15077;4
14889;15078;2
14890;15078;4
14891;15079;4
14892;15080;4
14895;15081;2
14896;15081;4
14893;15081;10
14894;15081;67
14897;15082;2
14898;15082;4
14900;15084;4
14901;15085;1
14902;15085;2
14903;15085;4
14904;15086;4
14905;15087;1
14906;15087;2
14907;15087;4
14908;15089;1
14909;15089;4
14910;15090;4
14911;15091;4
14915;15092;1
14914;15092;2
14913;15092;6
14912;15092;9
14916;15093;1
14917;15093;2
14918;15093;4
14919;15095;4
14920;15097;1
14921;15097;2
14922;15097;4
345;15121;4
344;15121;7
14925;15126;1
14926;15126;4
14929;15127;1
14928;15127;2
14927;15127;6
14930;15128;1
14931;15128;4
14932;15129;2
14933;15129;4
14935;15131;2
14936;15131;4
14934;15131;10
347;15139;4
346;15139;8
14941;15172;2
14942;15172;4
14945;15182;2
14946;15182;4
14944;15182;7
14943;15182;8
14947;15213;2
14948;15213;4
14949;15214;4
14951;15216;2
14952;15216;4
14950;15216;16
14953;15217;4
14954;15220;4
14955;15221;1
14956;15221;2
14957;15221;4
14958;15222;4
14959;15223;4
14960;15224;4
14961;15225;2
14962;15225;4
14963;15226;2
14964;15226;4
14967;15230;2
14968;15230;4
14969;15231;4
14970;15234;4
14971;15235;2
14972;15235;4
14973;15236;2
14974;15236;4
14975;15237;2
14976;15237;4
14979;15240;4
14980;15241;4
14981;15242;4
14983;15244;2
14984;15244;4
14982;15244;8
349;15246;1
350;15246;2
351;15246;4
14988;15247;1
14990;15247;2
14991;15247;4
14989;15247;9
14992;15250;2
14993;15250;4
14994;15252;4
14995;15254;2
14996;15254;4
15000;15256;1
14999;15256;6
15001;15260;2
15002;15260;4
15003;15262;4
15004;15269;4
15005;15274;4
15006;15275;1
15007;15275;4
15008;15289;1
15009;15289;2
15010;15289;4
15011;15290;4
15015;15291;1
15014;15291;2
15012;15291;4
15013;15291;6
15017;15293;1
15018;15293;2
15019;15293;4
15016;15293;16
15020;15294;4
15021;15295;4
15022;15296;4
15026;15298;1
15025;15298;2
15023;15298;4
15024;15298;6
15027;15300;1
15028;15300;4
15029;15301;4
15030;15302;2
15031;15302;4
15032;15304;4
15035;15308;1
15034;15308;2
15033;15308;6
15036;15309;4
15038;15313;1
15037;15313;6
15039;15314;2
15040;15314;4
15045;15316;1
15046;15316;2
15047;15316;4
15050;15317;1
15048;15317;4
15049;15317;6
15052;15320;2
15053;15332;1
15054;15332;4
15056;15335;4
15055;15335;8
15059;15337;4
15060;15338;2
15061;15338;4
15063;15339;2
15064;15339;4
15062;15339;8
15065;15341;1
15067;15341;2
15068;15341;4
15066;15341;8
15069;15342;4
15070;15343;1
15071;15343;4
15072;15345;1
15073;15345;4
15075;15346;4
15074;15346;8
15076;15347;4
15077;15352;4
15079;15353;4
15078;15353;8
15080;15354;4
15081;15355;2
15082;15355;4
15086;15362;2
354;15386;2
355;15386;4
353;15386;9
15101;15395;1
15103;15395;4
15102;15395;9
15100;15395;10
15104;15396;1
15106;15396;2
15107;15396;4
15105;15396;9
15123;15402;1
15125;15402;2
15126;15402;4
15124;15402;9
15127;15403;1
15129;15403;2
15130;15403;4
15128;15403;9
363;15407;1
364;15407;2
365;15407;4
15136;15409;4
555;15410;1
557;15410;4
556;15410;6
15140;15411;4
15141;15414;4
15142;15415;4
15143;15416;4
15144;15418;4
15145;15420;4
15146;15421;4
15147;15424;1
15149;15424;4
15148;15424;8
15150;15426;4
15153;15429;4
15156;15451;2
15157;15451;4
15158;15452;2
15159;15452;4
15160;15454;1
15161;15454;4
15162;15456;4
15164;15457;4
15163;15457;8
15165;15458;4
15166;15459;4
15167;15460;2
15168;15460;4
15169;15461;2
15170;15461;4
15171;15462;4
15172;15464;1
15174;15464;4
15173;15464;8
15175;15465;4
15176;15466;2
15177;15466;4
15178;15467;4
15179;15468;4
15180;15470;1
15181;15470;2
15182;15470;4
15183;15472;4
15185;15473;4
15184;15473;8
15187;15474;4
15186;15474;8
15188;15476;4
15189;15481;4
15190;15483;4
15191;15484;4
15195;15494;2
15196;15494;4
15198;15496;1
15197;15496;6
15202;15508;4
15203;15510;4
15204;15511;1
15205;15511;2
15206;15511;4
15207;15512;4
15208;15513;1
15210;15513;4
15209;15513;8
15211;15515;4
15213;15516;4
15212;15516;8
15214;15520;4
15215;15521;4
15216;15522;4
15217;15523;1
15218;15523;4
15219;15525;4
15220;15526;4
15221;15527;4
15222;15528;4
15223;15529;4
15224;15531;4
15225;15532;1
15226;15532;2
15227;15532;4
15228;15533;4
15229;15534;4
15230;15535;4
15231;15536;4
15232;15537;4
15233;15539;4
15234;15540;4
15235;15541;1
15236;15541;4
15237;15542;4
15238;15543;4
15239;15544;4
15240;15545;4
15241;15546;2
15242;15546;4
15243;15547;4
15244;15548;4
15245;15549;4
15247;15550;2
15248;15550;4
15246;15550;10
15249;15552;2
15250;15552;4
15251;15553;4
15253;15555;1
15254;15555;4
15255;15556;1
15256;15556;4
15258;15562;1
15259;15562;4
15257;15562;10
15260;15563;4
15263;15566;1
15266;15572;1
15276;15580;1
15275;15580;21
15279;15582;1
15278;15582;2
15277;15582;36
15283;15592;1
15282;15592;8
15281;15592;15
15285;15593;1
15284;15593;2
15291;15596;1
15290;15596;2
15289;15596;6
15300;15604;1
15299;15604;6
15298;15604;8
15307;15609;1
15306;15609;6
15305;15609;7
15304;15609;8
15312;15616;1
15311;15616;2
15310;15616;6
15316;15618;1
15315;15618;6
15320;15619;1
15319;15619;2
15318;15619;6
15317;15619;7
15324;15620;1
15323;15620;2
15322;15620;6
15321;15620;15
15336;15628;1
15335;15628;2
15334;15628;6
15339;15629;1
15338;15629;6
15337;15629;8
15342;15630;1
15341;15630;6
15340;15630;8
15345;15631;1
15344;15631;2
15343;15631;6
15350;15633;1
15349;15633;2
15347;15633;6
15348;15633;36
15352;15634;2
15351;15634;25
15354;15635;1
15353;15635;6
15358;15639;1
15357;15639;6
15359;15641;2
15361;15643;2
15370;15648;1
15371;15649;2
15374;15650;1
15373;15650;2
15372;15650;6
15378;15652;1
15383;15654;1
15382;15654;2
15381;15654;6
15385;15655;1
15384;15655;6
15387;15656;1
15386;15656;2
15390;15657;1
15389;15657;2
15388;15657;21
863;15660;1
865;15660;2
866;15660;6
864;15660;9
15395;15662;1
15400;15664;1
15399;15664;6
15398;15664;15
15403;15665;1
15402;15665;2
15401;15665;6
15408;15666;1
15405;15666;2
15407;15666;6
15406;15666;9
15404;15666;10
15411;15667;1
15410;15667;2
15409;15667;8
15412;15668;1
15413;15669;1
15415;15670;1
15414;15670;6
15419;15673;1
15418;15673;2
15417;15673;8
15416;15673;23
15448;15717;1
15447;15717;2
15446;15717;8
15458;15731;1
15455;15731;5
15457;15731;6
15456;15731;8
15480;15749;1
15479;15749;6
15478;15749;32
15506;15780;1
15508;15780;4
15507;15780;8
15527;15793;2
15528;15793;4
15526;15793;8
15531;15794;1
15530;15794;6
15529;15794;8
1043;15800;1
1044;15800;3
1045;15800;6
15573;15834;1
15572;15834;8
15584;15848;1
15583;15848;6
15585;15851;1
15587;15858;2
15588;15858;4
15586;15858;8
15590;15859;2
15589;15859;8
15597;15863;1
15596;15863;7
15595;15863;8
15606;15877;1
15605;15877;8
15611;15882;1
15607;15882;2
15608;15882;4
15610;15882;6
15609;15882;9
15613;15883;1
15612;15883;8
15619;15895;1
15621;15896;1
15620;15896;8
15624;15897;1
15623;15897;6
15622;15897;8
15627;15901;1
15626;15901;8
15630;15903;1
15629;15903;8
15628;15903;10
15638;15910;1
15636;15910;4
15637;15910;6
15639;15910;8
15635;15910;10
15646;15933;2
15647;15933;4
15651;15936;1
15653;15936;4
15652;15936;8
15654;15941;1
15656;15941;2
15657;15941;4
15655;15941;8
15662;15950;1
15660;15950;4
15661;15950;6
15659;15950;8
15666;15965;2
15665;15965;8
15669;16039;4
15676;16079;1
15674;16079;3
15675;16079;6
15680;16083;1
15679;16083;3
15690;16092;4
15691;16096;2
15692;16096;16
1011;16101;2
15703;16142;1
15702;16142;2
15701;16142;8
15712;16157;1
15711;16157;8
15714;16158;1
15713;16158;8
15716;16160;1
15715;16160;2
15725;16170;1
15724;16170;8
15734;16184;1
15733;16184;6
15737;16193;1
15736;16193;6
15740;16194;1
15739;16194;6
15738;16194;16
15743;16195;1
15742;16195;6
15741;16195;14
15744;16197;2
15752;16206;1
15751;16206;2
15750;16206;6
15754;16208;1
15753;16208;6
15755;16209;2
15757;16212;1
15756;16212;6
15761;16215;1
15760;16215;6
15764;16219;1
15763;16219;2
15762;16219;6
15765;16223;1
15767;16231;1
15766;16231;2
15774;16257;1
15773;16257;6
15772;16257;8
15782;16264;1
15781;16264;6
15780;16264;8
15801;16288;1
15800;16288;6
15799;16288;37
15818;16305;1
15837;16369;1
15836;16369;2
15835;16369;8
15842;16374;1
15841;16374;2
15840;16374;39
15852;16378;1
15851;16378;2
15849;16378;5
15850;16378;6
15858;16380;2
15865;16387;1
15864;16387;2
1367;16389;1
1368;16389;6
15871;16394;1
15870;16394;2
15869;16394;6
15868;16394;8
15877;16398;1
15876;16398;6
15892;16405;2
15891;16405;41
15894;16406;1
15893;16406;6
15896;16407;1
15895;16407;6
15907;16418;1
15906;16418;6
15910;16420;1
15909;16420;2
15908;16420;6
15921;16424;1
15918;16424;5
15920;16424;6
15919;16424;8
15932;16436;1
15931;16436;6
15949;16449;1
15947;16449;39
15948;16449;41
15987;16502;1
15986;16502;8
15993;16511;2
15992;16511;8
15996;16513;1
15995;16513;8
16004;16519;1
16008;16524;1
16007;16524;2
16010;16528;2
16013;16529;1
16012;16529;2
16011;16529;9
16017;16533;2
16016;16533;8
16020;16534;1
16018;16534;15
16019;16534;36
16022;16535;1
16021;16535;2
16032;16548;1
16031;16548;6
16030;16548;9
16038;16552;1
16037;16552;6
16036;16552;9
16035;16552;21
16039;16553;1
16040;16553;4
16045;16564;1
16044;16564;6
16043;16564;8
16049;16565;1
16048;16565;2
16047;16565;6
16046;16565;8
16051;16568;1
16050;16568;6
1293;16585;1
1294;16585;2
16084;16590;1
16083;16590;14
16092;16599;1
16091;16599;2
16102;16619;1
16101;16619;2
16104;16620;1
16103;16620;8
16112;16627;1
16111;16627;8
16125;16635;1
16124;16635;6
16123;16635;8
16127;16636;1
16126;16636;6
16133;16641;1
16131;16641;4
16132;16641;6
16136;16642;1
16135;16642;6
16134;16642;8
16138;16643;1
16137;16643;8
16143;16648;1
16142;16648;6
16141;16648;8
16147;16651;1
16146;16651;6
16145;16651;9
16150;16652;1
16149;16652;6
16148;16652;8
16152;16653;1
16151;16653;6
16156;16655;1
16155;16655;6
16159;16656;1
16158;16656;6
16157;16656;8
16162;16658;1
16161;16658;6
16160;16658;8
16164;16659;1
16163;16659;6
16166;16661;1
16165;16661;6
16169;16662;1
16168;16662;2
16167;16662;6
16174;16664;1
16173;16664;6
16177;16665;1
16176;16665;2
16175;16665;6
16180;16667;1
16179;16667;2
16178;16667;6
16186;16669;1
16185;16669;2
16184;16669;6
16194;16673;1
16191;16673;4
16193;16673;6
16192;16673;9
16190;16673;10
16202;16676;1
16201;16676;6
16200;16676;9
16199;16676;10
16203;16677;1
16204;16679;1
990;16722;1
16235;16729;1
16234;16729;8
16244;16748;1
16243;16748;6
16242;16748;8
16257;16760;1
16256;16760;6
16259;16763;2
16266;16765;1
16263;16765;5
16265;16765;6
16264;16765;8
16290;16794;1
16289;16794;6
16295;16798;1
16294;16798;2
16292;16798;5
16293;16798;6
16315;16818;1
16318;16819;1
16316;16819;5
16317;16819;6
16325;16825;1
16324;16825;2
16323;16825;6
16328;16828;1
16327;16828;2
16326;16828;6
16340;16849;1
16339;16849;2
16338;16849;8
16343;16859;1
16342;16859;6
16341;16859;8
16353;16883;1
16352;16883;2
1052;16891;1
1053;16891;5
16367;16895;1
16366;16895;8
16374;16900;1
16381;16905;1
16380;16905;6
16379;16905;8
16388;16909;1
16387;16909;6
16386;16909;8
390;16936;1
392;16936;4
391;16936;6
16413;16944;1
16412;16944;6
16464;16994;1
16463;16994;2
16462;16994;6
16472;16997;1
16471;16997;2
16470;16997;6
16469;16997;10
1143;17006;1
1144;17006;6
16484;17010;1
16483;17010;6
16487;17011;1
16486;17011;2
16485;17011;6
16489;17012;1
16488;17012;6
16492;17013;1
16491;17013;2
16490;17013;6
16496;17014;1
16495;17014;2
16494;17014;6
16493;17014;8
16504;17018;1
16503;17018;6
16507;17020;1
16506;17020;6
16505;17020;8
16510;17021;1
16509;17021;2
16508;17021;6
16512;17023;1
16511;17023;6
1145;17024;1
1146;17024;6
16517;17025;1
16516;17025;6
16515;17025;9
16521;17026;1
16520;17026;2
16519;17026;6
16518;17026;9
16523;17027;1
16522;17027;6
16529;17030;1
16528;17030;6
16527;17030;10
16539;17034;1
16538;17034;2
16537;17034;6
16558;17073;1
16572;17091;1
16571;17091;2
1050;17094;1
1051;17094;2
16585;17099;1
16584;17099;6
16583;17099;92
16593;17106;1
16598;17116;1
16597;17116;6
16601;17119;1
16600;17119;2
16599;17119;6
16603;17120;1
16602;17120;6
16614;17126;1
16613;17126;6
16623;17133;1
16622;17133;6
16621;17133;8
16647;17148;1
16646;17148;2
16645;17148;6
16657;17152;1
16656;17152;6
16664;17154;1
16661;17154;15
16663;17154;36
16662;17154;42
16666;17155;1
16665;17155;6
16672;17157;1
16671;17157;2
16670;17157;6
16674;17160;1
16676;17161;2
16677;17161;4
16675;17161;8
16679;17162;1
16678;17162;6
16684;17167;1
16683;17167;6
16688;17168;1
16687;17168;6
16686;17168;8
16685;17168;30
16708;17198;1
16707;17198;6
16716;17211;1
16715;17211;2
16714;17211;6
16713;17211;8
16748;17364;1
16746;17364;3
16747;17364;52
16749;17365;1
16752;17367;2
16754;17368;1
16753;17368;8
16790;17402;1
16789;17402;8
1073;17406;1
1076;17407;1
16800;17410;1
16805;17413;1
16804;17413;8
16814;17419;1
16812;17419;3
16813;17419;6
16817;17420;1
16815;17420;3
16816;17420;6
16820;17421;1
16819;17421;6
16818;17421;9
16825;17423;1
16824;17423;6
16834;17430;1
16835;17430;2
16836;17430;4
16843;17436;1
16842;17436;6
16853;17474;1
16852;17474;6
16856;17476;2
16854;17476;3
16855;17476;8
408;17535;1
409;17535;8
410;17551;4
16871;17552;2
16872;17552;4
16873;17553;4
16874;17554;4
16875;17555;1
16876;17555;2
16877;17555;4
16878;17556;4
16879;17558;4
16880;17559;4
16881;17560;1
16882;17560;2
16883;17560;4
412;17569;2
413;17569;4
411;17569;9
16891;17575;4
16889;17575;8
16890;17575;9
16892;17578;4
16894;17582;1
16895;17582;4
16893;17582;21
16896;17596;4
16897;17597;4
16898;17598;2
16899;17598;4
16900;17599;4
16901;17600;4
16902;17601;4
16903;17603;1
16904;17603;4
16905;17604;2
16906;17604;4
16907;17606;4
16908;17607;4
16909;17608;4
16910;17611;4
16911;17613;4
16912;17620;4
415;17655;4
16915;17658;4
16916;17659;4
16917;17660;4
16918;17663;4
16919;17665;4
16920;17667;4
16921;17669;1
16922;17669;4
16923;17673;4
16924;17684;4
16925;17690;4
16926;17691;4
16927;17693;4
16928;17694;4
16929;17700;1
16930;17700;4
16931;17709;4
16932;17718;1
16933;17718;2
16934;17718;4
16935;17723;1
16937;17723;4
16936;17723;8
16940;17725;1
16939;17725;4
16938;17725;8
16941;17727;4
16942;17731;4
416;17743;2
417;17743;4
16945;17744;4
16946;17745;4
16948;17746;2
16949;17746;4
16947;17746;9
16950;17747;4
16951;17748;4
16952;17749;4
16953;17751;2
16954;17751;4
16955;17752;1
16957;17752;4
16956;17752;8
16958;17753;4
16959;17755;1
16960;17755;4
16961;17760;1
16963;17760;4
16962;17760;6
16964;17784;4
16965;17811;2
16966;17811;4
16967;17812;4
16968;17813;1
16969;17813;4
16970;17814;4
16972;17815;4
16971;17815;5
16973;17816;4
16976;17819;2
16977;17819;4
16978;17820;4
16979;17821;4
16980;17822;1
16981;17822;2
16982;17822;4
16987;17824;4
16988;17825;1
16989;17825;4
16990;17826;4
16991;17827;4
16992;17828;2
16993;17828;4
16994;17829;4
16995;17830;1
16996;17830;2
16997;17830;4
16998;17831;4
17001;17832;1
17000;17832;2
16999;17832;25
17002;17833;2
17003;17833;4
17004;17834;4
17005;17835;4
17006;17836;1
17007;17836;4
17008;17837;4
17009;17838;1
17010;17838;2
17011;17838;4
17013;17839;1
17012;17839;4
17016;17839;5
17015;17839;6
17014;17839;9
17017;17840;2
17018;17840;4
17019;17841;4
17020;17842;4
17021;17843;4
17024;17845;4
17025;17846;4
17027;17847;4
17026;17847;5
17028;17848;4
17029;17849;2
17030;17849;4
17031;17850;4
17032;17851;4
17033;17852;4
17034;17853;1
17035;17853;4
17036;17854;2
17037;17854;4
17038;17855;4
17039;17856;4
17040;17857;4
17041;17858;2
17042;17858;4
17043;17859;2
17044;17859;4
17049;17862;4
17050;17863;1
17051;17863;4
17052;17864;2
17053;17864;4
17054;17865;1
17055;17865;4
17056;17866;2
17057;17866;4
17058;17867;4
17059;17868;4
17060;17869;1
17061;17869;4
17062;17870;4
17063;17871;1
17064;17871;2
17065;17871;4
17066;17872;4
17067;17873;2
17068;17873;4
17069;17874;4
17070;17875;4
17071;17876;4
17072;17877;2
17073;17877;4
17074;17878;1
17075;17878;4
17076;17879;4
17077;17880;1
17078;17880;2
17079;17880;4
17080;17881;2
17081;17881;4
17082;17884;1
17084;17884;4
17083;17884;8
17085;17885;1
17086;17885;2
17087;17885;4
17088;17886;2
17089;17886;4
17090;17887;4
17091;17888;4
17092;17889;1
17094;17889;2
17095;17889;4
17093;17889;6
17096;17890;1
17098;17890;2
17099;17890;4
17097;17890;8
17100;17891;1
17101;17891;4
17102;17892;4
17103;17894;1
17104;17894;2
17105;17894;4
17106;17895;4
17108;17897;2
17109;17897;4
17107;17897;8
17110;17902;4
17111;17903;4
17112;17904;4
17114;17905;1
17113;17905;2
17115;17906;4
17116;17907;4
17117;17908;2
17118;17908;4
17119;17961;4
17120;17962;4
426;17969;4
17122;17976;2
17123;17976;4
17127;17978;4
17128;17979;1
17129;17979;2
17130;17979;4
17131;17980;4
17132;17981;4
17133;17982;4
17134;17983;2
17135;17983;4
17137;17984;2
17138;17984;4
17136;17984;7
17139;17985;4
17145;17987;4
17144;17987;7
17146;17988;4
17147;17992;4
17148;17993;4
17149;17994;1
17150;17994;2
17151;17994;4
17152;17995;1
17153;17995;4
17154;17996;1
17155;17996;2
17156;17996;4
17157;17997;4
17158;17998;4
17159;17999;4
17160;18001;1
17161;18001;2
17162;18001;4
17163;18002;4
17164;18004;2
17165;18004;4
17166;18005;4
17167;18006;4
17168;18007;4
17173;18012;1
17170;18012;2
17171;18012;4
17172;18012;6
17169;18012;10
427;18018;2
428;18018;4
17176;18028;1
17178;18028;4
17177;18028;8
17179;18033;1
17181;18033;4
17180;18033;6
17182;18039;4
17188;18044;1
17189;18044;2
17190;18044;4
17192;18048;1
17193;18048;2
17194;18048;4
17195;18052;4
429;18087;4
17197;18089;1
17198;18089;4
17199;18091;4
17200;18092;4
17201;18096;1
17202;18096;4
17203;18097;4
17204;18098;4
17205;18100;1
17206;18100;4
17207;18101;4
17208;18102;1
17209;18102;4
17210;18103;4
17211;18104;4
17212;18105;4
17213;18106;4
17214;18107;4
17215;18110;4
17216;18112;1
17217;18112;2
17218;18112;4
17219;18113;4
17220;18114;4
17221;18115;1
17222;18115;4
17223;18116;4
17225;18119;4
17226;18129;4
17227;18130;4
17228;18131;4
17229;18132;4
17230;18133;4
17231;18136;4
17232;18138;4
17233;18144;2
17234;18144;4
17235;18146;4
17236;18147;4
17237;18148;4
17238;18152;4
17239;18155;1
17240;18155;4
17242;18160;4
17241;18160;10
17246;18219;4
17247;18272;4
17248;18273;4
430;18293;4
17250;18294;4
17251;18297;4
17252;18298;4
17253;18299;4
17254;18301;4
431;18332;4
17256;18349;2
17257;18350;4
17258;18351;1
17259;18351;2
17260;18351;4
17261;18353;4
17262;18355;4
433;18374;4
432;18374;8
17273;18394;4
435;18439;4
434;18439;8
17276;18445;4
436;18480;4
17278;18484;4
17283;18488;2
17284;18488;4
17282;18488;8
17285;18490;2
17288;18492;4
17286;18492;68
17287;18492;94
437;18511;4
17290;18514;4
17291;18516;4
17293;18517;4
17292;18517;5
17294;18519;4
17295;18520;4
17296;18521;4
17297;18522;4
17298;18523;4
17299;18525;4
17301;18529;4
17300;18529;63
17302;18530;4
17303;18531;4
17304;18533;2
17305;18533;4
17306;18534;1
17308;18534;4
17307;18534;6
17309;18536;1
17310;18536;4
17311;18542;3
17312;18542;4
17313;18543;4
17314;18547;4
17315;18548;4
17316;18559;4
17318;18563;4
17317;18563;6
17322;18574;3
17324;18574;4
17323;18574;26
17325;18576;4
17326;18577;4
17327;18578;4
17328;18579;4
17329;18582;1
17330;18582;4
17331;18586;4
17337;18600;4
17336;18600;66
17338;18602;1
17340;18602;4
17339;18602;8
17342;18603;4
17341;18603;66
17343;18608;2
17344;18608;4
17345;18609;4
17350;18622;3
17352;18622;4
17351;18622;26
17356;18674;4
440;18754;4
17364;18755;4
17365;18756;4
17366;18760;4
17367;18764;4
17368;18765;4
17369;18775;2
17370;18775;4
17371;18780;1
17373;18780;4
17372;18780;8
17374;18783;2
17378;18793;4
17379;18855;4
17382;18915;1
17384;18915;4
17383;18915;8
17387;18919;1
17386;18919;4
17385;18919;8
442;19016;4
441;19016;8
17390;19017;4
17391;19019;4
17392;19020;1
17393;19020;4
17394;19021;4
17395;19025;4
17396;19028;1
17398;19028;4
17397;19028;6
17399;19031;4
17404;19038;4
17403;19038;9
17405;19039;1
17406;19039;4
17409;19042;1
17407;19042;4
17408;19042;6
17410;19043;1
17412;19043;4
17411;19043;8
17413;19044;4
17414;19045;4
17419;19047;1
17418;19047;2
17417;19047;6
17416;19047;7
17420;19048;4
17422;19054;1
17421;19054;6
17423;19055;4
17424;19056;2
17425;19056;4
17427;19057;2
17428;19057;4
17426;19057;8
17429;19058;4
17431;19060;1
17430;19060;2
17436;19068;4
17437;19070;4
17438;19072;4
17439;19075;4
17443;19079;4
17444;19080;4
17447;19086;4
17448;19087;4
17449;19088;4
17450;19089;1
17452;19089;4
17451;19089;8
17457;19094;4
17458;19098;1
17460;19098;4
17459;19098;8
17462;19104;1
17461;19104;3
17464;19104;4
17463;19104;8
17467;19144;4
17468;19152;4
17469;19159;1
17470;19159;2
17471;19159;4
17474;19195;4
17475;19211;4
17476;19212;4
17478;19213;4
17477;19213;10
17480;19214;4
17479;19214;8
17481;19215;1
17482;19215;4
17484;19223;1
17485;19223;4
17483;19223;10
17486;19224;4
17487;19226;1
17489;19226;4
17488;19226;8
17490;19229;1
17491;19235;4
17492;19250;4
17493;19256;1
17494;19256;4
449;19270;3
450;19270;4
17498;19278;4
17499;19288;4
452;19317;2
453;19317;4
451;19317;5
17506;19318;1
17507;19318;4
17508;19319;2
17509;19319;4
17515;19323;4
17514;19323;8
17513;19323;26
17521;19325;4
17520;19325;8
17519;19325;26
17518;19325;48
454;19336;1
455;19336;4
17524;19341;3
17525;19341;4
17526;19342;4
17527;19356;4
456;19377;4
17529;19430;4
17530;19432;4
17531;19462;1
17532;19462;4
17540;19512;4
17539;19512;8
17538;19512;26
17537;19512;48
460;19526;4
459;19526;8
17545;19528;1
17547;19528;4
17546;19528;8
17554;19548;1
17556;19548;2
17557;19548;4
17555;19548;9
17569;19638;1
17571;19638;4
17570;19638;6
17590;19670;1
17592;19670;2
17593;19670;4
17591;19670;9
472;19671;1
473;19671;4
17596;19674;4
17597;19675;4
17598;19676;4
17599;19678;4
17600;19680;2
17601;19680;4
17602;19681;1
17603;19681;2
17604;19681;4
17605;19682;4
17606;19683;4
17607;19684;4
17608;19686;4
17609;19687;4
17610;19690;4
17611;19692;4
17615;19696;1
17612;19696;2
17613;19696;4
17616;19696;8
17614;19696;55
17619;19697;1
17618;19697;6
17617;19697;10
17620;19706;4
17621;19708;4
17622;19711;4
17623;19712;4
17624;19714;4
17625;19720;4
17626;19721;4
17627;19734;4
17628;19735;4
17629;19736;4
17630;19742;4
478;19815;1
480;19815;4
477;19815;8
479;19815;9
17637;19818;1
17638;19818;2
17639;19818;4
17642;19821;1
17643;19821;4
17645;19824;4
17646;19825;1
17647;19825;4
17652;19828;4
17654;19833;1
17656;19833;4
17655;19833;9
17657;19837;2
17658;19838;4
17670;19844;4
17672;19845;1
17674;19845;4
17673;19845;9
17671;19845;10
484;19890;4
481;19890;6
483;19890;10
482;19890;18
17708;19893;1
17710;19893;4
17709;19893;6
17707;19893;10
17726;19921;4
17725;19921;18
17724;19921;19
17740;19928;1
17743;19929;1
17741;19929;4
17742;19929;6
17758;19935;4
17757;19935;18
17756;19935;19
17781;19945;4
17780;19945;18
17779;19945;19
17807;19955;4
17806;19955;19
17853;19975;4
17852;19975;18
17851;19975;19
17872;19988;1
17871;19988;18
17870;19988;19
18018;20050;1
18019;20050;4
18017;20050;18
18016;20050;19
18020;20051;4
18045;20060;1
18044;20060;6
18041;20060;18
18043;20060;19
18042;20060;35
18046;20061;4
18047;20062;1
18048;20062;4
18062;20069;1
18059;20069;4
18061;20069;6
18058;20069;18
18060;20069;19
18070;20072;4
18069;20072;18
18068;20072;19
18071;20073;4
18074;20074;4
18073;20074;18
18072;20074;19
18077;20075;4
18076;20075;18
18075;20075;19
18082;20077;4
18081;20077;18
18080;20077;19
18093;20080;1
18092;20080;6
18091;20080;18
18090;20080;19
18095;20081;4
18094;20081;19
18098;20082;1
18099;20082;4
18097;20082;18
18096;20082;19
18107;20085;1
18108;20085;4
18106;20085;18
18105;20085;19
18122;20099;1
18123;20099;4
18124;20100;4
18127;20101;4
18126;20101;6
18125;20101;19
18136;20104;4
18135;20104;18
18134;20104;19
18143;20106;1
18144;20106;4
18142;20106;18
18141;20106;19
18147;20110;1
18148;20110;4
18146;20110;18
18145;20110;19
18151;20111;4
18150;20111;18
18149;20111;19
18165;20120;1
18166;20120;4
18164;20120;18
18163;20120;19
18168;20121;1
18169;20121;4
18167;20121;18
18173;20123;1
18174;20123;2
18175;20123;4
18172;20123;18
18181;20125;1
18182;20125;4
18180;20125;18
18179;20125;19
18196;20130;4
18199;20132;4
18198;20132;18
18197;20132;19
18204;20135;1
18201;20135;4
18203;20135;6
18200;20135;18
18202;20135;19
18209;20138;1
18210;20138;4
18208;20138;18
18207;20138;19
18224;20143;1
18225;20143;4
18223;20143;18
18222;20143;19
18228;20144;1
18227;20144;6
18226;20144;18
18229;20147;4
18230;20148;4
18233;20149;1
18234;20149;4
18232;20149;18
18231;20149;19
18242;20151;1
18239;20151;4
18241;20151;6
18238;20151;18
18240;20151;19
18247;20152;1
18244;20152;2
18245;20152;4
18243;20152;18
18246;20152;19
18250;20153;1
18251;20153;4
18249;20153;18
18248;20153;19
18259;20156;1
18260;20156;4
18258;20156;18
18257;20156;19
18267;20163;4
18266;20163;18
18265;20163;19
18270;20164;1
18271;20164;4
18269;20164;18
18268;20164;19
18274;20165;1
18275;20165;4
18273;20165;18
18272;20165;19
18278;20166;1
18279;20166;4
18277;20166;18
18276;20166;19
18282;20168;4
18288;20170;1
18287;20170;18
18286;20170;19
18291;20171;1
18292;20171;4
18290;20171;18
18289;20171;19
18295;20173;4
18297;20174;4
18296;20174;6
18298;20175;4
18302;20177;4
18312;20180;4
18314;20187;4
18316;20189;1
18315;20189;4
18319;20190;1
18320;20190;4
18317;20190;10
18318;20190;18
18326;20194;4
18330;20202;1
18329;20202;6
18333;20205;1
18332;20205;6
18331;20205;9
18335;20206;4
18334;20206;18
18341;20210;4
493;20294;4
492;20294;18
491;20294;19
18353;20302;4
18352;20302;18
18351;20302;19
18362;20309;1
18363;20309;4
18361;20309;18
18360;20309;19
18364;20310;1
18368;20316;4
18371;20317;4
18370;20317;18
18369;20317;19
18375;20320;4
18374;20320;19
495;20332;2
494;20332;18
496;20332;19
18381;20343;1
18382;20343;4
18390;20346;4
18389;20346;18
18388;20346;19
18395;20348;1
18396;20348;4
18394;20348;19
951;20352;1
953;20352;6
952;20352;9
950;20352;27
18410;20356;1
18411;20356;4
18409;20356;18
18408;20356;19
18417;20362;4
18416;20362;7
18419;20366;1
18421;20366;4
18420;20366;6
18431;20387;1
18432;20387;4
18430;20387;10
18507;20499;4
18516;20508;4
18532;20514;1
18531;20514;9
18530;20514;18
18529;20514;19
18615;20546;1
18617;20546;4
18616;20546;7
18653;20558;1
18654;20558;4
18652;20558;18
18651;20558;19
18671;20566;1
18672;20566;4
18780;20622;4
18779;20622;9
18778;20622;18
18777;20622;19
18851;20660;1
18849;20660;8
18850;20660;9
18857;20687;4
18871;20743;1
18870;20743;7
18869;20743;18
18868;20743;19
18876;20744;1
18873;20744;4
18875;20744;6
18874;20744;9
18872;20744;10
18877;20746;4
18881;20748;2
18882;20748;4
18883;20749;1
18885;20749;4
18884;20749;9
18891;20754;1
18890;20754;9
18889;20754;10
18892;20755;1
18894;20755;4
18893;20755;9
18895;20756;4
18900;20757;1
18898;20757;4
18899;20757;9
18897;20757;10
18896;20757;21
18909;20760;1
18908;20760;2
18907;20760;6
18906;20760;9
18911;20761;1
18910;20761;6
18915;20763;1
18916;20763;4
18914;20763;18
18913;20763;19
18919;20764;2
18920;20764;4
18918;20764;9
18917;20764;21
18931;20768;4
18930;20768;7
18945;20775;1
18947;20775;2
18948;20775;4
18946;20775;9
18951;20780;2
18950;20780;9
18949;20780;13
18957;20783;1
18955;20783;4
18956;20783;6
18954;20783;9
18970;20788;1
18969;20788;2
18968;20788;6
19044;20833;1
19043;20833;2
19042;20833;9
19049;20836;1
19048;20836;9
19047;20836;10
19053;20839;1
19055;20839;4
19054;20839;9
19112;20891;4
19111;20891;9
19135;20900;1
19134;20900;2
19133;20900;4
19132;20900;9
19136;20901;1
19137;20901;4
19146;20908;1
19145;20908;4
19152;20910;1
19151;20910;2
19150;20910;9
19149;20910;21
19160;20921;4
19159;20921;9
19168;20925;4
19193;20936;4
19198;20937;1
19194;20937;2
19195;20937;4
19197;20937;9
19196;20937;13
19213;20945;2
19214;20945;4
19217;20946;1
19216;20946;2
19215;20946;4
19219;20947;4
19218;20947;9
19251;20969;1
19248;20969;2
19250;20969;6
19249;20969;9
19252;20969;40
19264;20974;4
19263;20974;9
19281;20986;1
19280;20986;11
19287;20990;4
19290;20992;4
19289;20992;9
19297;20996;1
19298;20996;2
19299;20996;4
19300;20997;4
19317;21006;4
19327;21009;4
19328;21010;2
19329;21010;4
19333;21015;4
19369;21062;1
19368;21062;2
19367;21062;4
19370;21065;1
19372;21065;4
19371;21065;9
19375;21072;4
19374;21072;9
19378;21074;1
19377;21074;4
19376;21074;9
19385;21079;4
19386;21082;1
19391;21085;1
19389;21085;2
19390;21085;4
19388;21085;10
19387;21085;21
19395;21088;4
19394;21088;17
19405;21094;4
19406;21096;1
19407;21096;4
19423;21120;1
19422;21120;54
19424;21138;4
19428;21151;2
19430;21164;1
19429;21164;6
19433;21185;4
509;21213;4
19440;21215;4
19471;21225;1
19470;21225;2
19469;21225;6
19476;21227;2
19477;21227;4
19479;21229;1
19480;21229;2
19481;21229;4
19487;21231;1
19484;21231;4
19486;21231;6
19485;21231;9
19483;21231;21
19512;21261;1
19509;21261;4
19511;21261;6
19508;21261;18
19510;21261;19
19525;21272;1
19524;21272;6
19551;21308;1
19550;21308;9
19584;21356;2
19585;21356;4
19583;21356;9
19582;21356;10
19597;21364;1
19596;21364;10
19605;21375;1
19604;21375;6
19603;21375;9
19606;21377;4
19611;21383;4
19610;21383;9
19609;21383;18
19608;21383;19
19615;21386;1
19614;21386;6
19613;21386;18
19612;21386;19
19624;21388;1
19623;21388;6
19622;21388;18
19621;21388;19
19625;21389;1
19626;21389;4
19629;21391;1
19628;21391;6
19627;21391;19
19643;21402;1
19642;21402;6
19645;21403;1
19644;21403;6
19732;21586;4
19731;21586;19
19745;21594;4
19744;21594;18
19743;21594;19
19759;21600;4
19758;21600;18
19757;21600;19
19760;21601;4
19784;21609;4
19783;21609;19
19785;21610;4
19789;21613;1
19790;21613;4
19793;21616;1
19794;21616;4
19792;21616;18
19791;21616;19
19795;21617;4
19798;21618;4
19797;21618;18
19796;21618;19
19801;21619;1
19802;21619;4
19800;21619;18
19799;21619;19
19806;21621;1
19808;21621;4
19807;21621;6
19814;21625;4
19813;21625;6
19812;21625;19
19817;21626;4
19816;21626;18
19815;21626;19
19818;21630;4
19819;21632;4
19820;21633;4
19821;21634;1
19823;21634;4
19822;21634;6
19825;21637;1
19826;21637;2
19827;21637;4
19824;21637;10
19835;21645;4
19834;21645;18
19833;21645;19
19837;21646;4
19836;21646;19
19839;21647;4
19838;21647;19
19843;21652;2
19844;21652;4
19866;21659;4
19865;21659;18
19864;21659;19
19869;21660;4
19868;21660;18
19867;21660;19
19872;21662;4
19871;21662;18
19870;21662;19
19875;21663;4
19874;21663;18
19873;21663;19
19878;21664;4
19877;21664;18
19876;21664;19
19881;21665;1
19882;21665;4
19880;21665;18
19879;21665;19
19883;21666;4
19886;21667;1
19887;21667;4
19885;21667;18
19884;21667;19
19888;21668;4
19891;21669;1
19892;21669;4
19890;21669;18
19889;21669;19
19895;21670;4
19894;21670;18
19893;21670;19
19903;21674;4
19902;21674;18
19901;21674;19
19906;21675;4
19905;21675;18
19904;21675;19
19907;21677;4
19908;21678;4
19909;21682;4
19910;21686;1
19911;21686;4
19915;21690;1
19916;21690;2
19917;21690;4
19919;21691;1
19921;21691;4
19920;21691;8
19918;21691;10
19922;21693;4
19935;21765;1
19934;21765;9
19967;21778;4
19966;21778;9
19989;21787;4
19988;21787;9
19995;21790;1
19996;21790;2
19997;21790;4
19994;21790;13
20162;21898;1
20160;21898;4
20161;21898;6
20159;21898;9
20169;21903;2
20170;21903;4
20168;21903;9
20185;21927;2
20184;21927;21
20190;21928;1
20187;21928;2
20188;21928;4
20189;21928;9
20186;21928;21
20196;21930;1
20195;21930;2
20194;21930;7
20193;21930;21
20211;21938;1
20210;21938;21
20224;21947;2
20225;21947;4
20223;21947;9
20240;21955;4
20242;21957;4
20241;21957;9
20249;21961;2
20250;21961;4
20248;21961;9
20252;21962;2
20253;21962;4
20251;21962;9
20255;21963;2
20256;21963;4
20254;21963;9
20261;21964;1
20258;21964;2
20259;21964;4
20260;21964;9
20257;21964;21
20272;21969;1
20274;21969;4
20273;21969;9
20277;21970;2
20278;21970;4
20276;21970;9
20275;21970;21
20279;21972;2
20286;21977;4
20285;21977;9
20284;21977;21
20287;21978;4
20288;21979;1
20290;21979;4
20289;21979;9
20301;21982;4
20300;21982;9
20311;21987;4
20310;21987;9
20312;21988;1
20314;21988;4
20313;21988;9
20326;21991;2
20325;21991;9
20324;21991;21
20329;21992;2
20328;21992;9
20327;21992;21
20331;21993;2
20332;21993;4
20330;21993;9
20337;21994;1
20334;21994;2
20335;21994;4
20336;21994;6
20333;21994;21
20338;21995;4
20342;21996;1
20341;21996;2
20340;21996;9
20339;21996;21
20343;21997;1
20345;21997;2
20346;21997;4
20344;21997;9
20353;21999;1
20350;21999;2
20351;21999;9
20352;21999;17
20349;21999;21
20358;22000;1
20355;22000;2
20356;22000;4
20357;22000;9
20354;22000;21
20359;22001;2
20365;22003;1
20364;22003;2
20371;22007;1
532;22021;4
20374;22022;1
20377;22033;4
533;22036;4
20379;22037;4
20380;22038;4
20381;22039;2
20382;22039;4
20383;22041;4
20384;22042;4
20385;22043;4
20386;22044;4
20387;22045;4
20388;22046;4
20389;22047;4
20390;22048;4
20391;22050;4
20392;22052;4
20393;22053;4
20394;22054;4
20395;22055;1
20396;22055;4
20397;22057;4
20398;22063;1
20399;22063;4
20400;22067;4
20401;22068;4
20402;22069;4
20403;22071;4
20404;22074;4
20407;22075;1
20406;22075;6
20405;22075;9
20408;22080;4
20409;22081;4
534;22114;4
20412;22185;2
20413;22185;4
20411;22185;7
20415;22185;8
20414;22185;66
20416;22187;4
20417;22197;4
20418;22198;4
20419;22207;4
535;22253;4
20422;22259;1
20421;22259;4
20425;22293;4
20424;22293;8
20423;22293;66
536;22341;1
537;22341;4
20429;22342;2
20430;22342;4
20431;22344;4
20432;22346;2
20433;22346;4
20434;22347;1
20435;22347;2
20436;22347;4
20437;22348;4
20439;22352;1
20441;22352;4
20440;22352;8
20443;22354;2
20444;22354;4
20445;22355;4
20446;22356;2
20447;22356;4
20448;22357;1
20449;22357;2
20450;22357;4
20460;22364;4
20459;22364;8
20461;22365;4
20462;22366;1
20463;22366;2
20464;22366;4
20466;22370;4
20467;22374;1
20470;22374;4
20469;22374;6
20468;22374;8
20471;22379;1
20473;22379;4
20472;22379;6
20474;22380;4
20476;22381;1
20478;22381;4
20477;22381;9
20475;22381;13
20479;22382;4
20480;22383;4
20481;22386;1
20482;22386;2
20483;22386;4
20484;22389;4
20485;22390;1
20487;22390;4
20486;22390;8
20488;22392;2
20489;22392;4
20491;22399;2
20492;22399;4
20493;22402;1
20494;22402;4
20495;22404;4
20497;22407;4
20496;22407;8
20498;22410;4
20499;22411;4
20500;22413;2
20501;22413;4
20506;22473;1
20508;22473;4
20507;22473;8
20509;22475;4
20510;22493;4
20511;22495;4
20512;22496;4
20513;22497;1
20514;22497;2
20515;22497;4
20516;22498;4
540;22501;4
20518;22502;4
20519;22504;4
541;22510;4
20521;22511;4
20522;22512;4
20523;22514;4
20524;22515;4
20525;22516;4
20526;22517;4
20527;22518;4
20528;22519;4
20529;22520;4
543;22526;2
544;22526;4
20532;22528;4
20533;22530;4
20536;22533;4
20537;22536;4
20538;22537;4
20540;22538;4
20539;22538;8
20543;22539;1
20541;22539;4
20542;22539;6
20544;22540;4
20547;22541;1
20545;22541;4
20546;22541;6
20548;22542;4
20549;22543;4
20550;22548;1
20552;22548;4
20551;22548;6
20553;22549;4
20554;22554;4
20555;22555;4
20556;22557;4
20557;22558;4
20558;22559;4
20560;22560;4
20559;22560;10
20561;22561;1
20562;22561;4
20563;22563;1
20565;22563;4
20564;22563;8
20569;22570;4
545;22574;4
20571;22575;1
20573;22575;4
20572;22575;6
20574;22577;4
20575;22578;4
20576;22579;1
20577;22579;2
20578;22579;4
20579;22580;2
20580;22580;4
547;22594;4
20582;22599;4
20583;22601;2
20584;22601;4
20585;22605;4
20587;22617;4
20588;22620;4
20589;22621;4
20590;22622;4
20595;22634;1
20596;22634;4
20594;22634;10
20597;22635;2
20598;22641;1
20600;22641;4
20599;22641;8
548;22682;1
549;22682;4
20607;22684;1
20608;22684;4
20609;22687;1
20611;22687;4
20610;22687;6
20614;22688;1
20613;22688;6
20612;22688;9
20618;22689;1
20616;22689;4
20617;22689;6
20615;22689;8
20620;22691;1
20621;22692;1
20622;22693;1
20624;22694;1
20623;22694;6
550;22744;1
551;22744;8
552;22754;2
553;22754;4
20640;22757;2
20639;22757;9
20641;22758;1
20642;22758;2
20643;22758;4
20645;22759;4
20644;22759;8
20646;22760;2
20647;22760;4
20649;22765;4
20650;22766;4
20651;22767;2
20652;22767;4
20653;22768;4
20654;22770;4
20655;22771;4
20656;22774;1
20658;22774;4
20657;22774;8
20659;22775;4
20660;22776;2
20661;22776;4
20668;22778;1
20667;22778;6
20666;22778;9
20665;22778;15
20669;22780;1
20670;22780;4
20673;22784;1
20672;22784;6
20671;22784;9
20678;22788;1
20680;22789;1
20679;22789;4
20681;22790;4
20686;22796;1
20685;22796;4
554;22822;4
20691;22850;2
20692;22850;4
20693;22851;1
20694;22851;4
20697;22854;4
20699;22856;1
20698;22856;6
20700;22857;1
20701;22857;4
20702;22858;4
20709;22861;1
20707;22861;4
20708;22861;6
20706;22861;10
20710;22862;4
20716;22865;4
20722;22868;1
20723;22868;2
20724;22868;4
20725;22871;1
20726;22871;4
20729;22876;2
20730;22876;4
20728;22876;6
20734;22877;1
20731;22877;2
20732;22877;4
20735;22877;8
20733;22877;9
20736;22879;4
20737;22880;4
20738;22881;4
20739;22884;1
20741;22884;2
20742;22884;4
20740;22884;6
20745;22889;1
20744;22889;4
20743;22889;10
20747;22890;4
20746;22890;8
20749;22892;1
20750;22892;4
20748;22892;10
20751;22893;4
20752;22894;4
20753;22895;4
20754;22896;4
20755;22897;1
20756;22897;4
20757;22898;1
20758;22898;4
20760;22901;1
20759;22901;10
558;22913;3
560;22913;4
559;22913;5
20768;22918;4
20769;22921;4
20770;22922;2
20771;22922;4
561;22932;2
562;22932;4
20776;22933;2
20777;22933;4
20779;22934;1
20780;22934;2
20781;22934;4
20778;22934;32
20782;22935;4
20783;22936;2
20784;22936;4
20786;22937;4
20785;22937;8
20788;22938;2
20789;22938;4
20787;22938;7
20791;22939;2
20792;22939;4
20790;22939;5
20793;22940;4
20795;22941;1
20794;22941;6
20796;22942;1
20798;22942;2
20799;22942;4
20797;22942;9
20801;22943;1
20800;22943;9
20802;22944;4
20803;22945;1
20804;22945;4
20805;22946;4
20806;22947;4
20807;22948;1
20808;22948;4
20809;22949;4
20810;22950;4
20811;22951;2
20812;22951;4
20813;22952;4
20814;22953;2
20815;22953;4
20816;22954;1
20817;22954;2
20818;22954;4
20819;22955;1
20820;22955;4
20821;22956;2
20822;22956;4
20823;22957;1
20824;22957;2
20825;22957;4
20829;22958;1
20828;22958;2
20826;22958;5
20827;22958;6
20831;22960;2
20832;22960;4
20830;22960;68
20834;22961;1
20833;22961;4
20835;22962;1
20836;22963;4
20839;22964;1
20838;22964;2
20837;22964;6
20840;22965;1
20841;22965;2
20842;22965;4
20843;22967;1
20844;22967;4
20845;22968;4
20846;22969;4
20847;22970;4
20848;22971;4
20850;22972;1
20849;22972;4
20851;22973;1
20852;22973;4
20853;22974;4
20854;22975;1
20855;22976;1
20856;22977;4
20857;22978;4
20860;22979;1
20859;22979;4
20858;22979;8
20861;22980;4
20863;22981;1
20862;22981;6
20864;22982;1
20866;22982;4
20865;22982;8
20867;22983;1
20868;22983;4
20871;22984;1
20870;22984;2
20869;22984;6
20872;22985;1
20873;22985;4
20874;22986;1
20875;22986;4
20877;22987;1
20876;22987;6
20878;22988;1
20879;22988;2
20880;22988;4
20881;22991;2
20882;22991;4
20883;22992;4
20884;22993;4
20885;22995;4
20888;22999;1
20889;22999;2
20890;22999;4
20892;23000;1
20891;23000;6
20893;23001;1
20894;23001;4
20895;23002;4
20896;23003;1
20898;23003;4
20897;23003;6
20899;23005;4
20900;23006;1
20902;23006;4
20901;23006;8
20903;23007;4
20904;23008;1
20905;23008;4
20906;23009;4
20907;23010;1
20909;23010;4
20908;23010;6
20910;23011;1
20911;23011;4
20912;23012;1
20914;23012;2
20915;23012;4
20913;23012;6
20916;23013;4
20917;23014;1
20918;23014;2
20919;23014;4
20922;23016;1
20920;23016;4
20921;23016;6
20923;23018;2
20924;23018;4
20925;23021;4
20926;23022;1
20928;23022;4
20927;23022;6
20929;23023;1
20931;23023;4
20930;23023;6
563;23040;1
20935;23045;1
20937;23045;4
20936;23045;6
20943;23048;2
20942;23048;36
20973;23076;4
20980;23082;1
20979;23082;9
564;23089;1
20987;23091;1
20986;23091;4
20985;23091;9
20989;23092;1
20988;23092;11
20991;23093;1
20990;23093;2
20992;23094;1
20997;23096;4
20996;23096;18
20995;23096;19
21002;23098;1
21004;23099;1
21003;23099;6
21006;23100;1
21005;23100;6
21009;23101;1
21007;23101;4
21008;23101;6
21012;23104;1
21010;23104;4
21011;23104;6
21014;23106;1
21013;23106;4
21015;23107;1
21016;23107;4
21025;23110;1
21024;23110;6
21023;23110;9
21028;23111;1
21027;23111;2
21026;23111;6
21031;23113;4
21030;23113;18
21029;23113;19
21034;23114;1
21032;23114;4
21033;23114;6
21037;23115;1
21036;23115;6
21035;23115;32
21038;23116;4
21042;23118;4
21043;23120;1
21044;23121;1
21045;23127;4
21046;23128;1
21047;23128;4
21052;23130;1
21051;23130;4
21054;23131;1
21053;23131;14
21057;23133;1
21056;23133;4
21059;23134;1
21058;23134;2
21061;23135;1
21062;23135;2
21063;23135;4
21060;23135;19
21068;23138;4
21069;23139;1
21070;23139;4
21071;23140;1
21072;23140;2
21073;23140;4
21074;23141;2
21075;23141;4
21077;23142;1
21076;23142;9
21083;23144;1
21082;23144;6
21081;23144;42
21089;23146;1
21088;23146;6
21087;23146;9
21092;23147;1
21091;23147;6
21090;23147;9
21095;23149;1
21094;23149;6
21093;23149;10
21100;23151;1
21099;23151;6
21098;23151;10
21103;23152;1
21102;23152;2
21101;23152;6
21106;23154;1
21105;23154;9
21104;23154;10
21110;23156;1
21111;23158;1
21149;23193;1
21148;23193;2
21147;23193;6
21146;23193;15
21156;23196;1
21155;23196;6
21154;23196;9
21171;23204;1
21170;23204;6
21175;23207;4
21179;23216;1
21178;23216;6
21177;23216;42
21183;23220;1
21182;23220;6
21186;23222;1
21185;23222;6
21188;23224;1
21187;23224;6
21193;23231;1
21192;23231;6
21191;23231;9
21200;23240;1
21199;23240;6
21207;23247;1
21206;23247;6
21208;23248;1
21213;23251;1
21212;23251;18
21225;23263;1
21224;23263;6
21223;23263;9
21222;23263;10
21231;23266;4
21230;23266;10
571;23315;2
570;23315;21
21250;23316;1
21249;23316;6
21248;23316;21
21256;23319;1
21255;23319;6
21262;23321;1
21261;23321;6
21260;23321;21
21269;23323;1
21268;23323;2
21267;23323;21
21277;23329;1
21276;23329;6
21287;23333;1
21286;23333;6
21285;23333;9
21284;23333;21
21293;23336;1
21292;23336;6
21291;23336;9
21301;23341;1
21300;23341;6
21307;23345;1
21306;23345;6
21314;23349;1
21313;23349;2
21312;23349;6
21311;23349;21
21335;23365;1
21334;23365;2
21340;23367;1
21339;23367;2
21338;23367;9
21337;23367;21
21352;23377;1
21351;23377;11
21350;23377;15
21358;23379;2
21357;23379;9
21374;23391;1
21373;23391;2
21372;23391;6
21376;23392;1
21375;23392;6
21379;23393;1
21378;23393;2
21377;23393;21
21389;23430;1
21388;23430;9
21400;23449;1
21397;23449;4
21399;23449;9
21396;23449;18
21398;23449;19
21527;23542;4
21529;23544;1
21528;23544;4
21539;23555;1
21538;23555;6
21553;23566;1
21554;23566;4
21557;23568;1
21555;23568;4
21556;23568;6
21565;23572;1
21563;23572;4
21564;23572;6
21567;23573;1
21566;23573;6
21585;23590;1
21584;23590;2
21583;23590;6
21594;23600;1
21593;23600;6
21598;23604;1
21597;23604;6
21615;23612;1
21614;23612;2
21613;23612;6
21619;23642;1
21620;23642;4
21626;23647;1
21624;23647;4
21625;23647;6
21623;23647;9
21627;23649;1
21628;23649;4
21634;23651;1
21633;23651;6
21632;23651;9
21631;23651;20
21638;23654;1
21637;23654;6
21639;23656;4
21646;23658;1
21645;23658;2
21643;23658;4
21644;23658;6
21647;23659;4
21649;23661;2
21648;23661;8
21650;23665;1
21651;23666;4
21653;23667;1
21652;23667;10
578;23676;1
579;23676;2
21667;23679;1
21684;23693;1
21683;23693;9
583;23728;1
584;23728;2
585;23728;6
21709;23729;1
21708;23729;6
21707;23729;10
21710;23734;1
21714;23735;1
21713;23735;2
21712;23735;6
21711;23735;29
21715;23773;4
21716;23774;4
21717;23776;1
21719;23776;4
21718;23776;8
21722;23777;1
21720;23777;4
21721;23777;6
21724;23778;1
21723;23778;6
21727;23780;1
21728;23780;4
21726;23780;18
21725;23780;19
21732;23782;1
21730;23782;4
21731;23782;6
21733;23783;1
21734;23783;4
21739;23785;1
21738;23785;6
21747;23790;1
21746;23790;2
21745;23790;9
21757;23796;1
21756;23796;2
21755;23796;10
21763;23803;1
21767;23806;1
21766;23806;6
21778;23815;4
21777;23815;13
21783;23817;1
21782;23817;6
21781;23817;9
21785;23819;1
21784;23819;6
21790;23821;1
21789;23821;6
21799;23824;1
21797;23824;6
21796;23824;9
21798;23824;17
21795;23824;21
21804;23825;1
21802;23825;6
21801;23825;9
21800;23825;10
21803;23825;17
21810;23830;1
21809;23830;6
21808;23830;20
21814;23831;1
21813;23831;6
21812;23831;9
21811;23831;15
21818;23836;1
21817;23836;6
21816;23836;9
21821;23838;1
21820;23838;6
21819;23838;9
21824;23843;4
21838;23851;4
21837;23851;8
21850;23857;1
21849;23857;2
21848;23857;10
21852;23858;1
21851;23858;6
21855;23859;1
21854;23859;6
21853;23859;10
21861;23863;1
21860;23863;6
21871;23893;1
21872;23893;4
21870;23893;10
21888;23914;1
21887;23914;6
21886;23914;10
595;23934;1
596;23934;2
21900;23936;1
21899;23936;6
21902;23939;1
21901;23939;6
21904;23942;1
21903;23942;6
21908;23944;1
21907;23944;6
21913;23949;1
21912;23949;2
21911;23949;6
21915;23950;1
21914;23950;6
21918;23952;1
21917;23952;2
21916;23952;6
21921;23958;1
21920;23958;6
21919;23958;10
21924;23960;1
21927;23963;2
21929;23964;1
21928;23964;2
21933;23972;1
21932;23972;6
21935;23980;1
21934;23980;2
21937;23981;1
21936;23981;2
21941;23983;1
21940;23983;2
21939;23983;6
21945;23988;1
21944;23988;2
21950;23991;2
21949;23991;6
21953;24000;1
21952;24000;2
21951;24000;6
21954;24002;2
21955;24004;2
21956;24005;2
21957;24007;2
21958;24008;2
21963;24029;1
21962;24029;6
21965;24030;1
21964;24030;9
21975;24038;4
21977;24039;1
21976;24039;9
21984;24043;1
21983;24043;6
21990;24045;1
21989;24045;2
21988;24045;9
21987;24045;10
21997;24049;4
21999;24050;1
21998;24050;6
22013;24056;1
22010;24056;2
22012;24056;6
22009;24056;10
22011;24056;23
22021;24067;1
22028;24070;1
22027;24070;9
22026;24070;10
22032;24077;2
22035;24080;1
22034;24080;2
22033;24080;6
22042;24095;1
22041;24095;2
22043;24096;2
22046;24098;1
22045;24098;2
22048;24099;1
22047;24099;5
22052;24101;1
22051;24101;6
22054;24103;1
22056;24104;1
22055;24104;21
22057;24105;1
22059;24106;1
22058;24106;6
22062;24110;1
22065;24111;1
22064;24111;2
22063;24111;6
22067;24112;1
22066;24112;6
22068;24113;2
22070;24114;1
22069;24114;6
22085;24120;1
22084;24120;2
22083;24120;6
22088;24121;1
22087;24121;2
22086;24121;6
22098;24130;1
22106;24134;1
22105;24134;6
22110;24137;1
22109;24137;6
22118;24140;1
22116;24140;10
22117;24140;18
22121;24143;1
22143;24158;1
22144;24159;1
22151;24163;1
22150;24163;15
22157;24168;4
22164;24170;1
22166;24171;1
22167;24171;4
22165;24171;10
22174;24174;1
22173;24174;6
22180;24177;1
22178;24177;4
22179;24177;6
22187;24182;1
22186;24182;2
22185;24182;6
22194;24189;1
22195;24189;4
22193;24189;10
22201;24194;1
22200;24194;9
22204;24195;1
22203;24195;2
22202;24195;10
22206;24197;1
22207;24198;1
22212;24201;1
22211;24201;9
22210;24201;10
22217;24203;1
22216;24203;10
22227;24207;1
22226;24207;10
22228;24208;4
22231;24213;1
22230;24213;6
22229;24213;9
22234;24216;1
22233;24216;2
22232;24216;6
22236;24218;1
22235;24218;10
22240;24229;1
603;24251;1
604;24251;4
22247;24253;4
22251;24256;1
22250;24256;6
22249;24256;9
22252;24257;1
22254;24257;2
22255;24257;4
22253;24257;6
22260;24260;1
22261;24260;4
22307;24290;1
22309;24290;2
22310;24290;4
22308;24290;9
22318;24294;1
22317;24294;6
22316;24294;9
22325;24297;1
22323;24297;4
22324;24297;6
22322;24297;9
22327;24298;1
22326;24298;6
22344;24308;1
22343;24308;6
22347;24309;1
22346;24309;6
22345;24309;72
22353;24314;1
22352;24314;6
22389;24358;4
22388;24358;10
22391;24361;2
22390;24361;9
22399;24392;1
22398;24392;2
22400;24393;1
22401;24394;1
22405;24396;1
22404;24396;2
22403;24396;8
22407;24397;1
22406;24397;2
22411;24401;1
22412;24402;1
22417;24406;1
22416;24406;3
22419;24407;1
22418;24407;6
22422;24408;1
22421;24408;2
22420;24408;6
22427;24413;1
22426;24413;6
22429;24415;1
22428;24415;6
22439;24422;1
22438;24422;2
22437;24422;6
22441;24423;1
22440;24423;6
22444;24424;1
22443;24424;6
22442;24424;8
617;24425;1
620;24425;6
618;24425;9
619;24425;10
22452;24428;1
22451;24428;6
615;24429;1
616;24429;2
22456;24431;1
22455;24431;6
613;24447;1
614;24447;22
22462;24449;1
22464;24451;1
22463;24451;2
22465;24452;1
22467;24453;1
22466;24453;45
22475;24458;1
22474;24458;2
22473;24458;6
22472;24458;45
22481;24462;1
22480;24462;6
22479;24462;9
22483;24464;1
22482;24464;6
22488;24468;1
22487;24468;6
22500;24476;1
22499;24476;6
22497;24476;10
22498;24476;35
22504;24478;1
22503;24478;6
22502;24478;9
22509;24483;1
22508;24483;6
22507;24483;9
22512;24484;1
22511;24484;6
22510;24484;9
22518;24488;1
22517;24488;6
22516;24488;9
22538;24505;1
22537;24505;6
22536;24505;9
22543;24507;1
22542;24507;6
22541;24507;35
22552;24510;1
22551;24510;6
22550;24510;9
22549;24510;10
22554;24511;1
22553;24511;6
22562;24520;1
22561;24520;6
22560;24520;9
22559;24520;15
22564;24521;1
22563;24521;9
22569;24524;1
22567;24524;10
22568;24524;35
22574;24530;1
22573;24530;6
22576;24531;1
22575;24531;6
22584;24536;1
22583;24536;6
22582;24536;9
22587;24537;1
22586;24537;6
22585;24537;14
22594;24540;1
22593;24540;10
22596;24542;1
22595;24542;10
22607;24546;1
22606;24546;6
22605;24546;9
22604;24546;42
22609;24548;1
22608;24548;9
22613;24550;1
22612;24550;6
22611;24550;9
22615;24551;1
22614;24551;6
22620;24554;1
22619;24554;6
22618;24554;9
22628;24559;1
22627;24559;6
22635;24562;1
22633;24562;6
22634;24562;11
22645;24568;1
22644;24568;6
22650;24570;1
22649;24570;6
22648;24570;9
22652;24571;1
22651;24571;9
22668;24584;1
22667;24584;6
22666;24584;9
22665;24584;10
22670;24585;1
22669;24585;6
22676;24589;4
22675;24589;19
22678;24590;1
22679;24590;4
22677;24590;10
22682;24599;1
22681;24599;2
22680;24599;6
22695;24606;1
22694;24606;10
22696;24608;1
22699;24610;1
22698;24610;2
22697;24610;6
22702;24611;1
22701;24611;9
22700;24611;10
22709;24623;1
22708;24623;2
22707;24623;6
22706;24623;10
22711;24624;1
22710;24624;6
22713;24625;1
22712;24625;6
22720;24629;1
22719;24629;6
22718;24629;9
22725;24632;1
22724;24632;6
22729;24635;1
22728;24635;6
22732;24636;1
22731;24636;6
22730;24636;21
22734;24637;1
22733;24637;6
22737;24639;1
22736;24639;6
22741;24641;1
22740;24641;6
22739;24641;9
22743;24642;1
22742;24642;6
22744;24644;1
22746;24645;1
22745;24645;9
22755;24651;1
22754;24651;6
22757;24652;1
22756;24652;6
22761;24653;1
22760;24653;2
22759;24653;6
22758;24653;25
22763;24683;4
22774;24689;1
22773;24689;2
22772;24689;4
22777;24699;1
22784;24704;1
22783;24704;9
22787;24716;1
22786;24716;2
22788;24722;1
22796;24737;1
22797;24737;4
22795;24737;10
22799;24738;1
22800;24738;4
22798;24738;10
22803;24749;1
22802;24749;2
22801;24749;10
22809;24754;1
22807;24754;4
22808;24754;11
22819;24765;1
22818;24765;6
22817;24765;14
22835;24781;1
22834;24781;6
22833;24781;10
22841;24784;1
22868;24821;1
22867;24821;6
22866;24821;10
22872;24830;1
22871;24830;2
22870;24830;6
22875;24832;1
22874;24832;6
22873;24832;10
22878;24833;1
22877;24833;6
22876;24833;10
22881;24840;2
22890;24863;4
22897;24947;1
22896;24947;6
22917;25023;1
22916;25023;6
22919;25025;2
22918;25025;6
22923;25026;1
22922;25026;2
22921;25026;6
22920;25026;12
22960;25049;1
22959;25049;6
22958;25049;88
627;25088;1
22971;25089;1
22968;25089;7
22970;25089;24
22969;25089;54
22978;25095;1
22977;25095;2
22976;25095;6
22982;25097;1
22981;25097;6
22980;25097;9
22986;25103;1
22985;25103;6
22987;25104;2
628;25108;1
629;25108;6
22991;25109;1
22990;25109;6
22992;25110;2
22998;25114;1
22997;25114;6
23001;25115;1
23000;25115;2
22999;25115;6
23005;25119;1
23004;25119;6
23010;25121;1
23009;25121;6
23008;25121;9
23015;25123;1
23014;25123;6
23013;25123;9
23017;25124;1
23016;25124;6
23031;25130;1
23030;25130;6
23033;25131;1
23032;25131;6
23038;25133;1
23037;25133;2
23036;25133;6
23035;25133;9
23041;25135;1
23040;25135;6
23039;25135;12
23053;25140;1
23052;25140;6
23061;25144;1
23060;25144;6
23062;25147;1
23070;25153;1
23077;25158;1
23076;25158;6
23084;25173;1
23083;25173;6
23085;25178;2
630;25191;1
631;25199;1
633;25199;6
632;25199;23
23097;25205;1
23096;25205;6
23095;25205;30
23118;25220;1
23117;25220;6
23155;25243;1
23154;25243;6
23173;25282;1
23172;25282;6
23181;25285;2
23182;25285;4
23180;25285;15
23185;25287;1
23184;25287;6
23183;25287;15
23188;25289;2
23208;25314;1
23220;25335;1
23219;25335;6
23218;25335;14
23217;25335;70
23226;25353;1
23229;25372;1
23228;25372;6
638;25508;1
639;25553;1
640;25553;6
23251;25562;1
23250;25562;6
23253;25563;1
23252;25563;6
23256;25565;1
23257;25565;4
23262;25571;1
23261;25571;2
23260;25571;6
23269;25575;1
23268;25575;6
23279;25582;1
23283;25586;1
23282;25586;6
23286;25587;1
23285;25587;2
23284;25587;6
23288;25588;1
23287;25588;6
23289;25589;1
23295;25595;1
23294;25595;6
23297;25596;1
23296;25596;6
23301;25598;1
23300;25598;10
23303;25599;1
23302;25599;6
23307;25600;1
23306;25600;6
23305;25600;8
23304;25600;39
23314;25604;1
23313;25604;6
23318;25608;1
23317;25608;6
23323;25617;1
23322;25617;6
23321;25617;25
23324;25620;2
641;25652;1
23327;25658;1
23326;25658;2
23328;25659;1
23330;25660;1
23329;25660;2
23331;25667;1
23335;25670;1
23334;25670;9
23340;25674;1
23351;25683;1
23350;25683;6
23349;25683;9
23356;25690;1
23355;25690;6
23373;25702;1
23372;25702;6
23371;25702;9
23370;25702;13
23375;25706;1
23374;25706;6
23377;25707;1
23376;25707;6
23380;25708;1
23379;25708;6
23378;25708;9
23381;25709;4
23383;25710;1
23382;25710;6
23389;25719;1
23388;25719;6
23387;25719;9
23392;25720;1
23391;25720;6
23390;25720;9
23404;25727;1
23402;25727;3
23403;25727;6
23406;25728;1
23405;25728;6
23414;25737;1
23413;25737;6
23416;25739;1
23415;25739;6
23420;25742;1
23419;25742;6
23423;25743;1
23422;25743;6
23421;25743;9
23432;25747;1
23431;25747;2
23430;25747;6
23429;25747;9
23433;25749;1
23435;25750;1
23434;25750;9
23440;25752;1
23437;25752;2
23439;25752;6
23438;25752;9
23436;25752;10
23459;25769;1
23466;25774;1
23465;25774;6
23474;25779;1
23473;25779;6
23478;25781;1
23477;25781;6
23476;25781;10
23479;25782;1
23485;25786;1
23484;25786;6
23491;25789;1
23494;25790;1
23493;25790;9
23492;25790;10
23496;25792;1
23495;25792;9
23500;25794;1
23499;25794;9
23501;25795;1
23503;25802;1
23510;25807;1
23509;25807;6
642;25858;1
643;25858;6
23537;25946;2
23672;26073;1
23671;26073;2
23670;26073;6
23669;26073;9
23900;26286;1
23901;26286;4
23910;26294;1
23909;26294;6
23908;26294;10
23913;26295;1
23912;26295;6
23911;26295;9
23926;26303;1
23925;26303;6
23927;26304;1
23928;26304;2
23929;26304;4
23953;26318;1
23952;26318;2
23951;26318;6
23950;26318;42
23956;26320;1
23955;26320;10
23957;26321;1
23963;26325;1
23962;26325;2
23961;26325;6
648;26339;1
650;26339;6
649;26339;9
647;26339;15
23981;26341;1
23980;26341;6
23979;26341;15
23985;26342;1
23984;26342;6
23983;26342;9
23982;26342;15
23989;26343;1
23988;26343;6
23987;26343;9
23986;26343;15
24007;26350;1
24006;26350;9
24005;26350;15
24014;26354;1
24013;26354;2
24012;26354;6
24021;26356;1
24020;26356;2
24019;26356;9
24018;26356;15
24034;26362;1
24033;26362;6
24050;26369;1
24049;26369;2
24048;26369;42
24051;26370;1
920;26376;1
921;26376;2
919;26376;15
24067;26379;1
24070;26380;1
24069;26380;6
24068;26380;15
24131;26493;1
24130;26493;6
24156;26512;1
24155;26512;6
24185;26540;1
24225;26571;1
24224;26571;2
24223;26571;6
24231;26578;4
24246;26597;1
24245;26597;6
24421;26848;1
24420;26848;2
24438;26868;1
24437;26868;3
24468;26899;1
24467;26899;2
24466;26899;3
24507;26936;1
24546;26973;1
24545;26973;6
24544;26973;9
24567;26996;1
24566;26996;6
24621;27052;1
24620;27052;6
24619;27052;27
24633;27069;1
24632;27069;6
24641;27073;1
24640;27073;9
24643;27074;1
24642;27074;6
24649;27077;1
24648;27077;6
24647;27077;8
24658;27084;1
24660;27084;2
24661;27084;4
24659;27084;9
24675;27095;1
24674;27095;2
24673;27095;6
24672;27095;9
24691;27104;1
24690;27104;6
24689;27104;9
24688;27104;10
24722;27128;1
24721;27128;6
24723;27130;1
24726;27131;1
24725;27131;9
24724;27131;10
1336;27230;1
1337;27230;6
24936;27368;1
24935;27368;9
24937;27369;1
24940;27372;2
24943;27373;1
24942;27373;9
24941;27373;15
24948;27376;1
24947;27376;2
24946;27376;15
24962;27384;1
24961;27384;9
24960;27384;15
24965;27385;1
24964;27385;9
24963;27385;15
24967;27387;1
24974;27390;1
24972;27390;9
24971;27390;15
24973;27390;20
24984;27393;1
24983;27393;6
24982;27393;15
24988;27396;1
24987;27396;6
24996;27399;1
24995;27399;6
24998;27400;1
24997;27400;6
25023;27413;1
25022;27413;6
25021;27413;9
25020;27413;15
25026;27414;1
25025;27414;6
25024;27414;39
25028;27415;1
25027;27415;6
25032;27416;1
25031;27416;6
25030;27416;9
25029;27416;10
25036;27417;1
25035;27417;6
25034;27417;14
25033;27417;15
25040;27418;1
25039;27418;6
25038;27418;9
25037;27418;15
25045;27420;1
25044;27420;2
25043;27420;6
25042;27420;9
25048;27423;1
25047;27423;6
25046;27423;9
25050;27424;1
25049;27424;6
25062;27440;1
25061;27440;6
25060;27440;9
25066;27444;1
25065;27444;6
25064;27444;9
25069;27451;1
25068;27451;6
25067;27451;9
25071;27458;1
25070;27458;6
25075;27460;1
25074;27460;6
25073;27460;9
25077;27461;1
25076;27461;9
25094;27469;1
25093;27469;2
25092;27469;6
25091;27469;15
25103;27472;1
25102;27472;2
25101;27472;6
25100;27472;15
25112;27476;1
25111;27476;6
25110;27476;9
25114;27477;1
25113;27477;6
25116;27478;1
25115;27478;6
25134;27489;1
25133;27489;6
25132;27489;15
25136;27490;1
25135;27490;6
25139;27491;1
25138;27491;6
25137;27491;9
25143;27493;1
25142;27493;6
25140;27493;15
25141;27493;42
25147;27494;1
25146;27494;6
25145;27494;9
25144;27494;15
25150;27495;1
25149;27495;6
25148;27495;15
25154;27496;1
25153;27496;6
25152;27496;9
25151;27496;15
25158;27497;1
25157;27497;6
25156;27497;9
25155;27497;15
25160;27498;1
25159;27498;6
25164;27500;1
25163;27500;6
25167;27501;1
25166;27501;6
25165;27501;15
25170;27502;1
25169;27502;6
25168;27502;15
25174;27504;1
25173;27504;9
25180;27506;1
25179;27506;6
25178;27506;15
25185;27509;1
25184;27509;6
25183;27509;9
25196;27512;1
25195;27512;6
25194;27512;9
25193;27512;15
25201;27514;1
25200;27514;6
25199;27514;9
25198;27514;20
25208;27517;1
25207;27517;6
25210;27518;1
25209;27518;6
25216;27520;1
25215;27520;2
25214;27520;15
25219;27521;1
25218;27521;6
25217;27521;28
25227;27527;1
25226;27527;6
25225;27527;15
25236;27535;1
25235;27535;6
25234;27535;9
25238;27536;1
25237;27536;6
25244;27538;1
25240;27538;2
25243;27538;6
25242;27538;9
25241;27538;20
25246;27539;1
25245;27539;6
25251;27541;1
25250;27541;6
25249;27541;9
25248;27541;15
25261;27545;1
25260;27545;2
25259;27545;6
25266;27549;1
25265;27549;6
25264;27549;15
25277;27554;1
25276;27554;6
25275;27554;9
25274;27554;15
25280;27555;1
25279;27555;6
25278;27555;9
25289;27559;1
25288;27559;6
25287;27559;9
25286;27559;15
25294;27561;1
25292;27561;9
25291;27561;15
25293;27561;20
25296;27562;1
25295;27562;6
25300;27563;1
25299;27563;6
25298;27563;9
25297;27563;15
25303;27566;1
25302;27566;6
25308;27575;1
25307;27575;6
25311;27576;1
25310;27576;6
25309;27576;15
25314;27577;1
25313;27577;6
25312;27577;15
25322;27580;1
25318;27580;2
25321;27580;6
25320;27580;15
25319;27580;39
25325;27581;1
25324;27581;6
25323;27581;9
25328;27582;1
25327;27582;6
25326;27582;9
25332;27583;1
25331;27583;6
25330;27583;9
25329;27583;15
25340;27586;1
25339;27586;6
25338;27586;15
25347;27588;1
25346;27588;6
25345;27588;9
25344;27588;15
25352;27590;1
25351;27590;6
25350;27590;9
25360;27594;1
25359;27594;6
25358;27594;15
25364;27595;1
25363;27595;6
25361;27595;15
25362;27595;42
25371;27598;1
25370;27598;6
25369;27598;15
25381;27601;1
25380;27601;6
25379;27601;9
25377;27601;10
25378;27601;15
25385;27602;1
25384;27602;6
25383;27602;9
25382;27602;15
25389;27603;1
25388;27603;6
25387;27603;9
25386;27603;32
25393;27605;1
25392;27605;6
25391;27605;15
25395;27606;1
25394;27606;6
25397;27607;1
25396;27607;6
25399;27608;1
25398;27608;6
25408;27613;1
25407;27613;6
25406;27613;15
25412;27614;1
25411;27614;6
25409;27614;15
25410;27614;39
25419;27616;1
25418;27616;6
25417;27616;10
25438;27624;1
25437;27624;2
25436;27624;6
25435;27624;9
25443;27626;1
25442;27626;2
25441;27626;6
25440;27626;15
25447;27627;1
25446;27627;6
25445;27627;9
25444;27627;15
25450;27628;1
25449;27628;6
25448;27628;9
25452;27629;1
25451;27629;6
25455;27630;1
25454;27630;6
25453;27630;15
25459;27631;1
25458;27631;2
25457;27631;6
25456;27631;15
25465;27632;1
25461;27632;2
25464;27632;6
25462;27632;15
25460;27632;18
25463;27632;19
25468;27634;1
25467;27634;2
25466;27634;6
25472;27635;1
25471;27635;6
25470;27635;9
25469;27635;15
25482;27639;1
25481;27639;6
25480;27639;10
25479;27639;15
25485;27641;1
25484;27641;6
25483;27641;9
25488;27642;1
25487;27642;2
25486;27642;6
25491;27643;1
25490;27643;6
25489;27643;15
25501;27650;1
25500;27650;6
25499;27650;9
25498;27650;15
25514;27655;1
25510;27655;2
25513;27655;6
25512;27655;9
25511;27655;15
25531;27664;1
25530;27664;6
25538;27668;1
25537;27668;2
25536;27668;15
25540;27670;1
25548;27675;1
25547;27675;6
25546;27675;9
25545;27675;15
25551;27678;1
25550;27678;6
25549;27678;15
25558;27684;1
25557;27684;6
25556;27684;9
25563;27688;1
25562;27688;6
25571;27690;1
25570;27690;2
25569;27690;6
25568;27690;9
25574;27691;1
25573;27691;9
25572;27691;15
25586;27695;1
25585;27695;6
25584;27695;15
25588;27696;2
25587;27696;68
25590;27697;1
25589;27697;2
25595;27698;1
25594;27698;6
25593;27698;9
25592;27698;15
25591;27698;46
25618;27735;1
25617;27735;6
25616;27735;9
25620;27736;1
25619;27736;68
25625;27737;1
25621;27737;2
25624;27737;6
25623;27737;9
25622;27737;15
25628;27738;1
25627;27738;6
25626;27738;15
25630;27739;1
25629;27739;2
25636;27742;1
25635;27742;6
25633;27742;15
25632;27742;18
25634;27742;19
25638;27746;1
25637;27746;6
25642;27747;1
25641;27747;6
25640;27747;9
25639;27747;15
25645;27748;1
25644;27748;6
25643;27748;9
25652;27750;1
25651;27750;6
25650;27750;9
25649;27750;15
25655;27751;1
25654;27751;6
25653;27751;15
25659;27753;1
25658;27753;6
25665;27757;1
25664;27757;6
25669;27760;1
25668;27760;6
25671;27761;1
25670;27761;6
25675;27762;1
25674;27762;6
25673;27762;9
25672;27762;15
25682;27765;1
25681;27765;6
25680;27765;9
25679;27765;46
25689;27768;1
25688;27768;6
25687;27768;9
25686;27768;10
25698;27771;1
25697;27771;6
25703;27773;1
25702;27773;2
25701;27773;15
25706;27775;1
25705;27775;6
25727;27787;1
25726;27787;6
25736;27790;1
25735;27790;10
25752;27797;1
25751;27797;15
25755;27798;1
25754;27798;2
25753;27798;15
25764;27802;1
25763;27802;15
25765;27803;1
25766;27805;1
25769;27806;1
25768;27806;6
25767;27806;9
25773;27808;1
25771;27808;9
25772;27808;10
25770;27808;15
25781;27811;1
25780;27811;9
25779;27811;10
25783;27812;1
25782;27812;9
25791;27815;1
25790;27815;6
25792;27816;1
25795;27817;1
25794;27817;6
25793;27817;9
25798;27818;1
25797;27818;9
25796;27818;10
25800;27820;1
25799;27820;15
25803;27822;1
25802;27822;6
25801;27822;15
25808;27844;1
25807;27844;6
25811;27846;1
25810;27846;6
25809;27846;15
925;27848;1
926;27848;2
927;27848;6
924;27848;15
25817;27849;1
25816;27849;6
25821;27851;1
25820;27851;2
25819;27851;6
25818;27851;9
25831;27860;1
25830;27860;6
25829;27860;15
25835;27862;1
25833;27862;6
25832;27862;15
25834;27862;22
25837;27863;1
25836;27863;6
25843;27867;1
25842;27867;6
25845;27869;1
25844;27869;6
25863;27874;1
25862;27874;6
25861;27874;9
25865;27876;1
25864;27876;6
25867;27877;1
25866;27877;15
25869;27878;1
25868;27878;6
25874;27881;1
25873;27881;6
25872;27881;15
25882;27886;1
25881;27886;9
25880;27886;15
25887;27888;1
25886;27888;15
25890;27889;1
25889;27889;6
25888;27889;15
25893;27890;1
25892;27890;2
25891;27890;15
25898;27894;1
25909;27899;1
25910;27901;1
25913;27902;1
25911;27902;15
25912;27902;41
25916;27904;1
25915;27904;6
25914;27904;15
25974;28011;2
25973;28011;9
26119;28486;1
26118;28486;6
1147;28571;1
1148;28571;2
1149;28571;6
680;28606;1
681;28606;9
26206;28620;1
26205;28620;9
26213;28623;1
26212;28623;2
26218;28625;1
26217;28625;6
26216;28625;9
26238;28637;1
26237;28637;9
26240;28639;1
26247;28641;1
26246;28641;6
26254;28645;1
26253;28645;6
26270;28651;1
26269;28651;6
26268;28651;9
26274;28652;1
26273;28652;6
26272;28652;9
26271;28652;10
26276;28653;1
26275;28653;6
26278;28654;1
26277;28654;6
26281;28655;1
26280;28655;6
26279;28655;9
26286;28656;1
26285;28656;6
26284;28656;9
26283;28656;10
26282;28656;21
26289;28659;1
26288;28659;6
26292;28662;1
26291;28662;2
26295;28663;1
26294;28663;6
26293;28663;9
26297;28664;1
26296;28664;6
26303;28666;1
26302;28666;6
26301;28666;9
26314;28670;1
26311;28670;2
26313;28670;6
26312;28670;9
26310;28670;21
26322;28674;1
26321;28674;6
26325;28676;1
26324;28676;6
26323;28676;9
26336;28681;1
26335;28681;2
26334;28681;10
26333;28681;21
26345;28686;1
26344;28686;6
26347;28687;1
26346;28687;9
26349;28688;1
26348;28688;10
26351;28689;1
26350;28689;6
26439;28801;1
26438;28801;6
26452;28809;1
26451;28809;6
26450;28809;9
26557;28905;1
26556;28905;6
26555;28905;9
26709;29176;1
26776;29312;1
26933;29603;1
26932;29603;2
26931;29603;4
26940;29608;1
26939;29608;2
26943;29614;2
26942;29614;9
26952;29626;1
26951;29626;2
26950;29626;22
26963;29637;1
26962;29637;9
27009;29703;1
27008;29703;2
27007;29703;6
27148;29973;1
27147;29973;2
27146;29973;6
27170;29989;1
27169;29989;6
27173;29995;1
27172;29995;6
27182;30007;1
27181;30007;6
27339;30129;1
27338;30129;6
27337;30129;9
27359;30150;1
27358;30150;6
27373;30162;1
27381;30169;1
27380;30169;6
27404;30187;1
27403;30187;2
27402;30187;6
27401;30187;9
27413;30195;1
27423;30202;1
27422;30202;6
27421;30202;10
27435;30231;1
27434;30231;6
27465;30252;1
27464;30252;6
27463;30252;9
27518;30306;1
27523;30310;1
27547;30338;1
27546;30338;9
27545;30338;21
27737;30573;1
27735;30573;10
27736;30573;14
27765;30696;1
27764;30696;4
27763;30696;9
27781;30709;2
27780;30709;9
28045;30936;1
28044;30936;6
28108;31055;1
28107;31055;6
28106;31055;10
28110;31061;1
28109;31061;9
28209;31160;2
28210;31160;4
28208;31160;9
28213;31163;2
28214;31163;4
28212;31163;9
28225;31180;4
28224;31180;9
28228;31184;4
28226;31184;8
28227;31184;9
28241;31194;4
28240;31194;9
28260;31216;4
28273;31225;1
28272;31225;6
28271;31225;18
28270;31225;19
28280;31235;4
28279;31235;9
28321;31265;4
28329;31275;2
28330;31275;4
28328;31275;9
28485;31534;1
28484;31534;2
28483;31534;9
28516;31627;1
28513;31627;2
28514;31627;4
28517;31627;7
28515;31627;9
28603;31861;1
28602;31861;6
28613;31884;1
28612;31884;9
28638;31912;1
28637;31912;6
28658;31931;1
28657;31931;6
28656;31931;9
28662;31934;1
28661;31934;6
28660;31934;20
28668;31938;1
28667;31938;6
28672;31940;1
28671;31940;2
28670;31940;6
28684;31945;1
28683;31945;6
28682;31945;9
28701;31958;1
28700;31958;2
28699;31958;6
28706;31961;1
28705;31961;6
28709;31963;1
28708;31963;6
28716;31969;1
28715;31969;6
28725;31976;1
28724;31976;2
28723;31976;6
28722;31976;10
28742;31993;1
28741;31993;9
28740;31993;10
28755;32029;1
28754;32029;6
28759;32032;1
28758;32032;6
28757;32032;9
28766;32036;1
28765;32036;6
28764;32036;9
28763;32036;20
28776;32041;1
28775;32041;6
28774;32041;9
28779;32043;1
28778;32043;6
718;32048;1
719;32048;6
28789;32049;1
28788;32049;2
28787;32049;6
28786;32049;9
28798;32053;1
28797;32053;6
28796;32053;9
28803;32055;1
28802;32055;6
28801;32055;9
28808;32056;1
28804;32056;2
28806;32056;6
28807;32056;11
28805;32056;12
28813;32059;1
28812;32059;6
28811;32059;8
28810;32059;19
28819;32061;1
28818;32061;6
28821;32062;4
28820;32062;9
28828;32068;1
28827;32068;6
28826;32068;9
28832;32070;1
28831;32070;2
28830;32070;6
28834;32071;1
28833;32071;6
28840;32073;1
28839;32073;2
28838;32073;6
28842;32074;1
28841;32074;6
28844;32077;1
28843;32077;6
28850;32103;1
28849;32103;2
28853;32104;1
28852;32104;6
28851;32104;9
28855;32105;1
28854;32105;6
28862;32108;1
28860;32108;3
28861;32108;6
28864;32109;1
28863;32109;6
28872;32115;1
28871;32115;9
28876;32116;1
28873;32116;2
28875;32116;6
28874;32116;38
28877;32116;50
28879;32117;1
28878;32117;6
28881;32118;1
28880;32118;6
28884;32119;1
28883;32119;6
28882;32119;10
28888;32120;1
28887;32120;6
28886;32120;9
28885;32120;55
28891;32121;1
28890;32121;6
28889;32121;9
28893;32122;1
28892;32122;6
28898;32126;1
28897;32126;6
28903;32129;1
28902;32129;2
28901;32129;6
28911;32133;1
28910;32133;2
28909;32133;3
28913;32134;1
28912;32134;6
28914;32135;1
28916;32137;1
28915;32137;6
28929;32143;1
28926;32143;3
28928;32143;6
28927;32143;8
28935;32146;1
28934;32146;9
28937;32152;1
722;32155;1
28948;32159;1
28947;32159;9
28957;32164;1
28956;32164;6
28955;32164;9
734;32165;1
735;32165;8
736;32165;9
28965;32168;1
28964;32168;2
28968;32169;1
28967;32169;2
28966;32169;9
28970;32170;1
28969;32170;2
28977;32174;1
28983;32176;1
28982;32176;2
28981;32176;6
28980;32176;10
28985;32178;1
28984;32178;9
28994;32181;1
28993;32181;15
28996;32183;1
28999;32184;1
28998;32184;2
28997;32184;15
29001;32186;1
29000;32186;2
29003;32187;1
29002;32187;9
29005;32188;1
29004;32188;9
29007;32189;1
29006;32189;15
29010;32190;1
29009;32190;2
29008;32190;9
29012;32191;1
29011;32191;2
29015;32192;1
29014;32192;2
29013;32192;9
29017;32193;1
29016;32193;2
29020;32194;1
29019;32194;2
29018;32194;9
29024;32196;1
29023;32196;9
29027;32199;1
29029;32200;1
29028;32200;9
29030;32201;1
29037;32204;1
29036;32204;2
29039;32205;1
29038;32205;9
29040;32206;1
29041;32207;4
29043;32208;1
29042;32208;2
29045;32209;1
29044;32209;2
29047;32210;1
29046;32210;9
29049;32211;1
29048;32211;6
29051;32212;1
29050;32212;2
29055;32214;1
29054;32214;6
29057;32215;1
29056;32215;6
29061;32218;1
29060;32218;6
29064;32220;1
29063;32220;6
29062;32220;9
29066;32222;1
29065;32222;6
29071;32225;1
29070;32225;6
29069;32225;42
29076;32227;1
29074;32227;6
29073;32227;10
29075;32227;56
29086;32231;1
29085;32231;14
29084;32231;42
29089;32232;1
29088;32232;6
29087;32232;9
29094;32234;1
29093;32234;2
29092;32234;4
29091;32234;9
29098;32237;1
29117;32265;1
29116;32265;6
29115;32265;42
29124;32268;1
29123;32268;2
29122;32268;6
29121;32268;9
29133;32275;1
29132;32275;6
29131;32275;9
29136;32279;1
29135;32279;6
29147;32288;1
29146;32288;6
29145;32288;9
728;32299;1
730;32299;4
729;32299;9
29155;32300;2
29156;32300;4
29167;32310;1
29166;32310;9
29170;32315;1
29169;32315;9
29172;32316;1
29171;32316;9
29176;32318;1
29175;32318;3
29182;32321;1
29181;32321;9
29180;32321;21
29185;32323;4
29186;32324;2
29187;32324;4
29188;32325;4
29196;32329;2
29197;32329;4
29198;32330;2
29199;32330;4
29201;32332;1
29202;32332;4
29210;32335;1
29213;32337;1
29212;32337;2
29217;32339;1
29220;32341;1
29225;32343;1
29224;32343;9
29227;32345;1
29230;32346;1
29229;32346;2
29228;32346;9
29233;32348;1
29232;32348;2
29237;32350;1
29236;32350;6
29238;32351;2
29240;32352;1
29239;32352;2
29241;32353;1
29242;32353;4
29243;32354;4
29256;32361;1
29255;32361;2
29254;32361;9
29253;32361;14
29258;32362;1
29257;32362;2
29262;32364;1
29263;32364;2
29264;32364;4
29266;32365;1
29265;32365;9
29267;32366;1
29271;32369;4
29270;32369;19
29274;32371;1
29273;32371;9
29277;32372;1
29276;32372;2
29275;32372;9
29280;32374;4
29279;32374;18
29278;32374;19
29281;32375;1
29284;32377;1
29287;32381;4
29294;32388;1
29297;32391;1
29296;32391;6
29300;32394;1
29299;32394;6
29305;32398;1
29304;32398;9
29303;32398;20
29308;32399;1
29307;32399;6
29306;32399;9
29312;32402;1
29311;32402;6
29317;32405;1
29316;32405;6
29319;32406;1
29318;32406;6
29321;32407;1
29320;32407;6
29324;32408;1
29322;32408;15
29323;32408;35
29326;32410;1
29325;32410;6
29332;32414;1
29331;32414;6
29340;32418;1
29339;32418;6
29342;32420;1
29341;32420;6
29346;32421;1
29344;32421;4
29345;32421;6
29343;32421;9
29349;32422;1
29348;32422;6
29347;32422;9
29351;32423;1
29350;32423;6
29354;32424;1
29353;32424;6
29352;32424;9
29358;32428;1
29357;32428;6
29363;32430;1
29362;32430;6
29361;32430;9
29374;32437;1
29372;32437;3
29373;32437;6
29378;32441;1
29377;32441;2
29376;32441;6
29383;32445;1
29382;32445;6
29390;32448;1
29389;32448;6
29388;32448;18
29387;32448;19
29396;32461;1
29395;32461;6
29394;32461;39
29398;32486;1
29397;32486;6
29402;32489;1
29400;32489;6
29401;32489;24
29399;32489;35
29416;32505;1
29415;32505;6
29414;32505;35
29419;32506;1
29418;32506;6
29417;32506;35
29424;32510;1
29423;32510;6
29425;32511;1
29427;32511;4
29426;32511;6
29433;32513;1
29431;32513;6
29432;32513;24
29430;32513;35
29435;32514;1
29434;32514;6
29442;32526;1
29441;32526;6
29444;32527;1
29443;32527;6
29445;32528;4
733;32561;1
29453;32566;1
29452;32566;3
29455;32569;1
29454;32569;2
29457;32571;1
29456;32571;3
29458;32573;1
29460;32574;1
29459;32574;2
29463;32575;1
29462;32575;2
29461;32575;5
29464;32578;1
29466;32579;1
29465;32579;2
29468;32581;1
29467;32581;2
29470;32582;1
29469;32582;2
29471;32584;1
29473;32585;1
29472;32585;15
29475;32588;1
29477;32589;1
29476;32589;6
29478;32590;1
29481;32592;1
29480;32592;2
29483;32593;1
29482;32593;3
29484;32594;1
29486;32595;1
29485;32595;10
29487;32596;1
29489;32598;1
29488;32598;2
29491;32600;1
29490;32600;3
29493;32601;1
29492;32601;2
29494;32603;1
29496;32604;1
29495;32604;2
29497;32605;1
29498;32606;1
29503;32609;1
29502;32609;2
29505;32610;1
29504;32610;3
29507;32611;1
29506;32611;6
29508;32612;1
29511;32614;1
29515;32615;1
29514;32615;2
29512;32615;3
29513;32615;6
29518;32616;1
29516;32616;3
29517;32616;6
29520;32617;1
29519;32617;2
29521;32618;1
29523;32619;1
29522;32619;6
29525;32620;1
29524;32620;6
29530;32623;1
29529;32623;6
29532;32624;1
29531;32624;6
29535;32626;1
29533;32626;3
29534;32626;6
29537;32628;1
29536;32628;6
29540;32629;1
29538;32629;3
29539;32629;6
29543;32633;1
29541;32633;3
29542;32633;6
29548;32635;1
29546;32635;3
29547;32635;6
29550;32637;1
29549;32637;6
29552;32638;2
29551;32638;3
29555;32659;1
29554;32659;2
29553;32659;9
29558;32661;1
29559;32662;1
29561;32664;1
29560;32664;6
29565;32665;1
29564;32665;2
29563;32665;6
29562;32665;9
29567;32666;1
29566;32666;9
29569;32667;1
29568;32667;2
29571;32668;1
29570;32668;9
29573;32669;1
29572;32669;8
29575;32670;1
29574;32670;6
29577;32671;1
29576;32671;15
29579;32672;1
29578;32672;6
29580;32673;1
29582;32673;4
29581;32673;8
29583;32674;1
29590;32677;1
29589;32677;6
29593;32678;1
29592;32678;6
29591;32678;8
29595;32679;1
29594;32679;6
29600;32681;1
29599;32681;6
29620;32687;1
29619;32687;6
29618;32687;8
29624;32689;1
29623;32689;6
29631;32692;1
29630;32692;6
29635;32693;1
29632;32693;5
29634;32693;6
29633;32693;8
29636;32694;1
29638;32696;1
737;32705;1
29644;32706;2
29643;32706;9
29649;32710;1
29651;32711;1
29650;32711;9
29652;32712;1
29654;32713;1
29653;32713;2
29657;32714;1
29656;32714;2
29655;32714;6
29660;32716;1
29659;32716;2
29662;32717;1
29661;32717;2
944;32718;1
946;32718;2
943;32718;39
945;32718;40
29668;32720;1
29667;32720;6
29672;32722;1
29671;32722;6
29674;32725;1
29673;32725;6
29688;32734;1
29687;32734;6
29686;32734;9
29690;32735;1
29689;32735;6
29694;32736;1
29693;32736;6
29692;32736;9
29691;32736;10
29703;32742;1
29702;32742;6
29701;32742;15
29707;32745;1
29714;32757;1
29713;32757;6
738;32767;1
739;32767;2
740;32767;25
29718;32768;4
29724;32771;1
29723;32771;2
29722;32771;5
29725;32772;4
29727;32773;1
29726;32773;9
29731;32777;2
29732;32777;4
29744;32783;1
29743;32783;6
29742;32783;25
29748;32788;4
29749;32789;4
29752;32791;1
29751;32791;2
29750;32791;6
29753;32793;4
29758;32798;1
29757;32798;6
29766;32802;1
29765;32802;2
29764;32802;6
29767;32803;4
29776;32808;1
29777;32808;4
29779;32812;1
29778;32812;6
29789;32821;1
29788;32821;6
29793;32828;4
29802;32837;4
29804;32838;2
29803;32838;6
29808;32839;1
29807;32839;2
29806;32839;6
29805;32839;9
29810;32840;1
29809;32840;55
29827;32885;2
29826;32885;25
29829;32893;2
29838;32930;1
29837;32930;6
29836;32930;9
29840;32931;1
29839;32931;6
29844;32935;1
29843;32935;6
29845;32937;1
29847;32937;4
29846;32937;6
29851;32939;1
29850;32939;6
29849;32939;9
29848;32939;20
29863;32954;1
29862;32954;6
29861;32954;9
29860;32954;20
29873;32963;1
29872;32963;3
29876;32964;1
29875;32964;6
29874;32964;7
29882;32969;1
29881;32969;6
29880;32969;9
29892;32974;1
29891;32974;6
29895;32978;1
29894;32978;6
29900;32985;1
29899;32985;6
29902;32991;4
29907;32999;1
29905;32999;3
29906;32999;6
29912;33002;1
29918;33010;1
29919;33010;2
29920;33010;4
29929;33019;1
29928;33019;6
29927;33019;9
29934;33050;1
29936;33050;4
29935;33050;6
29939;33056;1
29937;33056;4
29938;33056;6
29942;33057;1
29940;33057;4
29941;33057;6
29943;33090;2
29944;33090;4
29945;33091;2
29946;33091;4
29948;33092;1
29947;33092;2
29949;33093;4
29950;33094;2
29951;33094;4
29953;33095;1
29952;33095;2
29955;33096;1
29954;33096;2
29956;33097;4
29957;33098;2
29958;33098;4
29959;33099;2
29960;33099;4
29962;33101;4
29963;33102;1
29964;33102;4
29965;33103;2
29966;33103;4
29967;33104;4
29969;33105;1
29968;33105;4
29974;33107;4
29976;33109;1
29977;33110;4
29978;33111;1
29979;33111;4
29980;33112;2
29981;33112;4
29982;33113;4
29983;33114;4
29985;33116;2
29986;33118;4
29991;33119;1
29987;33119;2
29988;33119;4
29990;33119;11
29989;33119;12
29992;33120;2
29993;33123;2
29994;33123;4
29997;33124;2
29998;33124;4
29996;33124;9
29995;33124;72
29999;33126;2
30000;33126;4
30003;33127;1
30002;33127;2
30001;33127;68
30006;33128;1
30005;33128;2
30004;33128;68
30007;33129;2
30008;33129;4
30009;33130;1
30010;33130;2
30011;33130;4
30012;33134;1
30013;33134;4
30014;33135;4
30015;33136;4
30019;33137;1
30018;33137;2
30017;33137;6
30016;33137;68
30020;33142;1
30022;33142;4
30021;33142;6
30023;33143;2
30024;33144;4
30025;33145;4
30028;33148;2
30029;33148;4
30031;33149;1
30030;33149;4
30036;33156;4
30037;33157;4
30038;33158;4
30042;33159;1
30041;33159;2
30040;33159;6
30039;33159;68
30044;33160;2
30043;33160;68
30046;33163;2
30047;33164;2
30050;33165;1
30049;33165;2
30048;33165;68
30052;33166;2
30051;33166;68
30055;33167;1
30054;33167;2
30053;33167;68
747;33190;1
748;33190;6
30077;33204;1
30076;33204;6
30079;33206;1
30078;33206;6
30084;33211;1
30083;33211;6
30087;33214;1
30086;33214;6
30085;33214;46
30090;33217;1
30089;33217;2
30088;33217;6
30110;33231;1
30109;33231;6
30129;33241;1
30128;33241;2
30127;33241;6
30135;33245;2
30136;33245;4
30134;33245;10
30157;33262;1
30168;33268;1
30167;33268;6
30166;33268;79
30179;33276;1
30190;33283;1
30189;33283;2
30188;33283;9
30187;33283;21
30195;33288;1
30194;33288;10
749;33299;1
30207;33304;1
30206;33304;6
30205;33304;9
30209;33306;1
30208;33306;6
30214;33308;1
30213;33308;6
30216;33309;1
30215;33309;6
30218;33310;1
30217;33310;6
30220;33311;1
30219;33311;6
30229;33315;1
30228;33315;6
30231;33316;1
30230;33316;6
30236;33320;1
30235;33320;6
30237;33321;1
30240;33322;1
30239;33322;6
30238;33322;9
30247;33326;1
30246;33326;6
30249;33327;1
30248;33327;6
30253;33329;1
30252;33329;6
30255;33330;1
30254;33330;6
30258;33332;1
30257;33332;6
30260;33333;1
30259;33333;6
30266;33336;1
30265;33336;2
30263;33336;5
30264;33336;6
30271;33338;1
30270;33338;2
30269;33338;6
30273;33339;1
30272;33339;6
30279;33343;1
30278;33343;6
30292;33349;1
30291;33349;6
30295;33350;1
30294;33350;6
30293;33350;9
30298;33354;1
30297;33354;6
30302;33355;1
30301;33355;4
30300;33355;9
30299;33355;10
30305;33356;1
30304;33356;6
30303;33356;10
30307;33358;1
30317;33364;1
30319;33365;1
30318;33365;6
30328;33369;1
30327;33369;6
30333;33375;1
30335;33376;1
30334;33376;6
30339;33382;1
30347;33399;1
30346;33399;6
30458;34427;1
30456;34427;10
30457;34427;46
751;36014;1
752;36014;6
30492;36019;1
30494;36020;1
30493;36020;9
30495;36021;1
30508;36029;1
30507;36029;2
30510;36030;1
30509;36030;9
30513;36031;1
30511;36031;4
30512;36031;6
30514;36032;1
30516;36033;1
30515;36033;6
30527;36043;1
30526;36043;6
30525;36043;9
30524;36043;21
30533;36046;1
30532;36046;6
30536;36049;1
30535;36049;6
30534;36049;7
30540;36051;1
30539;36051;6
30538;36051;9
30537;36051;20
30542;36054;1
30541;36054;6
30546;36056;1
30545;36056;6
30559;36061;1
30558;36061;6
30561;36062;1
30560;36062;6
30568;36065;1
30567;36065;6
30573;36069;1
30572;36069;6
30587;36077;1
30586;36077;6
30590;36078;1
30589;36078;6
30588;36078;9
30593;36079;1
30592;36079;2
30591;36079;9
30595;36080;1
30594;36080;6
30598;36081;1
30597;36081;6
30596;36081;10
30601;36082;1
30600;36082;6
30599;36082;10
30606;36084;1
30605;36084;6
30610;36086;1
30609;36086;6
30612;36087;1
30611;36087;2
30614;36088;1
30613;36088;6
30616;36089;1
30615;36089;6
30619;36090;1
30618;36090;6
30617;36090;9
30621;36091;1
30620;36091;6
30624;36093;1
30623;36093;6
30626;36094;1
30625;36094;6
30633;36099;1
30632;36099;6
30631;36099;9
30638;36101;1
30637;36101;6
30641;36102;1
30640;36102;6
30639;36102;9
30645;36104;1
30644;36104;6
30643;36104;9
30647;36105;1
30646;36105;6
30649;36106;1
30648;36106;6
30651;36107;1
30650;36107;6
30655;36108;1
30654;36108;2
30653;36108;6
30652;36108;9
30659;36109;1
30658;36109;2
30657;36109;6
30656;36109;9
30665;36112;1
30664;36112;6
30663;36112;9
30673;36116;1
30672;36116;6
30677;36120;1
30676;36120;6
30679;36122;1
30678;36122;6
30684;36126;1
30683;36126;6
30682;36126;9
30690;36129;1
30689;36129;6
30693;36131;1
30692;36131;6
30699;36133;1
30698;36133;2
30697;36133;6
30708;36139;1
30707;36139;6
30712;36140;1
30710;36140;4
30711;36140;6
30709;36140;9
30714;36142;1
30713;36142;6
30718;36145;1
30717;36145;6
30716;36145;9
30727;36149;1
30726;36149;6
30729;36152;1
30728;36152;6
30732;36155;1
30731;36155;6
30734;36156;1
30733;36156;6
30741;36158;1
30740;36158;2
30739;36158;6
30738;36158;9
30744;36159;1
30743;36159;2
30742;36159;21
30753;36169;1
30752;36169;2
30751;36169;21
30761;36175;1
30760;36175;6
30782;36192;1
30784;36193;1
30783;36193;6
30786;36194;1
30785;36194;21
30792;36200;1
30791;36200;9
30789;36200;10
30790;36200;46
30800;36202;1
30799;36202;2
30798;36202;21
30809;36212;1
30808;36212;2
30807;36212;10
30819;36217;1
30818;36217;2
30817;36217;6
30834;36229;1
30833;36229;6
30832;36229;88
30837;36238;2
30839;36247;1
30838;36247;2
753;36279;1
755;36279;6
754;36279;9
30847;36280;1
30846;36280;6
30845;36280;9
30844;36280;15
30851;36281;1
30850;36281;6
30849;36281;9
30848;36281;15
30899;36360;1
30898;36360;6
30897;36360;9
30904;36374;1
30903;36374;6
30921;36390;1
30920;36390;9
30924;36391;1
30923;36391;6
30922;36391;9
30931;36401;1
30930;36401;9
30933;36403;1
30941;36409;1
30940;36409;6
30939;36409;9
30938;36409;42
30947;36436;1
30946;36436;6
30945;36436;9
30953;36456;1
30951;36456;3
30952;36456;6
30956;36459;1
30954;36459;3
30955;36459;6
30959;36460;1
30957;36460;3
30958;36460;6
30961;36462;1
30960;36462;6
30964;36463;1
30962;36463;3
30963;36463;6
30977;36502;2
30981;36503;1
30980;36503;2
30979;36503;6
30978;36503;8
31018;36556;1
31016;36556;3
31017;36556;6
31021;36560;1
31019;36560;3
31020;36560;6
31024;36572;1
31027;36580;3
31028;36580;4
31036;36589;1
31035;36589;6
31034;36589;35
31040;36590;1
31039;36590;6
31037;36590;14
31038;36590;27
31046;36592;1
31045;36592;6
31044;36592;14
31043;36592;42
31055;36595;1
31054;36595;6
31056;36595;14
31052;36595;35
31053;36595;55
31060;36604;1
31059;36604;6
31058;36604;14
31063;36607;2
31061;36607;14
31062;36607;35
31068;36610;1
31067;36610;6
31074;36615;1
31073;36615;6
31072;36615;14
31079;36621;1
31078;36621;6
31077;36621;14
31082;36626;1
31081;36626;2
31087;36630;1
31086;36630;6
31085;36630;35
31084;36630;55
31097;36634;1
31096;36634;6
31095;36634;35
31094;36634;42
31103;36636;1
31102;36636;6
31101;36636;27
31114;36653;1
31113;36653;6
31112;36653;14
31119;36658;2
31118;36658;9
31130;36678;1
31129;36678;6
31138;36691;1
31137;36691;2
31136;36691;6
31163;36725;1
31162;36725;27
31168;36730;1
31167;36730;2
31166;36730;10
31171;36731;1
31169;36731;10
31170;36731;27
31176;36744;1
31175;36744;27
31179;36745;1
31178;36745;2
31177;36745;36
31187;36753;4
31189;36761;1
31188;36761;14
31193;36764;1
31192;36764;2
31191;36764;36
31196;36765;1
31195;36765;9
31194;36765;10
31200;36767;1
31199;36767;2
31198;36767;6
31197;36767;10
31208;36772;1
31207;36772;10
763;36808;1
765;36808;6
764;36808;28
31215;36809;1
31214;36809;6
31219;36810;1
31218;36810;2
31217;36810;6
31216;36810;55
31225;36813;1
31224;36813;6
31230;36815;1
31229;36815;6
31234;36816;1
31233;36816;2
31232;36816;6
31231;36816;42
31238;36817;1
31237;36817;6
31235;36817;10
31236;36817;39
31239;36817;42
31243;36818;1
31240;36818;2
31242;36818;6
31241;36818;9
31244;36818;42
31247;36819;1
31246;36819;6
31245;36819;42
31250;36820;1
31249;36820;6
31248;36820;42
31256;36823;1
31255;36823;6
31253;36823;10
31254;36823;39
31257;36823;42
31259;36824;1
31258;36824;6
31269;36828;1
31268;36828;2
31267;36828;6
31266;36828;15
31274;36830;1
31273;36830;6
31281;36835;1
31288;36840;1
31299;36843;1
31298;36843;2
31297;36843;6
31296;36843;9
31303;36844;1
31301;36844;6
31300;36844;42
31302;36844;59
31310;36847;1
31309;36847;6
31316;36849;1
31315;36849;2
31314;36849;6
31322;36851;1
31321;36851;2
31320;36851;6
31326;36854;1
31329;36855;1
31327;36855;42
31328;36855;85
31336;36860;1
31335;36860;6
31342;36862;1
31341;36862;2
31340;36862;6
31339;36862;10
31347;36866;1
31346;36866;6
31350;36867;1
31349;36867;6
31348;36867;42
31353;36869;1
31352;36869;6
31351;36869;42
31354;36871;1
31363;36892;1
31362;36892;9
31364;36893;1
31374;36902;1
31373;36902;9
31379;36904;1
31378;36904;6
31377;36904;9
31376;36904;14
31391;36915;1
31390;36915;9
31402;36923;1
31401;36923;6
31406;36925;1
31405;36925;2
31404;36925;9
31419;36934;1
31428;36938;1
31427;36938;2
31426;36938;6
31425;36938;9
31435;36943;1
31434;36943;6
31433;36943;9
31440;36946;1
31439;36946;6
31442;36947;1
31441;36947;6
31445;36948;1
31444;36948;6
31443;36948;9
31463;36956;1
31462;36956;2
31461;36956;6
31460;36956;10
31467;36958;1
31466;36958;6
31465;36958;9
31474;36961;1
31473;36961;6
31483;36966;1
31482;36966;6
31481;36966;9
31490;36973;1
31489;36973;6
31511;37004;4
31516;37009;1
31515;37009;6
31521;37012;1
31520;37012;15
31530;37021;1
31529;37021;6
31528;37021;9
31533;37023;1
31532;37023;2
31531;37023;9
31543;37031;1
31542;37031;6
31541;37031;9
31548;37034;1
31547;37034;6
31557;37041;1
31556;37041;6
31555;37041;9
31561;37044;1
31560;37044;20
31567;37049;1
31566;37049;6
31569;37051;4
31579;37058;1
31578;37058;6
31577;37058;9
31580;37059;1
31608;37089;1
31607;37089;6
31606;37089;9
31614;37094;1
31613;37094;6
31620;37100;1
31633;37113;1
31632;37113;10
31643;37117;1
31642;37117;6
31641;37117;9
31640;37117;10
31650;37120;1
31649;37120;6
31655;37123;1
31654;37123;9
31660;37127;1
31659;37127;10
31665;37132;1
31670;37149;1
31669;37149;2
31677;37154;1
31684;37159;1
31683;37159;6
31685;37160;1
31690;37165;1
31689;37165;6
31688;37165;10
31691;37167;1
31697;37171;1
31696;37171;6
769;37216;1
770;37216;21
31721;37221;1
31720;37221;2
31725;37223;1
31724;37223;28
31726;37224;1
31735;37231;1
31734;37231;6
31733;37231;21
31732;37231;55
31738;37234;1
31737;37234;6
31736;37234;45
31741;37235;1
31740;37235;2
31739;37235;6
31744;37239;2
31746;37240;1
31745;37240;6
31748;37241;1
31747;37241;6
31752;37242;1
31751;37242;2
31750;37242;7
31749;37242;21
31754;37245;1
31753;37245;6
31758;37246;1
31757;37246;2
31756;37246;6
31755;37246;10
31761;37247;1
31760;37247;2
31759;37247;6
31767;37250;1
31766;37250;2
31765;37250;6
31764;37250;10
31772;37253;1
31771;37253;6
31776;37255;1
31775;37255;6
31779;37257;1
31778;37257;6
31785;37259;1
31784;37259;2
31783;37259;6
31782;37259;10
31789;37260;1
31788;37260;2
31787;37260;6
31786;37260;10
31792;37262;1
31791;37262;2
31790;37262;6
31797;37264;1
31796;37264;2
31795;37264;6
31801;37265;1
31800;37265;2
31799;37265;6
31798;37265;9
31804;37267;1
31803;37267;6
31808;37270;1
31807;37270;6
31809;37271;2
31817;37273;1
31814;37273;2
31816;37273;6
31815;37273;9
31813;37273;21
31821;37274;1
31820;37274;2
31818;37274;6
31819;37274;36
31825;37275;1
31824;37275;2
31823;37275;9
31822;37275;21
31828;37278;1
31827;37278;21
31832;37279;1
31831;37279;2
31830;37279;10
31829;37279;21
31837;37282;1
31835;37282;2
31836;37282;9
31834;37282;10
31833;37282;21
31838;37283;1
31842;37284;1
31841;37284;2
31840;37284;10
31839;37284;21
31843;37288;1
31847;37290;1
31850;37293;1
31849;37293;2
31848;37293;21
31852;37295;1
31851;37295;6
31854;37297;1
31853;37297;6
771;37310;1
772;37310;2
773;37310;6
31859;37312;1
31858;37312;2
31862;37313;1
31861;37313;2
31860;37313;6
31865;37314;1
31864;37314;2
31863;37314;6
31868;37317;1
31867;37317;6
31872;37320;1
31871;37320;2
31869;37320;4
31870;37320;6
31874;37324;1
31875;37324;4
31873;37324;10
31878;37325;1
31877;37325;2
31876;37325;6
31881;37326;1
31880;37326;2
31879;37326;6
31884;37329;1
31883;37329;2
31882;37329;6
31886;37332;1
31894;37336;1
31893;37336;6
31892;37336;9
31891;37336;10
774;37338;1
775;37338;2
31897;37339;1
31898;37341;1
31899;37342;4
31901;37343;1
31900;37343;2
31904;37346;1
31903;37346;25
31910;37349;1
31909;37349;6
31911;37350;2
31912;37351;1
31914;37356;1
31913;37356;2
31918;37358;1
31920;37358;2
31921;37358;4
31919;37358;7
31923;37360;1
31922;37360;2
31925;37361;1
31924;37361;6
31927;37362;1
31926;37362;2
31929;37364;1
31928;37364;6
31931;37365;1
31930;37365;6
31934;37366;1
31933;37366;2
31932;37366;6
31936;37367;1
31935;37367;6
31937;37368;1
31941;37371;1
31940;37371;6
31943;37372;1
31942;37372;10
31945;37376;1
31944;37376;6
31952;37381;1
31951;37381;6
31949;37381;15
31950;37381;27
31956;37383;2
31955;37383;9
31959;37389;1
31958;37389;6
31963;37392;1
31962;37392;2
31966;37393;1
31965;37393;2
31964;37393;6
31972;37396;1
31971;37396;2
31970;37396;6
31979;37400;1
31978;37400;6
31977;37400;35
31982;37403;1
31981;37403;6
31984;37404;1
31983;37404;6
31987;37408;1
31986;37408;2
31985;37408;6
31990;37409;1
31989;37409;6
31988;37409;35
31996;37415;1
31995;37415;7
32004;37420;2
32005;37420;4
32003;37420;6
32002;37420;10
32006;37421;1
32012;37426;1
32011;37426;9
32010;37426;10
776;37450;1
777;37450;2
32018;37456;1
32017;37456;17
32016;37456;21
32021;37460;1
32020;37460;6
32023;37461;1
32022;37461;2
32029;37463;1
32028;37463;2
32027;37463;4
32026;37463;9
32031;37464;1
32030;37464;6
32032;37465;2
32033;37465;4
32035;37466;1
32034;37466;21
32038;37468;1
32037;37468;6
32044;37476;1
32045;37476;4
32047;37477;1
32046;37477;6
32049;37478;1
32048;37478;6
32050;37479;1
32054;37481;1
32053;37481;9
32057;37482;1
32056;37482;2
32055;37482;9
32070;37488;1
32069;37488;2
32067;37488;4
32068;37488;6
32075;37490;1
32074;37490;2
32073;37490;68
32083;37493;1
32082;37493;6
32081;37493;9
32090;37496;1
32089;37496;6
32088;37496;29
32091;37496;48
32087;37496;57
32096;37499;1
32095;37499;6
32094;37499;107
32098;37500;1
32097;37500;35
32102;37502;1
32101;37502;6
32099;37502;10
32100;37502;48
32105;37503;1
32104;37503;6
32103;37503;57
32107;37505;1
32106;37505;6
32111;37506;1
32110;37506;6
32108;37506;28
32109;37506;57
32116;37508;2
32115;37508;9
32114;37508;13
32126;37512;1
32125;37512;6
32124;37512;20
32147;37530;1
32146;37530;2
32145;37530;6
32151;37533;2
32155;37536;2
32164;37553;1
32163;37553;2
32162;37553;9
32161;37553;21
32166;37560;1
32165;37560;6
32168;37561;1
32167;37561;9
32170;37562;1
32169;37562;2
32172;37564;1
32171;37564;6
32174;37565;1
32173;37565;6
32175;37566;1
32176;37567;1
32177;37568;1
32182;37570;1
32181;37570;2
32180;37570;9
32183;37572;1
32186;37573;1
32185;37573;2
32184;37573;5
32192;37577;1
32191;37577;6
32190;37577;9
32194;37578;1
32193;37578;6
32197;37580;1
32196;37580;6
32195;37580;9
32199;37582;1
32198;37582;6
32201;37583;1
32200;37583;6
32203;37584;1
32202;37584;6
32205;37587;1
32204;37587;6
32208;37588;1
32207;37588;6
32206;37588;9
32214;37592;1
32213;37592;6
32212;37592;9
32219;37594;1
32218;37594;6
32217;37594;9
32222;37596;1
32221;37596;2
32220;37596;6
32225;37597;1
32224;37597;6
32223;37597;9
32229;37602;1
32228;37602;6
32239;37609;1
32237;37609;4
32238;37609;6
32236;37609;10
32243;37614;1
32242;37614;6
32254;37629;1
32255;37633;1
32258;37662;1
32257;37662;2
32256;37662;6
32260;37663;1
32259;37663;6
32270;37687;1
32269;37687;7
32272;37688;4
32271;37688;8
785;37707;1
786;37707;6
784;37707;29
787;37707;30
788;37707;31
789;37708;1
790;37708;2
791;37708;6
32289;37710;2
32294;37712;1
32293;37712;6
32292;37712;15
32298;37716;1
32297;37716;6
32299;37716;8
32296;37716;9
32295;37716;15
32305;37719;1
32304;37719;6
32303;37719;15
32307;37723;1
32306;37723;6
32309;37724;1
32308;37724;6
32315;37726;1
32314;37726;6
32313;37726;15
32318;37727;1
32317;37727;6
32316;37727;15
32321;37728;1
32320;37728;6
32319;37728;9
32343;37739;1
32342;37739;9
32341;37739;15
32346;37740;1
32345;37740;6
32344;37740;21
32362;37751;1
32361;37751;15
792;37758;1
793;37758;2
32366;37764;1
32365;37764;30
32368;37765;1
32367;37765;30
32372;37766;1
32370;37766;9
32371;37766;84
32369;37766;110
32380;37774;1
32379;37774;57
32384;37776;1
32383;37776;47
32388;37779;1
32387;37779;2
32386;37779;30
32385;37779;48
32395;37787;1
32394;37787;48
32393;37787;57
32392;37787;111
32397;37788;1
32396;37788;85
32403;37793;1
32402;37793;30
32417;37804;1
32416;37804;2
32415;37804;6
32419;37807;1
32418;37807;30
32421;37808;1
32420;37808;30
32428;37812;1
32426;37812;30
32427;37812;85
32439;37824;1
32438;37824;6
32437;37824;30
32477;37860;1
32476;37860;30
32516;37881;1
32515;37881;6
32514;37881;30
32535;37891;1
32534;37891;6
32549;37901;1
32548;37901;6
32547;37901;30
32559;37907;1
32572;37917;1
32571;37917;6
32584;37921;1
32583;37921;6
32582;37921;57
32600;37931;1
32599;37931;6
794;37989;1
795;37989;6
32618;37991;1
32617;37991;6
32616;37991;15
32620;37992;1
32619;37992;6
32624;37993;1
32622;37993;6
32623;37993;24
32621;37993;88
32627;37994;1
32626;37994;6
32625;37994;30
32630;37995;1
32629;37995;6
32628;37995;55
32635;37998;1
32634;37998;6
32637;37999;1
32636;37999;6
32639;38000;1
32638;38000;6
32644;38001;1
32643;38001;6
32642;38001;15
32640;38001;39
32641;38001;55
1319;38003;1
1321;38003;6
1320;38003;42
32650;38004;1
32649;38004;6
32648;38004;55
32653;38005;1
32652;38005;6
32651;38005;42
32661;38009;1
32660;38009;6
32659;38009;42
32664;38011;1
32663;38011;6
32662;38011;15
32667;38013;1
32666;38013;6
32665;38013;15
32669;38014;1
32668;38014;6
32672;38015;1
32671;38015;6
32670;38015;42
32676;38018;1
32675;38018;6
32678;38021;1
32677;38021;6
32680;38022;1
32679;38022;6
32684;38023;1
32683;38023;6
32681;38023;10
32682;38023;39
32685;38023;42
32688;38024;1
32687;38024;6
32686;38024;10
32690;38025;1
32689;38025;6
32692;38026;1
32691;38026;6
32694;38028;1
32693;38028;6
32700;38030;1
32697;38030;2
32699;38030;6
32698;38030;9
32701;38030;40
32707;38035;1
32706;38035;6
32705;38035;10
32704;38035;15
32709;38036;1
32708;38036;6
32713;38037;1
32712;38037;2
32711;38037;6
32710;38037;9
32716;38039;1
32715;38039;6
32714;38039;15
32720;38040;1
32718;38040;3
32719;38040;6
32717;38040;15
32724;38042;1
32723;38042;6
32722;38042;23
32721;38042;42
32737;38048;1
32750;38053;1
32749;38053;6
32748;38053;42
32747;38053;56
32753;38055;1
32752;38055;6
32751;38055;42
32756;38057;1
32755;38057;6
32754;38057;55
32758;38058;1
32757;38058;6
32760;38059;1
32759;38059;6
32763;38062;1
32770;38064;1
32769;38064;2
32768;38064;15
32771;38065;1
32774;38066;1
32773;38066;6
32772;38066;42
32779;38068;1
32778;38068;6
32777;38068;10
32780;38069;1
32783;38070;1
32782;38070;6
32781;38070;55
32784;38071;1
32786;38075;1
32790;38077;1
32789;38077;6
32787;38077;10
32788;38077;42
32796;38081;1
32795;38081;6
32794;38081;42
32793;38081;56
32812;38090;1
32811;38090;6
32810;38090;42
32814;38091;1
32813;38091;6
32827;38097;1
32826;38097;10
32829;38098;1
32828;38098;15
32833;38099;1
32832;38099;2
32831;38099;6
32830;38099;10
32838;38102;1
32837;38102;39
32843;38152;1
32842;38152;6
32846;38153;1
32845;38153;2
32844;38153;6
32857;38161;1
32856;38161;2
32855;38161;6
32863;38164;2
32865;38166;1
32864;38166;6
32872;38170;1
32871;38170;2
32870;38170;6
32875;38171;1
32874;38171;2
32873;38171;68
32880;38173;1
32879;38173;2
32878;38173;12
32881;38176;2
32884;38177;1
32883;38177;2
32882;38177;6
32885;38178;1
32891;38180;1
32890;38180;2
32889;38180;6
32888;38180;10
32892;38181;1
32894;38182;1
32893;38182;2
32896;38183;1
32895;38183;2
32900;38185;1
32899;38185;2
32898;38185;6
32897;38185;10
32902;38186;2
32903;38186;4
32901;38186;10
32905;38186;11
32904;38186;15
32910;38189;2
32909;38189;6
32908;38189;10
32912;38190;1
32911;38190;2
32915;38192;1
32914;38192;2
32916;38193;2
32919;38194;1
32918;38194;2
32917;38194;6
32920;38195;1
32922;38196;2
32921;38196;12
32924;38197;1
32923;38197;2
32927;38199;1
32926;38199;2
32925;38199;6
32929;38200;1
32928;38200;6
32931;38201;1
32930;38201;2
32935;38202;1
32934;38202;2
32933;38202;11
32932;38202;15
32936;38203;1
32938;38204;1
32937;38204;10
32943;38245;1
32942;38245;30
32945;38246;1
32944;38246;6
32946;38247;1
32948;38248;1
32947;38248;6
32950;38249;1
32949;38249;6
32953;38250;1
32952;38250;6
32951;38250;18
32954;38251;1
32955;38252;1
32962;38269;1
32961;38269;6
32964;38273;1
32963;38273;6
32967;38288;1
32966;38288;2
32965;38288;6
32970;38293;1
32969;38293;2
32971;38294;1
32977;38327;1
32976;38327;6
32981;38346;1
32980;38346;6
800;38404;1
801;38404;6
32990;38407;1
32989;38407;6
32994;38409;1
32993;38409;6
32992;38409;9
32998;38410;1
32996;38410;6
32995;38410;29
32997;38410;59
33006;38413;1
33005;38413;6
33004;38413;42
33014;38415;1
33013;38415;30
33012;38415;42
33016;38416;1
33015;38416;10
33026;38429;1
33025;38429;6
33024;38429;10
33028;38430;1
33027;38430;10
33030;38432;1
33029;38432;10
806;38434;1
807;38434;2
805;38434;10
808;38439;1
809;38439;2
33037;38440;1
33036;38440;2
33040;38441;1
33039;38441;2
33038;38441;6
33043;38443;1
33042;38443;4
33049;38451;1
33048;38451;6
33047;38451;12
33052;38452;1
33051;38452;6
33050;38452;14
33056;38454;1
33055;38454;6
33054;38454;14
33059;38455;1
33057;38455;10
33058;38455;14
33066;38457;1
33065;38457;6
33064;38457;9
33063;38457;14
33069;38458;1
33068;38458;6
33067;38458;14
33071;38460;1
33070;38460;6
33075;38461;1
33074;38461;6
33073;38461;14
33072;38461;42
33081;38463;1
33080;38463;6
33079;38463;14
33085;38464;1
33084;38464;6
33083;38464;14
33082;38464;39
33088;38465;1
33087;38465;2
33086;38465;6
33090;38467;1
33092;38467;4
33091;38467;14
33101;38483;1
33100;38483;6
33111;38487;1
33110;38487;6
33109;38487;9
33108;38487;14
33118;38494;1
33117;38494;11
33116;38494;15
33128;38499;1
33127;38499;6
33126;38499;12
33132;38502;1
33131;38502;6
33130;38502;14
33134;38505;1
33133;38505;6
33152;38512;1
33151;38512;2
33150;38512;12
33164;38528;1
813;38560;1
814;38560;6
815;38561;1
816;38561;2
33178;38567;1
33177;38567;6
33183;38573;1
33182;38573;6
33181;38573;8
33180;38573;10
33186;38607;1
33185;38607;6
33188;38608;1
33187;38608;6
33190;38610;1
33189;38610;6
33202;38624;1
33204;38625;1
33203;38625;6
33209;38628;1
33210;38639;2
33212;38658;1
33213;38659;1
821;38664;2
33216;38665;2
33215;38665;28
822;38686;2
33225;38687;1
33222;38687;2
33224;38687;6
33223;38687;9
33221;38687;21
33229;38688;1
33228;38688;2
33227;38688;6
33226;38688;9
33231;38689;1
33230;38689;6
33234;38690;1
33233;38690;2
33232;38690;6
33236;38691;1
33235;38691;6
33239;38692;1
33238;38692;2
33237;38692;6
33240;38694;2
33245;38695;1
33242;38695;2
33244;38695;6
33243;38695;9
33241;38695;21
33247;38696;1
33246;38696;6
33248;38697;1
33255;38699;1
33254;38699;2
33253;38699;6
33252;38699;10
823;38713;1
824;38713;6
33260;38716;1
33259;38716;2
33258;38716;6
33265;38718;1
33264;38718;2
825;38744;1
33276;38746;1
33275;38746;2
33274;38746;6
33273;38746;21
33278;38749;1
33277;38749;6
33280;38751;2
33279;38751;7
33283;38754;1
33282;38754;2
33281;38754;6
33289;38756;1
33288;38756;2
33287;38756;36
33291;38758;1
33290;38758;2
33292;38759;1
33295;38760;1
33294;38760;2
33293;38760;21
33296;38762;2
33299;38763;1
33298;38763;2
33297;38763;6
33300;38764;2
33301;38765;2
33307;38767;1
33306;38767;2
33305;38767;6
33308;38768;2
33309;38768;4
33311;38770;1
33310;38770;2
33313;38771;1
33312;38771;2
33316;38772;1
33315;38772;2
33314;38772;21
33319;38774;1
33318;38774;2
33317;38774;6
33320;38775;1
33323;38776;1
33322;38776;2
33321;38776;9
33324;38779;2
826;38808;1
33327;38809;1
33326;38809;2
33329;38811;1
33328;38811;2
33330;38814;1
33332;38815;1
33331;38815;2
33336;38817;1
33338;38817;2
33339;38817;5
33337;38817;6
33340;38818;2
33341;38819;2
33344;38822;2
33343;38822;21
33346;38823;1
33345;38823;6
33352;38828;1
33351;38828;6
33359;38832;1
33358;38832;6
33361;38838;1
33360;38838;6
33364;38839;1
33363;38839;2
33362;38839;6
33366;38840;1
33365;38840;6
33370;38841;1
33369;38841;2
33368;38841;6
33367;38841;21
33375;38846;1
33374;38846;6
33378;38848;1
33377;38848;6
33380;38849;1
33379;38849;6
33382;38850;1
33381;38850;6
33384;38851;1
33383;38851;6
33386;38853;1
33385;38853;6
33390;38854;1
33389;38854;2
33388;38854;6
33387;38854;12
33394;38856;2
33395;38858;1
33397;38858;2
33398;38858;4
33396;38858;7
33401;38859;1
33400;38859;2
33399;38859;10
827;38865;1
828;38865;2
829;38865;6
33408;38869;1
33407;38869;6
33406;38869;10
33405;38869;21
33418;38878;1
33417;38878;6
33421;38879;1
33420;38879;2
33419;38879;6
33423;38880;1
33422;38880;6
33427;38882;1
33426;38882;6
33431;38884;1
33430;38884;2
33429;38884;6
33434;38885;1
33433;38885;2
33432;38885;6
33436;38888;1
33435;38888;6
33441;38893;1
33440;38893;2
33439;38893;10
33444;38894;1
33443;38894;2
33442;38894;10
33446;38896;1
33445;38896;2
830;38926;2
831;38940;1
833;38940;2
832;38940;16
33471;38951;1
33467;38951;2
33470;38951;6
33469;38951;9
33468;38951;15
33476;38955;1
33475;38955;6
33474;38955;9
33496;38968;1
33495;38968;2
33494;38968;6
33502;38970;1
33501;38970;2
33500;38970;6
871;38973;1
872;38973;2
33508;38976;1
33507;38976;6
33513;38980;4
33515;38982;1
33514;38982;6
33518;38983;1
33517;38983;2
33516;38983;6
33522;38986;1
33521;38986;6
33526;38991;2
33538;38998;2
33543;38999;1
33541;38999;2
33542;38999;6
33540;38999;10
33539;38999;21
834;39021;1
835;39021;2
33551;39023;1
33550;39023;2
33549;39023;6
33554;39025;1
33553;39025;2
33552;39025;6
33556;39027;1
33555;39027;6
33559;39028;1
33558;39028;2
33557;39028;6
33562;39029;1
33561;39029;6
33560;39029;21
33564;39030;1
33563;39030;2
841;39031;1
842;39031;2
843;39031;6
33571;39032;1
33570;39032;2
33569;39032;6
33568;39032;21
33574;39033;1
33573;39033;2
33572;39033;6
33576;39034;1
33575;39034;6
33580;39035;1
33579;39035;2
33577;39035;6
33578;39035;36
33583;39036;1
33582;39036;2
33581;39036;6
33585;39037;1
33584;39037;6
33590;39039;1
33587;39039;2
33589;39039;6
33588;39039;9
33586;39039;21
33593;39040;1
33592;39040;2
33591;39040;6
33594;39041;2
33596;39044;1
33595;39044;6
33601;39046;1
33600;39046;2
33599;39046;6
33598;39046;21
33605;39048;1
33604;39048;2
33603;39048;6
33602;39048;21
33608;39049;1
33607;39049;2
33606;39049;6
33610;39050;1
33609;39050;6
33614;39051;1
33613;39051;2
33612;39051;10
33611;39051;21
33616;39052;1
33615;39052;6
33619;39053;1
33618;39053;2
33617;39053;6
33621;39054;1
33620;39054;6
33624;39055;1
33623;39055;2
33622;39055;6
33625;39057;2
33626;39058;2
33631;39060;1
33628;39060;2
33630;39060;6
33627;39060;10
33629;39060;55
33634;39061;1
33633;39061;2
33632;39061;6
33637;39062;1
33636;39062;2
33635;39062;6
33640;39063;1
33639;39063;2
33638;39063;6
33643;39064;1
33642;39064;6
33641;39064;21
33646;39065;1
33645;39065;2
33644;39065;6
33654;39070;1
33651;39070;2
33653;39070;6
33652;39070;9
33650;39070;21
33657;39071;1
33656;39071;2
33655;39071;6
33658;39072;2
33662;39073;1
33661;39073;6
33660;39073;9
33659;39073;21
33667;39074;1
33665;39074;2
33666;39074;6
33664;39074;10
33663;39074;21
33668;39076;2
33671;39077;1
33670;39077;2
33669;39077;6
33672;39078;2
33677;39079;1
33675;39079;2
33676;39079;6
33674;39079;10
33673;39079;21
33686;39083;1
33685;39083;6
33684;39083;21
33687;39084;1
33689;39085;2
33688;39085;21
33691;39086;1
33690;39086;2
33694;39087;1
33693;39087;2
33692;39087;6
33700;39090;1
33699;39090;2
33698;39090;6
33704;39094;1
33703;39094;2
33702;39094;6
33711;39096;1
33710;39096;2
33709;39096;10
33708;39096;21
33713;39097;1
33712;39097;2
33714;39098;2
33716;39099;1
33715;39099;6
33721;39101;1
33720;39101;2
33724;39102;1
33723;39102;2
33722;39102;21
33728;39103;1
33726;39103;2
33727;39103;6
33729;39103;7
33725;39103;21
33731;39105;1
33732;39106;1
33733;39107;2
33734;39108;2
33735;39109;1
33742;39113;1
33743;39114;2
33745;39115;1
33744;39115;2
33749;39116;1
33748;39116;2
33747;39116;10
33746;39116;21
33752;39119;2
33759;39123;1
33758;39123;2
33757;39123;9
33764;39126;1
33763;39126;4
33767;39129;1
33766;39129;2
33765;39129;6
33772;39136;2
33771;39136;60
33774;39138;2
33775;39138;55
33773;39138;60
33782;39146;1
33781;39146;2
33784;39157;2
33783;39157;10
33786;39159;2
33785;39159;17
33788;39180;1
33787;39180;55
836;39208;1
837;39208;6
33800;39212;1
33799;39212;2
33798;39212;6
33797;39212;21
33803;39219;1
33802;39219;2
33801;39219;6
839;39228;1
840;39228;2
33807;39229;1
33806;39229;2
33809;39230;1
33808;39230;2
33811;39231;2
33810;39231;21
33813;39232;1
33812;39232;2
33816;39234;1
33815;39234;2
33814;39234;6
33819;39235;1
33818;39235;2
33817;39235;21
33822;39236;1
33821;39236;2
33820;39236;4
33823;39237;2
33826;39238;1
33825;39238;2
33824;39238;10
33829;39239;1
33828;39239;2
33827;39239;6
33832;39240;1
33831;39240;2
33830;39240;21
33839;39242;1
33838;39242;2
33841;39243;1
33840;39243;21
33842;39244;1
33843;39245;1
33845;39246;1
33844;39246;6
33847;39247;1
33846;39247;2
33849;39248;1
33848;39248;2
33850;39249;1
33857;39252;1
33860;39253;1
33859;39253;2
33858;39253;9
33863;39254;1
33862;39254;2
33861;39254;21
33871;39256;1
33870;39256;2
33869;39256;9
33868;39256;21
33873;39257;1
33872;39257;2
33877;39258;1
33876;39258;2
33875;39258;9
33874;39258;21
33881;39259;1
33880;39259;2
33879;39259;4
33878;39259;9
33884;39260;1
33883;39260;2
33882;39260;21
33886;39261;1
33885;39261;2
33887;39262;1
33888;39262;4
33889;39263;1
33891;39264;1
33890;39264;2
33893;39265;1
33892;39265;2
33895;39266;1
33894;39266;2
33899;39268;1
33898;39268;2
33901;39269;1
33900;39269;2
33902;39270;1
33903;39270;4
33904;39271;2
33905;39271;4
33908;39272;1
33907;39272;9
33906;39272;21
33912;39274;1
33911;39274;2
33913;39275;1
33915;39276;1
33914;39276;2
33917;39277;1
33916;39277;4
33919;39278;1
33918;39278;2
33922;39279;1
33921;39279;2
33920;39279;4
33924;39280;1
33923;39280;2
33927;39281;1
33926;39281;2
33925;39281;6
33928;39282;1
33931;39283;1
33930;39283;2
33929;39283;6
33934;39284;1
33933;39284;2
33932;39284;6
33936;39285;1
33935;39285;2
33940;39288;1
33939;39288;2
33943;39289;1
33942;39289;9
33941;39289;21
33944;39290;1
33947;39291;1
33946;39291;2
33945;39291;6
33949;39292;1
33948;39292;2
33950;39293;1
33952;39294;1
33951;39294;2
33955;39295;1
33954;39295;2
33953;39295;36
33958;39296;1
33957;39296;2
33956;39296;21
33961;39297;1
33960;39297;2
33959;39297;21
33963;39298;1
33962;39298;2
33966;39299;1
33965;39299;9
33964;39299;21
33967;39300;1
33969;39301;1
33968;39301;6
33972;39302;1
33971;39302;2
33970;39302;6
33975;39303;1
33974;39303;6
33973;39303;21
33977;39304;1
33976;39304;6
33980;39306;1
33979;39306;6
33978;39306;21
33982;39307;1
33981;39307;2
33985;39309;1
33984;39309;2
33983;39309;21
33987;39310;1
33986;39310;6
33990;39311;1
33989;39311;2
33988;39311;4
33992;39312;1
33991;39312;2
33995;39313;1
33994;39313;2
33993;39313;6
33999;39314;1
33998;39314;2
33996;39314;6
33997;39314;36
34002;39315;1
34001;39315;2
34000;39315;6
34005;39316;1
34004;39316;2
34003;39316;6
34007;39317;1
34006;39317;2
34009;39319;1
34008;39319;2
34010;39320;2
34012;39328;1
34011;39328;2
34015;39329;1
34014;39329;2
34013;39329;6
34017;39331;1
34016;39331;6
34020;39332;1
34019;39332;2
34018;39332;6
34022;39333;1
34021;39333;6
34024;39334;1
34023;39334;6
34028;39335;1
34027;39335;2
34026;39335;6
34025;39335;9
34029;39336;2
34031;39337;1
34030;39337;2
34032;39338;1
34035;39341;1
34034;39341;2
34033;39341;10
34042;39347;2
34044;39350;1
34043;39350;2
34046;39353;1
34045;39353;21
34049;39358;1
34048;39358;2
34047;39358;39
34058;39377;1
34057;39377;6
34066;39388;1
34065;39388;2
34064;39388;6
34075;39411;1
34074;39411;2
34073;39411;6
34079;39417;1
34080;39419;2
34086;39422;1
34085;39422;2
34089;39424;1
34093;39425;1
34092;39425;2
34091;39425;6
34090;39425;42
34098;39428;1
34097;39428;2
34095;39428;21
34096;39428;28
34100;39429;1
34099;39429;55
34103;39430;1
34102;39430;6
34101;39430;9
34105;39431;1
34104;39431;10
848;39472;1
850;39472;2
849;39472;21
1164;39475;1
1167;39475;6
1165;39475;9
1166;39475;28
34120;39476;1
34118;39476;2
34119;39476;6
34117;39476;21
34121;39476;36
34130;39479;1
34129;39479;2
34132;39480;2
34131;39480;21
34135;39481;1
34134;39481;2
34133;39481;6
34148;39485;1
34147;39485;2
34146;39485;9
34145;39485;21
34151;39486;1
34150;39486;2
34149;39486;21
34161;39490;1
34160;39490;6
34159;39490;21
34167;39492;1
34166;39492;2
34165;39492;21
34169;39493;1
34168;39493;6
34173;39497;1
34172;39497;2
34171;39497;6
34170;39497;10
34175;39498;1
34174;39498;6
34182;39506;1
34184;39507;2
34183;39507;6
34187;39508;1
34186;39508;2
34185;39508;21
34188;39510;2
34190;39513;1
34189;39513;2
34193;39516;2
34195;39517;2
34194;39517;21
34202;39522;1
34201;39522;6
34200;39522;9
34207;39525;2
34211;39533;1
34208;39533;2
34212;39533;14
34213;39533;36
34210;39533;60
34209;39533;117
851;39546;1
852;39546;2
853;39546;6
34217;39547;2
34219;39548;1
34218;39548;6
34220;39552;2
854;39574;1
855;39574;2
34224;39583;1
34223;39583;2
34226;39584;1
34225;39584;2
34232;39598;1
34231;39598;2
34230;39598;28
34234;39605;1
34233;39605;36
34236;39607;1
34235;39607;2
34239;39612;1
34238;39612;2
34237;39612;42
34241;39614;1
34240;39614;2
34242;39616;2
34243;39619;1
34245;39621;1
34244;39621;2
34246;39624;1
34250;39625;1
34249;39625;2
34248;39625;6
34247;39625;42
34254;39627;1
34253;39627;2
34252;39627;6
34251;39627;42
34257;39628;1
34256;39628;2
34255;39628;10
1349;39630;1
1350;39630;2
1351;39630;6
34265;39636;1
34264;39636;6
856;39639;1
858;39639;6
859;39639;28
857;39639;35
860;39639;36
34280;39645;1
34279;39645;2
34278;39645;6
34284;39647;1
34283;39647;2
34286;39652;1
34285;39652;6
34290;39653;1
34289;39653;2
34288;39653;6
34287;39653;41
34294;39659;2
34298;39662;1
34297;39662;2
34296;39662;6
34304;39668;1
34303;39668;2
34302;39668;6
34306;39671;1
34305;39671;6
34312;39677;1
34311;39677;2
34310;39677;6
34315;39687;1
34314;39687;2
34317;39689;1
34316;39689;2
34320;39690;1
34319;39690;2
34318;39690;46
1182;39752;1
1183;39752;2
1184;39752;6
34346;39758;1
34345;39758;6
34355;39774;1
34354;39774;2
34353;39774;6
34357;39775;1
34356;39775;6
34359;39779;2
34358;39779;6
34365;39786;1
34364;39786;2
34363;39786;6
34370;39793;1
34374;39795;1
34373;39795;2
34372;39795;36
34375;39796;2
34377;39798;1
34376;39798;28
861;39855;1
862;39855;37
34403;39870;1
34402;39870;2
34401;39870;41
34406;39897;1
34405;39897;2
34404;39897;6
34408;39898;1
34407;39898;6
34411;39899;1
34410;39899;2
34409;39899;21
34414;39900;1
34413;39900;2
34412;39900;6
34416;39901;1
34415;39901;2
34418;39903;1
34417;39903;2
34421;39904;1
34420;39904;2
34419;39904;6
34425;39906;1
34424;39906;2
34431;39908;1
34430;39908;2
34433;39909;1
34432;39909;2
34434;39910;1
34438;39911;1
34437;39911;2
34436;39911;6
34435;39911;42
34441;39912;1
34440;39912;2
34439;39912;9
34444;39913;1
34443;39913;2
34442;39913;6
34446;39914;1
34445;39914;2
34450;39915;1
34449;39915;2
34448;39915;9
34447;39915;21
34451;39916;1
34452;39917;1
34453;39919;1
34454;39920;1
34457;39921;1
34456;39921;9
34455;39921;21
34458;39922;1
34462;39923;1
34461;39923;2
34459;39923;10
34460;39923;14
34463;39925;1
34466;39955;2
34469;39957;1
34468;39957;2
34467;39957;14
34477;39960;1
34476;39960;2
34478;39961;2
34481;39962;1
34480;39962;2
34479;39962;28
34488;39965;1
34487;39965;6
34486;39965;55
34491;39968;4
34494;39971;1
34496;39971;2
34497;39971;4
34495;39971;9
34498;39972;2
34499;39973;2
34502;39976;2
34504;39977;1
34503;39977;2
34508;39979;2
34509;39982;1
34510;39982;2
34511;39982;4
34512;39984;1
34514;39985;1
34513;39985;2
34516;39986;1
34515;39986;6
34518;39987;2
34519;39987;4
34517;39987;9
34521;39989;1
34520;39989;6
34522;39990;4
34524;39991;2
34523;39991;36
34529;39994;1
34528;39994;6
34527;39994;16
34530;39995;2
34532;39996;1
34531;39996;2
34535;39999;1
34534;39999;2
34538;40000;1
34537;40000;10
34536;40000;12
34540;40002;1
34539;40002;21
34544;40003;1
34543;40003;2
34541;40003;6
34542;40003;36
34548;40006;1
34550;40006;4
34549;40006;6
34565;40013;2
34564;40013;21
34569;40014;1
34568;40014;2
34566;40014;21
34567;40014;36
34571;40015;1
34570;40015;2
34573;40016;1
34572;40016;2
34575;40017;1
34574;40017;10
34579;40019;1
34577;40019;2
34578;40019;6
34576;40019;28
34580;40019;42
34583;40020;1
34582;40020;6
34581;40020;10
34585;40021;1
34584;40021;2
34588;40022;1
34587;40022;2
34586;40022;10
34593;40025;1
34592;40025;2
34591;40025;10
34598;40027;1
34597;40027;2
34596;40027;79
34601;40029;4
34610;40032;1
34609;40032;2
34608;40032;6
34616;40040;1
34615;40040;2
34614;40040;6
34617;40042;1
34620;40043;1
34619;40043;2
34618;40043;9
34621;40045;1
34623;40046;1
34622;40046;6
34626;40047;1
34625;40047;2
34624;40047;21
34638;40053;1
34637;40053;2
34636;40053;21
34642;40054;1
34641;40054;2
34640;40054;9
34639;40054;21
34644;40055;1
34643;40055;2
34645;40056;2
34646;40056;4
34648;40057;1
34647;40057;4
34650;40059;1
34649;40059;10
34654;40061;2
34655;40062;1
34656;40064;2
34657;40064;4
34661;40066;4
34662;40067;2
34664;40069;1
34663;40069;2
34668;40073;4
34671;40075;2
34670;40075;46
34673;40076;1
34672;40076;6
34676;40077;1
34675;40077;2
34674;40077;6
34683;40079;1
34682;40079;2
34681;40079;6
34680;40079;10
34688;40080;1
34684;40080;2
34687;40080;6
34686;40080;22
34685;40080;39
34690;40082;2
34692;40084;4
34691;40084;6
34696;40085;1
34695;40085;2
34693;40085;10
34694;40085;36
34698;40086;1
34697;40086;2
34700;40089;1
34699;40089;42
34703;40094;1
34708;40103;1
34707;40103;2
34706;40103;28
868;40153;2
34715;40157;2
34716;40158;2
34717;40160;1
34718;40161;2
34722;40166;1
34721;40166;2
34726;40167;1
34725;40167;2
34727;40167;7
34724;40167;10
34723;40167;21
34728;40168;2
34731;40169;1
34730;40169;2
34729;40169;36
34734;40170;1
34733;40170;2
34732;40170;6
34739;40174;1
34738;40174;2
34737;40174;6
34743;40177;2
34742;40177;7
34744;40178;2
34747;40180;1
34746;40180;2
34745;40180;6
995;40181;1
996;40181;6
34750;40183;2
34755;40185;2
34756;40185;4
34757;40186;2
34758;40186;4
34760;40187;1
34759;40187;6
34761;40191;2
34764;40193;1
34763;40193;6
34762;40193;42
34767;40194;1
34766;40194;2
34765;40194;6
34771;40201;1
34770;40201;2
34769;40201;6
34768;40201;9
34773;40204;1
34772;40204;6
34775;40206;2
34778;40208;1
34777;40208;2
34776;40208;6
34780;40209;1
34779;40209;6
34785;40211;1
34784;40211;2
34783;40211;7
34782;40211;8
34787;40217;1
34786;40217;6
34791;40222;1
34790;40222;2
34789;40222;21
34792;40223;2
34795;40224;1
34794;40224;2
34793;40224;8
34796;40227;2
34797;40229;2
34804;40237;2
34808;40250;1
34807;40250;2
869;40345;1
870;40345;6
34817;40346;1
34814;40346;2
34815;40346;4
34816;40346;6
34813;40346;10
34824;40351;1
34823;40351;2
34822;40351;6
34830;40358;2
34832;40362;1
34831;40362;2
34835;40371;2
34833;40371;28
34834;40371;42
34836;40379;2
34839;40381;1
34838;40381;2
34837;40381;10
34841;40424;2
34840;40424;24
34850;40431;1
34849;40431;2
34848;40431;6
34852;40432;1
34851;40432;6
34855;40434;1
34854;40434;2
34853;40434;6
34857;40443;2
34856;40443;24
34859;40444;1
34858;40444;6
34863;40448;1
34862;40448;6
34866;40451;1
34865;40451;2
34864;40451;6
34870;40455;1
34869;40455;6
34871;40456;2
34872;40465;1
34875;40466;1
34873;40466;4
34874;40466;6
34877;40468;1
34876;40468;104
34878;40469;2
34879;40471;1
34882;40472;1
34881;40472;2
34880;40472;6
34884;40473;1
34883;40473;2
34889;40486;1
34888;40486;21
34891;40488;2
34890;40488;6
34892;40496;2
34909;40516;1
34908;40516;2
34907;40516;6
34906;40516;28
34911;40522;1
34910;40522;2
34912;40526;1
34918;40544;1
34917;40544;6
34921;40566;1
34924;40568;1
34928;40630;2
873;40692;2
874;40692;4
34931;40693;4
34932;40694;2
34933;40694;4
34934;40695;1
34935;40695;2
34936;40695;4
34937;40696;1
34938;40696;4
34939;40697;1
34940;40697;4
34941;40698;4
34942;40699;1
34943;40699;2
34944;40699;4
34945;40700;1
34946;40700;4
34947;40701;1
34948;40701;2
34949;40701;4
34950;40702;1
34951;40702;4
34952;40703;1
34953;40703;4
34970;40710;1
34971;40710;4
34972;40711;1
34973;40711;2
34974;40711;4
34979;40720;1
34984;40723;1
34983;40723;9
34997;40728;1
34996;40728;6
34999;40729;1
34998;40729;6
35007;40733;1
35013;40736;1
35019;40739;1
35018;40739;9
35017;40739;15
35023;40741;1
35022;40741;9
35024;40742;1
35036;40748;1
35035;40748;6
35044;40752;1
35043;40752;9
35062;40759;1
35061;40759;6
35064;40760;1
35063;40760;2
35077;40766;1
35076;40766;6
35075;40766;9
35090;40771;1
35098;40773;1
35096;40773;2
35094;40773;18
35097;40773;19
35095;40773;35
35104;40777;1
35103;40777;9
35107;40778;1
35106;40778;2
35105;40778;9
35108;40779;1
35120;40783;1
35119;40783;6
35118;40783;9
35117;40783;42
35132;40789;1
35131;40789;6
35134;40790;1
35133;40790;6
35136;40791;1
35135;40791;6
35139;40792;1
35138;40792;6
35137;40792;9
35145;40796;1
35144;40796;6
35143;40796;30
878;40807;1
880;40807;2
879;40807;9
35153;40809;1
35152;40809;9
35178;40821;1
35177;40821;2
35176;40821;6
35175;40821;9
35184;40825;1
35185;40825;4
35194;40830;1
35193;40830;2
35209;40838;1
35207;40838;6
35208;40838;52
35216;40841;1
35220;40843;1
35219;40843;9
35226;40845;1
35225;40845;9
35231;40847;1
35230;40847;6
35234;40849;1
35237;40851;1
35236;40851;6
35246;40855;1
35245;40855;9
35248;40856;1
35247;40856;38
35255;40859;1
35272;40865;1
35270;40865;6
35271;40865;52
35275;40866;1
35274;40866;2
35273;40866;9
35285;40871;1
35284;40871;52
35286;40872;1
35296;40876;1
35295;40876;38
35302;40879;1
35301;40879;6
35300;40879;56
35303;40880;1
35313;40885;1
35312;40885;6
35320;40887;1
35319;40887;6
35318;40887;9
35323;40888;1
35322;40888;47
35321;40888;57
35332;40892;1
35331;40892;6
35334;40893;1
35333;40893;6
35335;40894;1
35337;40895;1
35336;40895;6
35339;40896;1
35338;40896;15
35342;40897;1
35341;40897;2
35340;40897;6
35343;40898;1
35344;40899;1
35346;40900;1
35345;40900;9
35351;40902;1
35350;40902;52
35349;40902;79
35358;40905;1
35357;40905;9
35356;40905;15
35360;40906;1
35359;40906;9
35362;40907;1
35361;40907;2
35366;40909;1
35365;40909;6
35367;40910;1
35369;40911;1
35368;40911;9
35371;40912;1
35370;40912;6
35385;40919;1
35384;40919;9
35388;40920;1
35387;40920;2
35386;40920;6
35390;40921;1
35389;40921;6
35396;40923;1
35395;40923;6
35402;40926;1
35401;40926;6
35400;40926;9
35409;40931;1
35408;40931;6
35411;40932;1
35410;40932;6
35417;40936;1
35416;40936;6
35420;40937;1
35419;40937;2
35418;40937;6
35423;40938;1
35422;40938;6
35421;40938;8
35426;40939;1
35425;40939;6
35424;40939;10
35435;40945;1
35434;40945;2
35437;40948;1
35436;40948;6
35440;40950;1
35457;40983;1
35456;40983;9
35459;40984;1
35458;40984;9
35462;40985;1
35461;40985;2
35460;40985;9
35497;40999;1
35496;40999;6
884;41007;1
886;41007;6
883;41007;15
885;41007;16
35515;41010;1
35514;41010;2
35513;41010;9
35519;41012;1
35518;41012;14
35521;41013;1
35520;41013;14
35525;41016;1
35523;41016;14
35524;41016;27
35522;41016;42
35527;41017;1
35526;41017;2
35530;41019;1
35529;41019;14
35528;41019;42
35532;41020;1
35531;41020;6
35535;41023;1
35533;41023;5
35534;41023;6
35540;41025;1
35539;41025;6
35542;41028;1
35541;41028;6
35549;41030;1
35548;41030;6
35547;41030;14
35552;41031;1
35551;41031;6
35550;41031;42
35554;41032;1
35553;41032;6
35559;41035;1
35558;41035;6
35557;41035;14
35564;41039;1
35563;41039;6
35562;41039;14
35568;41040;1
35567;41040;6
35566;41040;14
35565;41040;42
35570;41041;1
35569;41041;6
35574;41043;1
35573;41043;6
35572;41043;14
35571;41043;42
35577;41044;1
35576;41044;2
35575;41044;6
35578;41045;1
35581;41045;4
35580;41045;6
35579;41045;34
35587;41049;1
35586;41049;6
35585;41049;15
35589;41050;1
35588;41050;6
35592;41051;1
35591;41051;6
35590;41051;15
35597;41054;1
35596;41054;6
35595;41054;32
35610;41060;1
35609;41060;15
35613;41062;1
35612;41062;6
35615;41063;1
35614;41063;6
35627;41072;1
35626;41072;6
35639;41076;1
35638;41076;6
35640;41076;14
35637;41076;15
35636;41076;39
35642;41077;1
35641;41077;6
35644;41078;1
35643;41078;6
35648;41080;1
35647;41080;6
35655;41084;1
35654;41084;27
35653;41084;41
35657;41086;1
35656;41086;6
35661;41088;1
35660;41088;2
35659;41088;6
35658;41088;14
35663;41089;1
35662;41089;27
35665;41090;1
35664;41090;6
35668;41091;1
35667;41091;2
35666;41091;15
35677;41094;1
35676;41094;2
35675;41094;6
35679;41096;1
35678;41096;6
35683;41101;1
35682;41101;6
35687;41103;1
35686;41103;6
35690;41105;1
35689;41105;9
35688;41105;15
35692;41106;1
35691;41106;6
35696;41108;1
35695;41108;6
35698;41111;1
35697;41111;6
35701;41112;1
35700;41112;6
35699;41112;15
35709;41120;1
35708;41120;6
35707;41120;14
35706;41120;15
35724;41132;1
35723;41132;8
35736;41140;1
35739;41146;2
35740;41146;5
35738;41146;6
35737;41146;10
35749;41152;1
35748;41152;8
35747;41152;15
35751;41159;1
35750;41159;42
35756;41167;1
35755;41167;6
35754;41167;15
35765;41178;1
35764;41178;2
35763;41178;15
35762;41178;16
887;41220;1
35768;41221;1
35775;41226;1
35774;41226;2
35773;41226;14
35772;41226;15
35777;41227;1
35776;41227;14
35778;41228;1
35780;41230;1
35779;41230;14
35781;41231;1
35786;41234;1
35785;41234;14
35790;41235;1
35789;41235;6
35788;41235;14
35787;41235;42
35791;41236;1
35793;41238;1
35792;41238;14
35794;41239;1
35799;41241;1
35798;41241;2
35797;41241;6
35796;41241;42
35800;41242;1
35802;41243;1
35801;41243;14
35804;41245;1
35803;41245;14
35807;41246;1
35806;41246;2
35805;41246;15
35812;41249;1
35811;41249;2
35810;41249;14
35815;41252;1
35814;41252;14
35813;41252;15
35819;41254;1
35818;41254;2
35817;41254;14
35816;41254;15
35822;41255;1
35821;41255;2
35820;41255;14
35823;41256;1
35825;41257;1
35824;41257;14
35827;41258;1
35826;41258;2
35829;41261;1
35828;41261;14
35833;41262;1
35831;41262;14
35832;41262;27
35830;41262;42
35834;41264;1
35838;41267;1
35837;41267;6
35845;41269;1
35844;41269;6
35843;41269;15
35848;41270;1
35847;41270;2
35846;41270;6
35850;41271;1
35849;41271;6
35852;41272;1
35851;41272;6
35854;41273;1
35853;41273;9
35858;41274;1
35857;41274;6
35856;41274;14
35855;41274;42
35861;41275;1
35860;41275;6
35859;41275;14
35868;41279;1
35867;41279;6
35870;41280;1
35869;41280;15
35873;41283;1
35872;41283;6
35871;41283;15
35875;41284;1
35874;41284;35
35878;41285;1
35877;41285;6
35876;41285;14
35883;41287;1
35882;41287;6
35886;41288;1
35885;41288;6
35884;41288;32
35889;41289;1
35888;41289;6
35887;41289;14
35899;41292;1
35898;41292;6
35897;41292;9
35896;41292;15
35902;41293;1
35901;41293;6
35900;41293;14
35904;41294;1
35903;41294;6
35906;41296;1
35905;41296;6
35910;41298;1
35907;41298;5
35909;41298;6
35908;41298;14
35913;41300;1
35912;41300;6
35916;41301;1
35915;41301;6
35914;41301;15
35918;41302;1
35917;41302;6
35920;41303;1
35919;41303;6
35926;41307;1
35925;41307;6
35924;41307;27
35928;41309;1
35927;41309;6
35930;41311;1
35929;41311;6
35932;41312;1
35931;41312;6
35936;41313;1
35935;41313;2
35934;41313;6
35933;41313;14
35943;41323;1
35942;41323;6
35941;41323;39
35940;41323;55
35947;41343;1
35946;41343;2
35952;41395;1
35950;41395;14
35951;41395;27
35958;41408;1
35957;41408;35
35964;41425;1
35971;41431;1
35970;41431;6
35969;41431;55
35975;41433;1
35974;41433;6
35973;41433;10
35986;41444;1
35985;41444;6
35984;41444;14
35989;41449;1
35988;41449;6
35987;41449;15
35995;41455;1
35994;41455;2
35993;41455;14
35998;41462;1
35997;41462;28
36004;41469;1
36003;41469;6
36002;41469;15
36006;41470;1
36005;41470;6
36028;41507;1
36027;41507;2
36026;41507;6
36025;41507;14
36032;41509;1
36031;41509;6
36030;41509;9
36029;41509;15
36035;41516;1
36034;41516;6
36044;41558;1
36046;41559;1
36045;41559;14
36050;41561;1
36049;41561;15
36051;41563;1
36055;41565;1
36054;41565;2
36057;41566;1
36056;41566;4
36060;41567;1
36059;41567;14
36058;41567;15
36064;41569;1
36063;41569;2
36065;41570;1
36066;41572;4
36068;41573;1
36067;41573;2
36069;41574;1
36073;41576;1
36072;41576;15
36077;41579;1
36076;41579;6
36085;41584;1
36084;41584;6
36083;41584;15
36091;41586;1
36090;41586;6
36089;41586;14
36101;41592;1
36100;41592;6
36099;41592;15
36111;41599;1
36110;41599;6
36109;41599;15
36119;41603;1
36118;41603;6
36117;41603;9
36121;41604;1
36120;41604;6
36129;41608;1
36128;41608;2
36127;41608;6
36126;41608;15
36131;41610;1
36130;41610;15
36134;41613;1
36133;41613;6
36132;41613;15
36137;41614;1
36136;41614;6
36135;41614;15
36141;41615;1
36140;41615;2
36139;41615;6
36138;41615;15
36149;41620;1
36148;41620;6
36147;41620;14
36146;41620;15
36153;41621;1
36152;41621;6
36151;41621;14
36150;41621;15
36167;41632;1
36166;41632;6
36165;41632;9
36164;41632;15
36175;41634;1
36174;41634;6
36177;41634;14
36173;41634;39
36176;41634;42
36181;41635;1
36180;41635;6
36179;41635;14
36178;41635;15
36188;41640;1
36192;41642;1
36191;41642;15
36197;41643;1
36193;41643;2
36196;41643;6
36195;41643;15
36194;41643;22
36199;41646;1
36201;41648;1
36200;41648;15
895;41672;1
896;41672;6
36212;41673;1
36211;41673;2
36210;41673;6
36209;41673;14
36214;41676;1
36213;41676;6
36217;41677;1
36216;41677;6
36215;41677;20
36219;41678;1
36218;41678;6
36220;41680;4
897;41697;1
36238;41708;1
36237;41708;2
36236;41708;9
36235;41708;10
36240;41710;1
36239;41710;9
36252;41717;2
36253;41717;4
36254;41719;1
36255;41719;4
36257;41721;4
36260;41723;1
36261;41728;1
36262;41728;4
36263;41729;1
36264;41729;4
36267;41731;4
36272;41736;1
36271;41736;21
36275;41737;1
36274;41737;2
36273;41737;9
36279;41739;1
36278;41739;6
36277;41739;10
36282;41740;1
36281;41740;6
36280;41740;9
36285;41744;1
36287;41747;4
36301;41761;4
36303;41762;1
36302;41762;2
36310;41766;1
36309;41766;9
36314;41768;4
36317;41770;1
36316;41770;2
36315;41770;9
36320;41771;1
36319;41771;6
36318;41771;9
36350;41799;1
36349;41799;6
36348;41799;9
36356;41802;1
36355;41802;10
36357;41803;1
36358;41803;4
36361;41804;1
36360;41804;6
36359;41804;23
36363;41805;1
36362;41805;6
36369;41810;1
36370;41810;4
36372;41811;1
36371;41811;6
36386;41819;1
36385;41819;6
36384;41819;9
36395;41828;1
36394;41828;6
36399;41831;1
36398;41831;6
36405;41834;1
36404;41834;6
36403;41834;9
36412;41841;1
36411;41841;9
36414;41842;1
36413;41842;6
36419;41845;1
36418;41845;6
36424;41851;1
36423;41851;6
36429;41852;1
36427;41852;2
36428;41852;6
36426;41852;10
36425;41852;21
36430;41852;42
36433;41853;1
36431;41853;3
36432;41853;6
36436;41854;1
36435;41854;6
36434;41854;9
36438;41855;1
36437;41855;6
36442;41856;1
36441;41856;2
36440;41856;6
36439;41856;42
36445;41857;1
36444;41857;6
36443;41857;9
36448;41858;1
36447;41858;6
36446;41858;10
36449;41859;1
36450;41859;4
36459;41863;1
36458;41863;6
36457;41863;9
36472;41872;1
36471;41872;6
36483;41881;1
36482;41881;6
36489;41885;1
36488;41885;6
36491;41886;1
36490;41886;6
36498;41890;1
36497;41890;6
36501;41892;1
36500;41892;6
36499;41892;9
36505;41896;1
36504;41896;2
36503;41896;6
36507;41897;1
36506;41897;6
36511;41900;1
36510;41900;6
36509;41900;9
36513;41901;1
36512;41901;2
36519;41909;1
36531;41916;1
36530;41916;6
36529;41916;10
36532;41917;1
36546;41957;1
36545;41957;2
36553;41969;2
36556;41972;1
36555;41972;9
36566;41978;1
36567;41978;4
36568;41980;1
36571;41983;1
36570;41983;9
36572;41984;4
36587;42001;1
36602;42014;1
36601;42014;2
36600;42014;10
36605;42018;1
36604;42018;6
36613;42024;1
36612;42024;2
36611;42024;6
36610;42024;9
36616;42025;1
36615;42025;6
36614;42025;9
36623;42030;1
36622;42030;6
36621;42030;9
36626;42031;1
36625;42031;2
36624;42031;6
36633;42036;1
36632;42036;6
36642;42048;1
36641;42048;2
36640;42048;6
36639;42048;21
36644;42049;1
36643;42049;6
36652;42058;1
36651;42058;2
36650;42058;6
36649;42058;9
36655;42059;1
36654;42059;6
36653;42059;39
36659;42061;1
36660;42061;4
36664;42065;1
36663;42065;2
36662;42065;6
36672;42070;1
36671;42070;2
36670;42070;10
36682;42077;1
36681;42077;6
36704;42127;1
36708;42128;1
36707;42128;2
36706;42128;6
36705;42128;10
36713;42130;1
36717;42135;1
36724;42141;1
902;42151;1
903;42151;6
36728;42152;1
36727;42152;6
36731;42160;1
36730;42160;6
36729;42160;16
904;42168;1
36740;42173;1
36739;42173;6
36738;42173;35
36744;42174;1
36743;42174;6
36741;42174;28
36742;42174;42
36747;42176;1
36746;42176;6
36745;42176;21
36749;42177;1
36748;42177;6
36766;42270;1
36765;42270;10
36772;42291;1
36771;42291;6
908;42359;1
36775;42375;1
36774;42375;6
36776;42471;2
910;42524;2
909;42524;10
911;42533;1
912;42533;6
36784;42539;1
36783;42539;6
36786;42540;1
36785;42540;6
36788;42545;1
36787;42545;6
36798;42561;1
36797;42561;6
36800;42562;1
36799;42562;6
36805;42575;1
36804;42575;2
36808;42594;1
913;42652;1
915;42652;6
914;42652;14
36820;42654;1
36819;42654;6
36818;42654;14
36832;42664;1
36831;42664;6
36830;42664;9
36829;42664;14
36840;42673;1
36839;42673;14
36852;42692;1
36851;42692;42
36856;42702;1
36855;42702;6
36858;42703;1
36857;42703;14
36862;42726;1
36861;42726;6
36860;42726;8
36863;42727;2
36864;42733;2
916;42755;1
917;42755;6
1302;42760;1
1304;42760;6
1303;42760;42
36883;42766;1
36882;42766;6
36881;42766;14
36888;42776;1
36887;42776;2
36886;42776;14
36894;42781;1
36893;42781;6
36892;42781;42
36891;42781;55
36897;42783;1
36895;42783;10
36896;42783;14
36904;42789;1
36905;42789;4
36916;42805;1
36915;42805;6
36923;42807;1
36922;42807;6
36921;42807;42
36931;42812;1
36930;42812;30
36938;42815;1
36937;42815;6
36943;42823;1
36942;42823;6
36941;42823;42
36946;42824;1
36945;42824;6
36944;42824;42
36964;42842;1
36963;42842;30
36962;42842;39
36968;42853;1
36967;42853;42
918;42892;1
36977;42893;1
36976;42893;6
36986;42897;1
36984;42897;4
36985;42897;6
36983;42897;8
36988;42898;1
36987;42898;6
36989;42899;4
36992;42900;1
36990;42900;3
36991;42900;6
36996;42903;1
36995;42903;6
37005;42908;1
37015;42933;1
37013;42933;15
37014;42933;41
922;42939;1
923;42939;6
37023;42955;1
37027;42976;1
37026;42976;6
37025;42976;15
37038;42979;1
37037;42979;2
37036;42979;6
37035;42979;15
37047;42983;1
37046;42983;4
37049;42985;4
37048;42985;15
37057;42995;1
37056;42995;9
37061;42998;1
37060;42998;6
37059;42998;9
929;43034;1
931;43034;2
930;43034;5
932;43034;6
933;43034;15
37081;43040;1
37080;43040;6
37090;43046;1
37098;43051;1
37097;43051;6
934;43063;1
935;43063;6
936;43063;24
37106;43067;1
37105;43067;6
37104;43067;25
37109;43068;1
37108;43068;6
37107;43068;9
37110;43073;1
937;43103;2
938;43103;6
37121;43104;1
37120;43104;6
37119;43104;88
37124;43106;1
37122;43106;6
37123;43106;11
37126;43109;1
37125;43109;6
37129;43110;1
37127;43110;6
37128;43110;22
37132;43113;1
37130;43113;6
37131;43113;11
37133;43116;2
37135;43117;2
37134;43117;68
939;43124;1
940;43124;9
37145;43126;1
37144;43126;2
37143;43126;6
37155;43131;1
37154;43131;6
37153;43131;9
37165;43135;1
37164;43135;2
37163;43135;6
37162;43135;9
37168;43136;1
37167;43136;9
37166;43136;10
37175;43141;1
37174;43141;9
37173;43141;10
37179;43144;1
37178;43144;2
37177;43144;6
37176;43144;9
37181;43145;1
37180;43145;6
37185;43148;1
37184;43148;6
37191;43153;1
37190;43153;6
37194;43154;1
37193;43154;2
37192;43154;6
37196;43155;1
37195;43155;6
37200;43157;1
37199;43157;6
37203;43158;1
37202;43158;2
37201;43158;6
37208;43160;1
37207;43160;9
37215;43162;1
37214;43162;2
37213;43162;6
37212;43162;9
37219;43164;1
37218;43164;6
37228;43167;1
37227;43167;2
37226;43167;6
37233;43169;1
37232;43169;6
37231;43169;9
37235;43170;1
37234;43170;6
37239;43172;1
37238;43172;6
37237;43172;9
37244;43174;1
37243;43174;6
37242;43174;9
37247;43175;1
37246;43175;6
37245;43175;9
37255;43180;1
37254;43180;2
37253;43180;6
37252;43180;10
37258;43181;1
37257;43181;2
37256;43181;9
37264;43183;1
37263;43183;2
37262;43183;10
37267;43185;1
37266;43185;2
37270;43186;1
37269;43186;2
37268;43186;9
37275;43188;1
37274;43188;2
37276;43191;1
941;43202;1
942;43202;6
37285;43251;1
37284;43251;6
37283;43251;39
37287;43252;1
37286;43252;39
37288;43255;1
37306;43278;1
37315;43316;1
37314;43316;6
37326;43344;1
37325;43344;6
37328;43345;1
37327;43345;6
37331;43348;1
37330;43348;6
37339;43352;1
37338;43352;2
37337;43352;6
37336;43352;9
37349;43362;1
37348;43362;6
37372;43429;1
37370;43429;6
37371;43429;11
37375;43431;1
37374;43431;2
37373;43431;6
37381;43436;1
37380;43436;6
37379;43436;9
37396;43455;1
37395;43455;10
37400;43456;1
37399;43456;2
37398;43456;6
37397;43456;10
37432;43509;1
37430;43509;10
37431;43509;14
954;43529;1
955;43529;6
37440;43535;1
37439;43535;6
37438;43535;9
37444;43537;1
37443;43537;6
37442;43537;9
37446;43538;1
37445;43538;3
37454;43542;1
37453;43542;6
37459;43547;1
37469;43557;1
37468;43557;9
37467;43557;10
37471;43558;1
37470;43558;9
956;43585;1
958;43585;2
959;43585;6
957;43585;11
37488;43598;1
37486;43598;6
37487;43598;11
37491;43601;1
37489;43601;6
37490;43601;11
37494;43605;1
37493;43605;6
37496;43606;1
37495;43606;2
37501;43609;1
37500;43609;6
37499;43609;7
37515;43616;1
37513;43616;6
37514;43616;11
37521;43620;2
37522;43620;5
991;43628;1
992;43628;2
37531;43630;1
37530;43630;6
37529;43630;21
37534;43631;1
37533;43631;10
37532;43631;15
37542;43645;2
37543;43645;4
37541;43645;11
37547;43646;1
37546;43646;2
37544;43646;6
37545;43646;11
37554;43652;1
37553;43652;6
37559;43661;1
37558;43661;6
37567;43665;1
37566;43665;6
37565;43665;9
37564;43665;15
37576;43675;1
37575;43675;2
37574;43675;6
37582;43677;1
37581;43677;2
37580;43677;6
37590;43681;1
37592;43681;2
37593;43681;5
37591;43681;6
37598;43687;1
37601;43705;1
960;43768;1
961;43768;2
962;43768;6
963;43784;1
964;43784;2
965;43784;6
37608;43786;4
37611;43788;1
37610;43788;4
37609;43788;8
37612;43790;2
37613;43790;4
37622;43808;2
37630;43867;4
967;43912;1
969;43912;6
966;43912;29
970;43912;36
968;43912;41
975;43987;1
37649;43989;1
37648;43989;2
37647;43989;6
37646;43989;42
37652;43990;1
37651;43990;6
37650;43990;42
37657;43993;1
37656;43993;6
37655;43993;9
37660;43994;1
37659;43994;2
37658;43994;6
37663;43997;1
37662;43997;2
37667;44000;1
37666;44000;2
37665;44000;6
37671;44001;1
37670;44001;6
37669;44001;42
37668;44001;55
37676;44004;1
37675;44004;6
37677;44005;1
37679;44006;1
37678;44006;2
37681;44007;1
37680;44007;6
37683;44008;1
37682;44008;6
37685;44009;1
37684;44009;6
37687;44011;1
37686;44011;9
37690;44012;1
37689;44012;6
37688;44012;42
37697;44015;1
37696;44015;6
37701;44018;1
37700;44018;6
37706;44021;1
37705;44021;6
37708;44022;1
37707;44022;6
37710;44023;1
37709;44023;6
37721;44034;1
37720;44034;6
37723;44035;1
37722;44035;6
37725;44036;1
37724;44036;6
37729;44042;1
37728;44042;6
37731;44044;1
37730;44044;6
37734;44047;1
37733;44047;6
37732;44047;9
37737;44049;1
37736;44049;6
37735;44049;9
37739;44053;1
37738;44053;6
37741;44054;1
37740;44054;6
37743;44055;1
37742;44055;6
37748;44057;1
37747;44057;2
37746;44057;6
37751;44058;1
37750;44058;6
37749;44058;15
37754;44060;1
37753;44060;6
37756;44064;1
37755;44064;6
37757;44065;1
37761;44070;1
37760;44070;6
37759;44070;39
37774;44079;1
37773;44079;6
37775;44081;1
37786;44089;1
37785;44089;6
37788;44101;1
976;44155;1
977;44155;2
978;44155;6
37793;44164;4
37792;44164;7
979;44180;1
981;44180;6
980;44180;22
37799;44181;1
37798;44181;6
37797;44181;15
37801;44182;1
37800;44182;39
37804;44184;1
37802;44184;6
37803;44184;22
37807;44186;1
37805;44186;15
37806;44186;39
37810;44190;1
37809;44190;22
37808;44190;39
37821;44196;1
37819;44196;10
37820;44196;22
37827;44203;1
37825;44203;15
37824;44203;16
37826;44203;22
37830;44212;1
37829;44212;2
37828;44212;39
37834;44234;1
37833;44234;6
37838;44240;1
37837;44240;2
37836;44240;6
37842;44258;1
37841;44258;2
37840;44258;6
37851;44274;1
37850;44274;2
37849;44274;6
37857;44278;1
37856;44278;2
37855;44278;6
37858;44285;2
37861;44288;1
37860;44288;2
37859;44288;6
37864;44289;1
37863;44289;2
37862;44289;6
37866;44290;1
37865;44290;6
37867;44291;4
37876;44333;1
37875;44333;6
37874;44333;17
37879;44336;1
37878;44336;6
37877;44336;17
37881;44348;1
37880;44348;17
988;44394;1
989;44394;2
37887;44397;1
37886;44397;6
37891;44398;1
37890;44398;2
37889;44398;6
37888;44398;9
37894;44399;1
37893;44399;2
37892;44399;6
37899;44401;1
37898;44401;6
37903;44404;1
37902;44404;6
37908;44408;1
37907;44408;2
37906;44408;6
37915;44412;1
37914;44412;6
37913;44412;9
37917;44413;2
37916;44413;36
37920;44415;1
37919;44415;6
37918;44415;57
37922;44416;1
37921;44416;6
37925;44417;1
37924;44417;2
37923;44417;6
37931;44420;1
37930;44420;6
37936;44421;1
37933;44421;2
37935;44421;6
37934;44421;9
37932;44421;21
37940;44423;2
37949;44428;1
37948;44428;2
37947;44428;6
37956;44431;1
37955;44431;6
37954;44431;9
37958;44432;1
37957;44432;6
37962;44433;1
37961;44433;6
37960;44433;9
37959;44433;10
37971;44437;1
37970;44437;2
37974;44438;1
37973;44438;6
37972;44438;9
37977;44439;1
37975;44439;6
37976;44439;24
37983;44441;1
37982;44441;6
37981;44441;9
37985;44443;1
37984;44443;6
38001;44449;1
38000;44449;6
38003;44450;1
38002;44450;6
38013;44456;1
38012;44456;2
38011;44456;9
38010;44456;10
38016;44458;1
38015;44458;6
38014;44458;9
38023;44462;1
38022;44462;6
38027;44464;1
38026;44464;17
38030;44466;1
38029;44466;2
38028;44466;6
38032;44467;1
38031;44467;6
38035;44473;1
38034;44473;6
38053;44481;1
38052;44481;2
38051;44481;6
38055;44483;2
38069;44492;1
38068;44492;21
38072;44496;2
38080;44505;1
38079;44505;6
38084;44507;1
38083;44507;6
38086;44509;1
38085;44509;6
38088;44510;1
38087;44510;6
38090;44512;1
38089;44512;6
38098;44528;2
38102;44556;1
38101;44556;2
38104;44557;1
38103;44557;2
38106;44558;1
38105;44558;9
38110;44559;1
38109;44559;2
38108;44559;25
38107;44559;55
38113;44560;1
38112;44560;2
38111;44560;55
38116;44561;1
38115;44561;2
38114;44561;9
38117;44562;1
38119;44563;1
38118;44563;6
38121;44564;1
38120;44564;6
38122;44565;1
38125;44566;1
38124;44566;2
38123;44566;9
38126;44567;1
38132;44572;4
38134;44573;1
38133;44573;6
38136;44574;1
38135;44574;2
38138;44575;1
38137;44575;6
38148;44580;2
38149;44580;4
38147;44580;55
38150;44581;1
38155;44583;1
38154;44583;6
38156;44584;1
38158;44585;1
38157;44585;6
38161;44587;1
38160;44587;9
38163;44588;1
38162;44588;6
38166;44589;1
38165;44589;2
38164;44589;15
38167;44590;1
38169;44591;1
38168;44591;6
38170;44592;1
38175;44594;1
38174;44594;6
38176;44596;1
38178;44597;1
38177;44597;6
38179;44598;1
38182;44599;1
38181;44599;2
38180;44599;6
38187;44602;1
38191;44604;1
38190;44604;2
38189;44604;9
38193;44605;1
38192;44605;6
38196;44606;1
38195;44606;2
38194;44606;9
38198;44607;1
38197;44607;2
38200;44608;1
38199;44608;9
38202;44609;1
38201;44609;9
38204;44610;1
38203;44610;6
38211;44615;1
38213;44616;1
38212;44616;6
38215;44617;1
38214;44617;2
38218;44618;1
38217;44618;2
38216;44618;6
38225;44625;1
38224;44625;6
38228;44628;1
38227;44628;6
38234;44633;1
38233;44633;6
38235;44634;2
38236;44634;4
38241;44636;1
38240;44636;6
38243;44637;1
38242;44637;6
38247;44639;1
38246;44639;6
38249;44640;1
38248;44640;6
38251;44641;1
38250;44641;6
38254;44642;1
38253;44642;2
38252;44642;6
38258;44644;1
38257;44644;6
38261;44645;1
38260;44645;6
38259;44645;25
38263;44646;1
38262;44646;6
38266;44647;1
38265;44647;2
38264;44647;6
38269;44649;1
38268;44649;6
38267;44649;9
38272;44650;1
38270;44650;3
38271;44650;6
38276;44653;1
38275;44653;6
38274;44653;15
38281;44655;1
38280;44655;6
38279;44655;14
38278;44655;42
38285;44656;1
38284;44656;2
38282;44656;4
38283;44656;6
38288;44658;1
38287;44658;6
38290;44659;1
38289;44659;6
38292;44660;1
38291;44660;6
38294;44661;1
38293;44661;6
38296;44662;1
38295;44662;6
38300;44664;1
38299;44664;6
38307;44668;1
38306;44668;2
38305;44668;6
38309;44669;1
38308;44669;6
38318;44677;1
38317;44677;6
38323;44679;1
38321;44679;5
38322;44679;6
38320;44679;55
38329;44684;1
38328;44684;6
38340;44693;1
38339;44693;6
38345;44695;1
38344;44695;6
38350;44699;1
38349;44699;6
38352;44700;1
38351;44700;6
38356;44703;1
38355;44703;6
38354;44703;42
38361;44706;1
38403;44764;1
38402;44764;2
38401;44764;6
38400;44764;41
38405;44765;1
38404;44765;2
38407;44767;1
38406;44767;6
38413;44773;1
38412;44773;2
38411;44773;6
38420;44775;1
38419;44775;2
38418;44775;12
38423;44778;1
38422;44778;2
38426;44779;1
38425;44779;9
38424;44779;15
38428;44780;1
38427;44780;2
38430;44781;1
38429;44781;6
38435;44784;1
38434;44784;6
38440;44787;1
38443;44788;1
38442;44788;2
38441;44788;10
38444;44789;2
38448;44792;1
38447;44792;2
38446;44792;7
38445;44792;21
38451;44794;1
38450;44794;2
38449;44794;68
38457;44797;1
38456;44797;2
38455;44797;11
38454;44797;68
38477;44839;1
38476;44839;39
38475;44839;72
993;44883;1
994;44883;2
38480;44891;2
38481;44891;4
38491;44905;1
38492;44905;4
38497;44911;1
38495;44911;3
38496;44911;6
38501;44912;1
38499;44912;4
38500;44912;6
38498;44912;9
38509;44917;2
38510;44917;4
38511;44918;1
38512;44918;2
38513;44918;4
38518;44920;1
38517;44920;2
38516;44920;4
38519;44925;1
38521;44925;4
38520;44925;8
38523;44929;1
38522;44929;6
38524;44930;1
38525;44930;4
38529;44933;1
38528;44933;6
38530;44935;1
38531;44935;4
38533;44938;1
38532;44938;9
38538;44942;4
38542;44943;1
38539;44943;2
38541;44943;4
38543;44943;8
38540;44943;16
38544;44944;4
38546;44946;1
38545;44946;6
38550;44951;4
38551;44952;1
38552;44952;2
38553;44952;4
38556;44955;1
38555;44955;6
38557;44956;4
38558;44959;4
38559;44961;4
38560;44962;4
38563;44963;1
38561;44963;4
38562;44963;6
38565;44967;1
38564;44967;6
38568;44969;1
38567;44969;2
38566;44969;6
38577;44979;1
38579;44979;4
38578;44979;6
38581;44982;1
38583;44982;4
38582;44982;6
38585;44984;4
38587;44987;1
38586;44987;6
38591;44992;1
38590;44992;2
38589;44992;6
38588;44992;9
38601;45003;4
38607;45007;1
38606;45007;2
38605;45007;18
38612;45012;1
38611;45012;2
38610;45012;4
38613;45013;2
38614;45013;4
38617;45016;1
38616;45016;6
38621;45018;4
38630;45065;1
38629;45065;6
38653;45093;4
38661;45098;1
38660;45098;6
38659;45098;9
38664;45099;1
38663;45099;6
38662;45099;9
38669;45104;1
38668;45104;6
38671;45106;1
38670;45106;6
38676;45108;1
38675;45108;2
38674;45108;6
38678;45109;1
38677;45109;6
38680;45111;1
38679;45111;6
38696;45122;1
38695;45122;6
38698;45123;1
38697;45123;6
38700;45124;1
38699;45124;6
38703;45126;1
38702;45126;6
38701;45126;9
38708;45128;1
38707;45128;2
38706;45128;6
38723;45134;1
38720;45134;2
38722;45134;6
38721;45134;9
38719;45134;10
38718;45134;21
38726;45137;1
38725;45137;6
38724;45137;39
38730;45139;1
38729;45139;6
38728;45139;9
38745;45147;1
38743;45147;5
38744;45147;6
38754;45149;1
38753;45149;2
38752;45149;6
38751;45149;9
38756;45152;1
38758;45152;2
38759;45152;4
38757;45152;9
38761;45154;4
38778;45163;1
38777;45163;6
38776;45163;10
38781;45164;1
38780;45164;6
38779;45164;42
38784;45165;1
38783;45165;6
38782;45165;42
38787;45168;1
38786;45168;6
38785;45168;9
38792;45175;1
38795;45176;1
38794;45176;2
38793;45176;41
38797;45177;1
38796;45177;2
38804;45181;1
38803;45181;6
38802;45181;51
38807;45182;1
38806;45182;6
38805;45182;55
38826;45194;1
38825;45194;6
38828;45195;1
38827;45195;6
38830;45196;1
38829;45196;6
38838;45201;2
38841;45202;1
38840;45202;6
38839;45202;41
38845;45204;1
38844;45204;6
38849;45205;1
38848;45205;2
38847;45205;6
38846;45205;55
38870;45221;1
38869;45221;5
38881;45228;1
38886;45231;1
38885;45231;6
38892;45233;1
38891;45233;6
38897;45234;1
38894;45234;2
38896;45234;6
38895;45234;9
38893;45234;10
38900;45235;1
38899;45235;9
38898;45235;30
38903;45237;1
38913;45241;1
38912;45241;10
38918;45244;1
38917;45244;6
38920;45246;4
38929;45250;1
38928;45250;6
38927;45250;10
38938;45254;1
38937;45254;6
38939;45255;1
38951;45263;1
38950;45263;2
38955;45265;1
38954;45265;9
38983;45276;1
38982;45276;6
38981;45276;9
38980;45276;10
38989;45279;1
38988;45279;2
38987;45279;9
38986;45279;46
39000;45301;1
38999;45301;6
38998;45301;34
39008;45308;1
39007;45308;9
39049;45338;2
39048;45338;7
39047;45338;9
39051;45340;1
39056;45343;1
39068;45349;1
39066;45349;2
39067;45349;9
39064;45349;10
39065;45349;41
39070;45350;1
39069;45350;17
1000;45361;1
1002;45361;6
1001;45361;9
39088;45363;1
39087;45363;4
39090;45365;1
39089;45365;2
39096;45368;1
39095;45368;6
39094;45368;9
39097;45369;1
39101;45371;1
39100;45371;2
39107;45373;1
39106;45373;6
39105;45373;9
39110;45374;1
39109;45374;6
39108;45374;9
39112;45375;1
39111;45375;6
39116;45378;1
39115;45378;6
39129;45385;1
39128;45385;6
39127;45385;9
39126;45385;20
39132;45386;1
39131;45386;6
39130;45386;9
39138;45388;1
39137;45388;6
39141;45390;1
39140;45390;6
39139;45390;9
39143;45391;1
39142;45391;6
39147;45393;1
39146;45393;6
39151;45395;1
39150;45395;6
39157;45399;1
39156;45399;6
39170;45406;1
39169;45406;6
39168;45406;42
39173;45407;1
39172;45407;6
39171;45407;9
39175;45408;1
39174;45408;6
39178;45409;1
39177;45409;6
39176;45409;10
39183;45412;1
39182;45412;6
39181;45412;9
39195;45419;1
39194;45419;6
39197;45420;1
39196;45420;6
39200;45421;1
39199;45421;6
39198;45421;9
39208;45425;1
39207;45425;6
39211;45426;1
39210;45426;6
39209;45426;9
39214;45428;1
39213;45428;6
39212;45428;9
39224;45432;1
39223;45432;2
39222;45432;6
39221;45432;9
39229;45434;1
39228;45434;6
39232;45435;1
39231;45435;6
39230;45435;9
39240;45439;1
39239;45439;2
39238;45439;6
39237;45439;9
39252;45444;1
39250;45444;6
39249;45444;9
39251;45444;17
39254;45445;1
39253;45445;6
39273;45451;1
39272;45451;2
39271;45451;6
39283;45457;1
39282;45457;6
39291;45461;1
39290;45461;6
39342;45503;1
39358;45512;1
39357;45512;9
39391;45533;1
39390;45533;6
39389;45533;9
39434;45555;1
39433;45555;6
39432;45555;9
39438;45556;1
39437;45556;6
39436;45556;9
39435;45556;20
39445;45559;1
39444;45559;6
39443;45559;9
39462;45572;1
39461;45572;6
39464;45573;1
39463;45573;6
39487;45589;1
39486;45589;6
39485;45589;9
39497;45594;1
39496;45594;2
39495;45594;4
39510;45599;1
39509;45599;6
39508;45599;10
39515;45603;1
39514;45603;9
39551;45648;1
39550;45648;6
39549;45648;18
39548;45648;19
39562;45654;1
39561;45654;6
39559;45654;15
39560;45654;35
39574;45657;1
39573;45657;6
39572;45657;19
39588;45667;2
39587;45667;9
39586;45667;10
39589;45668;4
39628;45697;1
39627;45697;9
39626;45697;10
1010;45721;1
39633;45722;1
39632;45722;6
39637;45723;1
39636;45723;2
39634;45723;6
39635;45723;36
39645;45726;1
39644;45726;6
39643;45726;41
39647;45727;1
39646;45727;6
39649;45728;1
39648;45728;6
39652;45729;1
39651;45729;2
39650;45729;6
39654;45731;1
39653;45731;6
39657;45732;1
39656;45732;6
39655;45732;41
39660;45733;1
39659;45733;6
39658;45733;9
39664;45734;1
39661;45734;10
39663;45734;36
39662;45734;41
39672;45738;1
39671;45738;6
39670;45738;41
39675;45739;1
39674;45739;6
39673;45739;41
39677;45740;1
39676;45740;6
39683;45742;1
39682;45742;6
39684;45743;1
39690;45753;1
39689;45753;6
39696;45776;1
39695;45776;2
39697;45778;2
39698;45778;4
39700;45781;1
39701;45781;4
39699;45781;10
39706;45808;1
39705;45808;6
39708;45809;1
39707;45809;6
39710;45811;1
39709;45811;6
39712;45812;1
39711;45812;6
39715;45813;1
39714;45813;2
39713;45813;6
39719;45814;1
39718;45814;6
39717;45814;9
39716;45814;10
39721;45815;1
39720;45815;6
39723;45816;1
39722;45816;6
39725;45817;1
39724;45817;6
39727;45819;1
39726;45819;6
39731;45821;1
39728;45821;3
39730;45821;6
39729;45821;26
39734;45822;1
39733;45822;2
39732;45822;6
39736;45823;1
39735;45823;6
39742;45830;1
39741;45830;6
39746;45834;1
39745;45834;2
39744;45834;6
39743;45834;10
39747;45835;3
39749;45835;4
39748;45835;6
39754;45837;1
39753;45837;6
39756;45838;1
39755;45838;6
39759;45839;1
39758;45839;9
39757;45839;10
39760;45840;1
39765;45843;1
39762;45843;3
39764;45843;6
39763;45843;50
39771;45849;1
39770;45849;79
39775;45851;1
39774;45851;2
39773;45851;6
1015;45875;1
1014;45875;15
39784;45878;1
39790;45880;1
39789;45880;2
39788;45880;15
39792;45881;1
39791;45881;3
39796;45883;1
39795;45883;2
39798;45884;1
39797;45884;5
39799;45885;1
39801;45886;1
39800;45886;2
39803;45888;1
39802;45888;5
39806;45889;1
39805;45889;5
39804;45889;15
39810;45890;1
39809;45890;2
39807;45890;3
39808;45890;6
39813;45893;1
39816;45895;1
39817;45896;2
39819;45897;1
39818;45897;2
39820;45898;1
39824;45900;1
39823;45900;2
39831;45904;1
39830;45904;2
39833;45905;1
39832;45905;6
39837;45906;1
39836;45906;2
39835;45906;5
39834;45906;15
39839;45907;1
39838;45907;15
39841;45908;1
39840;45908;15
39843;45909;1
39842;45909;15
39844;45910;1
39845;45914;1
39849;45915;1
39848;45915;2
39847;45915;3
39846;45915;15
39851;45916;1
39850;45916;15
39852;45917;2
39854;45918;1
39853;45918;15
39858;45919;1
39857;45919;2
39856;45919;6
39855;45919;14
39860;45920;1
39859;45920;15
39861;45921;1
39863;45922;1
39862;45922;2
39864;45923;1
39867;45924;1
39866;45924;9
39865;45924;38
39869;45925;1
39868;45925;2
39872;45927;1
39870;45927;3
39871;45927;6
39873;45929;2
39877;45930;1
39876;45930;2
39875;45930;6
39874;45930;15
39878;45932;1
39879;45933;1
39884;45936;1
39883;45936;15
39888;45937;1
39886;45937;6
39885;45937;7
39887;45937;11
39891;45938;1
39890;45938;2
39889;45938;15
39893;45939;1
39892;45939;6
39895;45940;1
39894;45940;2
39897;45942;1
39896;45942;2
39899;45943;1
39898;45943;2
39901;45944;1
39900;45944;14
39902;45947;1
39904;45949;1
39906;45949;4
39905;45949;6
39910;45950;1
39909;45950;2
39908;45950;6
39907;45950;9
39911;45951;1
39912;45951;4
39916;45953;1
39915;45953;2
39914;45953;6
39913;45953;15
39919;45954;1
39918;45954;6
39917;45954;15
39923;45958;1
39922;45958;6
39921;45958;10
39928;45965;1
39927;45965;6
39926;45965;15
39933;45968;1
39932;45968;6
39931;45968;15
39935;45969;1
39934;45969;6
39937;45970;1
39936;45970;6
39939;45971;1
39938;45971;6
39942;45972;1
39941;45972;6
39940;45972;15
39946;45973;1
39944;45973;3
39945;45973;6
39943;45973;15
39952;45976;1
39950;45976;5
39951;45976;6
39949;45976;15
39955;45978;1
39954;45978;2
39953;45978;6
39957;45980;1
39956;45980;6
39959;45981;1
39958;45981;15
39963;45982;1
39961;45982;3
39962;45982;6
39960;45982;15
39964;45983;2
39966;45984;1
39965;45984;6
39969;45986;1
39967;45986;3
39968;45986;6
39970;45987;1
39971;45987;4
39975;45989;1
39973;45989;3
39974;45989;6
39972;45989;15
39977;45990;1
39976;45990;15
39984;45994;1
39983;45994;6
39982;45994;15
39988;45995;1
39986;45995;3
39987;45995;6
39985;45995;15
39991;45998;1
39989;45998;3
39990;45998;6
40002;46004;1
40000;46004;3
40001;46004;6
40009;46008;2
40015;46010;1
40013;46010;3
40014;46010;6
40012;46010;15
40017;46011;1
40016;46011;6
1365;46017;1
1364;46017;15
1366;46017;16
1016;46033;1
1017;46033;2
40033;46034;1
40034;46035;1
40036;46036;1
40035;46036;2
40038;46037;1
40037;46037;2
40040;46038;1
40039;46038;2
40042;46039;1
40041;46039;2
40045;46044;1
40044;46044;6
40053;46049;1
40052;46049;6
40056;46050;1
40055;46050;2
40054;46050;6
40061;46052;1
40059;46052;6
40060;46052;52
1024;46059;1
1025;46059;3
40072;46060;1
40069;46060;10
40071;46060;20
40070;46060;46
40075;46062;1
40076;46063;1
40077;46065;1
40078;46066;1
40079;46067;1
40081;46068;1
40080;46068;2
40084;46069;1
40082;46069;3
40083;46069;6
40086;46070;1
40085;46070;6
40088;46072;1
40087;46072;6
40090;46075;1
40089;46075;6
40093;46076;1
40091;46076;3
40092;46076;6
40109;46109;1
40107;46109;3
40108;46109;6
40117;46118;1
40116;46118;6
40119;46119;1
40118;46119;6
40122;46122;1
40120;46122;3
40121;46122;6
40130;46125;1
40129;46125;2
40127;46125;5
40128;46125;6
40135;46136;1
40134;46136;3
40136;46136;4
40140;46142;1
40139;46142;6
40143;46145;1
40142;46145;6
40141;46145;15
40147;46154;2
1028;46171;1
1029;46171;6
40158;46173;1
40157;46173;6
40161;46174;1
40160;46174;6
40159;46174;90
40163;46175;1
40162;46175;6
40165;46176;1
40164;46176;6
40168;46177;1
40167;46177;6
40166;46177;42
40170;46178;1
40169;46178;6
40172;46179;1
40171;46179;6
40175;46180;1
40174;46180;6
40173;46180;8
40177;46181;1
40176;46181;6
40179;46183;1
40178;46183;6
40181;46184;1
40180;46184;6
40183;46185;1
40182;46185;6
40188;46186;1
40185;46186;2
40187;46186;6
40186;46186;9
40184;46186;10
40190;46187;1
40189;46187;6
40201;46198;1
1030;46230;1
1031;46230;6
40209;46231;1
40207;46231;3
40208;46231;50
40211;46232;1
40210;46232;2
40213;46233;1
40212;46233;2
40214;46234;1
40217;46237;1
40216;46237;2
40215;46237;3
40219;46238;1
40218;46238;6
40225;46240;1
40223;46240;3
40224;46240;6
40229;46242;1
40228;46242;6
40231;46243;1
40230;46243;6
40238;46247;1
40237;46247;6
40244;46251;1
40242;46251;3
40243;46251;6
40248;46252;1
40245;46252;3
40247;46252;6
40246;46252;68
40252;46253;1
40249;46253;3
40251;46253;6
40250;46253;83
40254;46254;1
40253;46254;6
40256;46255;1
40255;46255;6
40258;46256;1
40257;46256;6
40260;46259;1
40259;46259;6
40262;46260;1
40261;46260;6
40265;46261;1
40263;46261;6
40264;46261;52
40270;46263;1
40269;46263;6
40273;46264;1
40271;46264;3
40272;46264;6
40276;46265;1
40275;46265;6
40274;46265;17
40278;46266;1
40277;46266;6
40280;46268;1
40279;46268;6
40282;46269;1
40281;46269;6
40285;46271;1
40284;46271;6
40283;46271;79
40289;46275;1
40288;46275;2
40287;46275;6
40293;46279;1
40292;46279;2
40291;46279;6
40290;46279;10
40295;46280;1
40294;46280;2
40298;46281;1
40297;46281;2
40296;46281;6
40300;46282;1
40299;46282;6
40303;46283;1
40302;46283;6
40301;46283;12
40306;46284;1
40305;46284;6
40304;46284;26
40310;46287;4
40309;46287;10
40312;46288;1
40311;46288;6
40334;46323;1
40333;46323;2
40338;46325;1
40337;46325;2
40336;46325;4
40335;46325;10
40341;46326;1
40340;46326;2
40339;46326;15
40345;46327;1
40344;46327;2
40343;46327;4
40342;46327;10
40351;46331;1
40350;46331;15
40354;46332;1
40353;46332;2
40352;46332;10
40356;46334;1
40355;46334;15
40357;46335;1
40358;46335;2
40359;46335;4
40361;46337;1
40360;46337;6
40377;46345;1
40376;46345;6
40375;46345;35
40379;46346;1
40378;46346;6
40382;46347;1
40381;46347;6
40380;46347;15
40387;46349;1
40385;46349;3
40386;46349;6
40384;46349;15
40398;46354;1
40397;46354;6
40401;46355;1
40400;46355;6
40399;46355;15
40409;46359;1
40408;46359;6
40411;46360;1
40410;46360;6
40414;46361;2
40413;46361;3
40412;46361;15
40421;46363;1
40420;46363;6
40419;46363;15
40426;46366;1
40425;46366;6
40424;46366;15
40429;46367;1
40428;46367;6
40427;46367;15
40436;46370;1
40435;46370;6
40439;46371;1
40437;46371;4
40438;46371;6
40446;46374;1
40444;46374;3
40445;46374;6
40443;46374;15
40449;46375;1
40448;46375;3
40447;46375;15
40458;46384;1
40459;46384;2
40460;46384;4
1035;46407;1
1037;46407;2
1038;46407;6
1036;46407;40
40471;46409;1
40470;46409;3
40473;46411;1
40472;46411;6
40479;46415;1
40477;46415;3
40478;46415;6
40482;46416;1
40481;46416;2
40480;46416;6
40484;46417;1
40483;46417;6
40488;46418;1
40487;46418;2
40486;46418;6
40485;46418;40
40492;46420;1
40491;46420;6
40490;46420;28
1039;46441;1
40503;46442;1
40502;46442;2
40505;46445;1
40504;46445;3
40506;46446;1
40508;46447;1
40507;46447;6
40512;46450;1
40511;46450;2
40509;46450;10
40510;46450;46
40522;46472;2
40532;46477;1
40531;46477;2
40530;46477;30
40534;46478;2
40533;46478;36
40537;46479;1
40536;46479;2
40535;46479;3
1069;46483;1
40545;46487;1
40544;46487;3
40546;46493;2
40547;46493;4
40550;46496;1
40549;46496;6
40548;46496;9
40561;46500;1
40560;46500;6
40559;46500;27
40562;46500;48
40558;46500;62
40565;46501;1
40563;46501;3
40564;46501;6
40567;46502;1
40566;46502;6
40569;46503;1
40568;46503;6
40571;46504;1
40570;46504;2
40575;46511;1
40574;46511;6
40578;46513;1
40577;46513;2
40576;46513;6
40582;46515;1
40581;46515;2
40580;46515;6
40587;46518;1
40586;46518;2
40585;46518;36
40595;46523;1
40593;46523;3
40594;46523;6
40601;46525;1
40600;46525;2
40598;46525;6
40599;46525;36
40605;46526;1
40604;46526;2
40602;46526;6
40603;46526;36
40611;46530;2
40610;46530;36
1040;46551;1
1042;46551;6
1041;46551;14
40624;46558;2
40623;46558;3
40625;46558;16
40627;46559;1
40626;46559;14
40629;46561;1
40628;46561;14
40633;46566;1
40632;46566;6
40640;46570;1
40639;46570;6
40647;46573;1
40645;46573;3
40646;46573;6
40644;46573;10
40650;46574;1
40649;46574;6
40648;46574;14
40656;46581;1
40657;46581;2
40658;46581;4
40655;46581;68
40669;46587;4
40675;46589;1
40673;46589;3
40674;46589;6
40678;46593;1
40677;46593;2
40682;46600;1
40681;46600;6
40685;46602;1
40684;46602;2
40683;46602;6
40689;46604;1
40686;46604;2
40687;46604;3
40688;46604;6
40690;46604;14
40693;46606;1
40692;46606;6
40704;46619;1
40703;46619;6
40705;46620;4
40709;46623;1
40708;46623;6
40711;46625;1
40710;46625;6
40715;46629;4
40725;46650;1
40724;46650;6
40731;46662;1
40730;46662;6
40737;46666;1
40736;46666;2
40735;46666;6
40734;46666;10
40744;46669;1
40743;46669;6
40742;46669;50
1046;46689;1
1048;46689;2
1049;46689;14
1047;46689;16
40762;46695;1
40761;46695;2
40760;46695;14
40767;46697;1
40766;46697;14
40765;46697;32
40770;46701;1
40769;46701;2
40768;46701;14
40773;46708;1
40772;46708;14
40771;46708;45
40776;46714;1
40775;46714;2
40778;46715;1
40777;46715;2
40780;46716;1
40779;46716;2
40782;46717;1
40781;46717;2
40784;46718;1
40783;46718;2
40787;46720;1
40786;46720;14
40789;46723;1
40791;46724;1
40790;46724;2
40792;46725;1
40794;46727;1
40793;46727;32
40797;46728;1
40796;46728;2
40795;46728;14
40801;46733;1
40800;46733;14
40805;46737;1
40804;46737;2
40806;46738;1
40808;46740;1
40807;46740;14
40810;46743;1
40809;46743;14
40811;46745;1
40812;46746;1
40816;46747;1
40815;46747;2
40814;46747;14
40813;46747;42
40819;46750;1
40822;46751;1
40821;46751;2
40820;46751;9
40827;46753;1
40826;46753;14
40832;46754;1
40828;46754;2
40829;46754;3
40831;46754;9
40830;46754;15
40835;46755;1
40833;46755;3
40834;46755;14
40836;46757;1
40838;46759;1
40837;46759;10
40843;46762;1
40842;46762;6
40845;46763;1
40844;46763;6
40851;46767;1
40850;46767;6
40853;46771;4
40855;46772;1
40854;46772;6
40858;46773;1
40857;46773;6
40856;46773;9
40860;46775;1
40859;46775;6
40863;46777;1
40862;46777;6
40861;46777;35
40866;46778;1
40864;46778;3
40865;46778;6
40869;46781;1
40868;46781;6
40867;46781;32
40874;46783;1
40873;46783;6
40876;46804;1
40878;46805;1
40877;46805;2
40881;46810;1
40883;46811;1
40882;46811;3
40885;46814;1
40884;46814;9
40887;46815;1
40886;46815;6
40888;46816;1
40889;46816;4
40893;46822;1
40894;46822;4
40901;46839;1
40900;46839;3
40903;46840;1
40902;46840;2
40904;46841;1
40906;46842;1
40905;46842;2
40907;46843;1
40909;46852;1
40908;46852;2
40911;46854;1
40910;46854;2
40913;46857;1
40915;46859;1
40914;46859;2
40917;46860;1
40916;46860;24
40921;46864;1
40920;46864;2
40919;46864;6
40925;46865;1
40924;46865;2
40922;46865;3
40923;46865;6
40937;46872;1
40935;46872;3
40936;46872;6
40946;46880;1
40944;46880;5
40945;46880;6
40948;46881;1
40947;46881;6
40960;46886;1
40959;46886;6
40969;46892;1
40967;46892;2
40971;46892;5
40970;46892;6
40968;46892;39
40974;46893;1
40972;46893;5
40973;46893;6
40981;46898;1
40980;46898;22
40979;46898;39
40983;46899;1
40982;46899;6
40996;46934;1
40995;46934;2
40999;46943;1
40998;46943;2
40997;46943;14
41003;46946;1
41005;46947;1
41004;46947;15
41006;46951;1
41010;46957;1
41011;46960;1
41012;46960;2
41013;46960;4
41014;46962;1
41016;46964;1
41015;46964;14
41018;46965;1
41017;46965;2
41021;46967;1
41019;46967;27
41020;46967;35
41023;46968;1
41022;46968;2
41025;46969;1
41024;46969;14
41026;46970;1
41030;46972;1
41029;46972;2
41032;46973;1
41031;46973;3
41034;46974;1
41033;46974;2
41037;46975;1
41035;46975;14
41036;46975;27
41038;46976;1
41046;46980;1
41045;46980;9
41049;46981;1
41048;46981;2
41047;46981;15
41051;46982;1
41050;46982;14
41053;46984;1
41052;46984;14
41055;46986;1
41054;46986;2
41056;46987;4
41061;46990;1
41060;46990;6
41059;46990;10
41062;46991;4
41064;46995;1
41063;46995;6
41069;47013;1
41068;47013;2
41072;47014;1
41071;47014;2
41070;47014;4
41074;47015;1
41073;47015;6
41077;47016;1
41075;47016;3
41076;47016;6
41079;47018;1
41078;47018;6
41087;47020;1
41086;47020;2
41084;47020;3
41085;47020;6
41089;47022;1
41088;47022;6
41094;47025;1
41093;47025;6
41099;47029;1
41102;47030;1
41100;47030;3
41101;47030;6
41104;47031;1
41103;47031;6
41109;47034;1
41107;47034;3
41108;47034;6
41111;47036;1
41110;47036;6
41114;47039;1
41112;47039;3
41113;47039;6
41123;47043;1
41122;47043;2
41120;47043;3
41121;47043;6
1059;47085;1
41179;47086;1
41178;47086;2
41182;47087;1
41181;47087;2
41180;47087;6
41185;47089;1
41184;47089;6
41183;47089;112
41192;47091;1
41191;47091;6
41190;47091;79
41195;47093;1
41194;47093;6
41196;47094;1
41198;47095;1
41197;47095;79
41203;47097;1
41202;47097;6
41207;47098;1
41206;47098;52
41204;47098;57
41205;47098;58
41212;47101;1
41211;47101;40
41218;47103;1
41217;47103;6
41216;47103;90
41220;47104;1
41219;47104;6
41228;47107;1
41227;47107;6
41231;47108;1
41230;47108;6
41229;47108;57
41233;47109;1
41232;47109;57
41238;47110;1
41235;47110;2
41237;47110;6
41234;47110;21
41236;47110;57
41242;47111;1
41241;47111;2
41240;47111;9
41239;47111;10
41247;47115;1
41246;47115;2
41245;47115;79
1060;47119;1
1062;47119;2
1061;47119;3
41254;47122;1
41253;47122;3
41273;47134;1
41271;47134;5
41272;47134;6
41276;47135;1
41274;47135;3
41275;47135;6
41281;47148;1
41280;47148;6
41288;47153;1
41286;47153;3
41287;47153;6
41297;47161;1
41296;47161;28
41303;47163;2
41302;47163;3
41304;47163;55
41316;47171;1
1063;47191;1
41327;47194;1
41328;47195;1
41331;47197;1
41330;47197;2
41329;47197;15
41335;47200;1
41334;47200;3
41337;47204;1
41336;47204;2
41339;47206;1
41338;47206;2
41341;47207;1
41340;47207;3
41342;47208;1
41343;47209;2
41345;47210;1
41344;47210;15
41346;47211;1
41347;47212;1
41349;47214;1
41348;47214;3
41350;47216;1
41352;47218;1
41351;47218;3
41353;47219;1
41357;47222;1
41356;47222;3
41359;47223;1
41358;47223;2
41361;47224;1
41360;47224;3
41362;47226;1
41363;47227;1
41364;47228;1
41366;47229;1
41365;47229;2
41368;47230;1
41367;47230;2
41370;47232;1
41369;47232;2
41372;47233;1
41371;47233;3
41374;47234;1
41373;47234;3
41376;47235;1
41375;47235;86
41378;47236;1
41377;47236;3
41380;47237;1
41379;47237;2
41381;47238;1
41382;47240;1
41383;47241;1
41385;47242;1
41384;47242;3
41386;47243;1
41387;47244;1
41390;47245;1
41388;47245;3
41389;47245;6
41391;47246;1
41392;47247;1
41394;47248;1
41393;47248;3
41397;47249;1
41396;47249;2
41395;47249;3
41399;47250;1
41398;47250;2
41401;47251;1
41400;47251;6
41403;47252;1
41402;47252;6
41405;47253;1
41404;47253;3
41407;47254;1
41406;47254;2
41409;47255;1
41408;47255;3
41410;47256;1
41411;47257;1
41417;47259;1
41418;47260;1
41421;47261;1
41419;47261;3
41420;47261;6
41423;47262;1
41422;47262;6
41426;47263;1
41425;47263;6
41424;47263;9
41437;47266;1
41434;47266;3
41436;47266;6
41435;47266;27
1066;47291;4
41445;47293;4
1067;47294;1
1068;47294;2
41449;47296;1
41448;47296;2
41451;47297;1
41450;47297;2
41455;47299;1
41454;47299;38
41452;47299;50
41453;47299;104
41456;47301;4
41459;47302;1
41458;47302;2
41457;47302;3
41461;47303;1
41460;47303;2
41462;47304;1
41465;47305;1
41464;47305;4
41463;47305;8
41472;47308;1
41471;47308;2
41470;47308;3
41477;47313;1
41476;47313;6
41481;47315;1
41479;47315;3
41480;47315;6
41483;47319;1
41482;47319;6
41486;47320;1
41485;47320;2
41484;47320;6
41488;47321;1
41487;47321;6
41491;47322;1
41490;47322;6
41489;47322;15
41495;47323;1
41492;47323;3
41494;47323;4
41493;47323;9
41498;47325;1
41497;47325;2
41496;47325;6
41503;47327;1
41502;47327;6
41501;47327;10
41509;47329;1
41508;47329;6
41507;47329;9
41511;47331;1
41510;47331;6
41514;47332;1
41513;47332;6
41512;47332;48
41516;47333;1
41515;47333;6
41528;47344;1
41527;47344;6
1325;47351;1
41545;47370;1
41544;47370;3
41547;47371;1
41546;47371;6
41548;47373;1
41551;47374;1
41550;47374;2
41549;47374;9
41553;47375;1
41552;47375;6
41555;47378;1
41554;47378;6
41557;47379;1
41556;47379;6
41559;47380;1
41558;47380;6
41568;47387;1
41567;47387;6
41566;47387;10
41570;47389;1
41572;47389;4
41571;47389;8
41582;47394;1
41579;47394;3
41581;47394;6
41580;47394;8
41584;47400;1
41583;47400;6
41587;47406;1
41586;47406;6
41592;47408;1
41589;47408;2
41591;47408;6
41590;47408;9
41588;47408;10
41596;47409;1
41595;47409;2
41594;47409;6
41593;47409;9
41598;47410;1
41597;47410;6
41601;47411;1
41599;47411;3
41600;47411;6
41608;47413;1
41606;47413;6
41607;47413;11
41605;47413;12
41610;47414;1
41609;47414;6
41613;47415;1
41611;47415;3
41612;47415;6
41617;47416;1
41616;47416;6
41615;47416;9
41614;47416;10
41619;47420;1
41620;47420;2
41621;47420;4
41626;47424;1
41625;47424;6
41628;47425;1
41627;47425;6
41632;47426;1
41631;47426;6
41629;47426;10
41630;47426;68
41636;47428;1
41635;47428;6
41638;47429;1
41637;47429;6
41640;47430;1
41639;47430;6
41647;47435;1
41646;47435;6
41649;47437;1
41648;47437;6
41655;47440;1
41654;47440;2
41658;47442;1
41657;47442;2
41656;47442;6
41671;47448;1
41670;47448;6
41672;47450;1
41673;47450;2
41674;47450;4
41676;47451;1
41675;47451;6
41679;47452;1
41678;47452;2
41677;47452;6
41680;47453;1
41682;47453;2
41683;47453;4
41681;47453;6
41690;47457;1
41688;47457;3
41689;47457;6
41694;47460;1
41693;47460;6
1070;47468;1
1071;47468;3
1072;47468;6
41703;47470;2
41704;47472;4
41705;47473;4
41709;47476;1
41708;47476;3
41714;47478;1
41713;47478;35
41717;47483;1
41718;47483;4
41726;47530;1
41725;47530;2
41727;47532;1
41733;47535;1
41732;47535;6
41734;47536;1
41741;47540;1
41740;47540;38
41746;47542;1
41745;47542;2
41744;47542;9
41749;47544;1
41751;47545;1
41750;47545;2
41753;47546;1
41752;47546;3
41760;47550;1
41759;47550;2
41758;47550;6
41762;47551;1
41761;47551;2
41764;47552;1
41763;47552;6
41766;47554;1
41765;47554;6
41769;47555;1
41767;47555;3
41768;47555;6
41776;47559;1
41775;47559;6
41778;47561;1
41777;47561;6
41780;47562;1
41779;47562;6
1074;47575;1
1075;47575;6
41786;47576;1
41783;47576;3
41785;47576;6
41784;47576;14
41787;47577;1
41789;47578;1
41788;47578;3
41790;47579;1
41800;47588;1
41809;47627;1
41810;47628;1
41812;47631;1
41811;47631;2
41814;47633;1
41813;47633;2
41817;47635;1
41819;47636;1
41818;47636;6
41822;47637;1
41821;47637;6
41820;47637;50
41826;47639;4
41830;47640;1
41829;47640;6
41828;47640;9
41827;47640;10
1077;47644;1
41836;47647;1
41835;47647;2
41837;47648;1
41840;47650;1
41839;47650;2
41842;47652;1
41844;47653;1
41843;47653;35
41846;47655;1
41845;47655;2
41847;47656;1
41849;47657;1
41848;47657;2
41851;47659;1
41850;47659;6
41853;47660;1
41852;47660;3
41858;47663;1
41857;47663;2
41856;47663;6
1078;47669;1
1080;47669;2
1079;47669;9
41871;47676;1
41870;47676;2
41869;47676;6
1081;47688;1
1082;47688;4
41878;47689;4
41879;47690;4
41880;47691;4
41881;47692;4
41882;47694;4
41883;47695;1
41884;47695;4
41885;47700;4
41886;47701;4
41887;47702;4
41888;47703;4
41889;47706;4
41890;47712;1
41891;47712;2
41892;47712;4
41893;47716;1
41895;47716;4
41894;47716;6
41897;47723;1
41896;47723;2
41899;47728;1
41902;47732;1
41901;47732;6
41904;47734;1
41903;47734;2
41906;47738;1
41908;47740;1
41907;47740;14
41910;47743;1
41913;47745;1
41912;47745;2
41911;47745;3
41926;47757;1
41925;47757;6
41944;47776;1
41948;47798;1
41947;47798;14
1085;47816;1
1086;47816;6
41957;47817;1
41954;47817;2
41956;47817;6
41955;47817;39
41953;47817;94
41959;47818;1
41958;47818;6
41961;47819;1
41960;47819;6
41964;47820;1
41963;47820;2
41962;47820;3
41966;47821;1
41965;47821;6
41968;47822;1
41967;47822;3
41972;47823;1
41971;47823;6
41969;47823;10
41970;47823;39
41973;47823;42
41974;47824;1
41975;47825;1
41978;47826;1
41977;47826;6
41976;47826;10
41981;47827;1
41980;47827;2
41979;47827;6
41983;47828;1
41982;47828;6
41986;47829;1
41985;47829;6
41984;47829;92
41988;47830;1
41987;47830;6
41993;47831;1
41991;47831;6
41990;47831;43
41989;47831;57
41992;47831;106
41996;47832;1
41994;47832;3
41995;47832;6
41999;47833;1
41998;47833;6
41997;47833;39
42001;47836;1
42000;47836;6
42003;47837;1
42002;47837;6
42005;47838;1
42004;47838;6
42018;47841;1
42016;47841;2
42017;47841;6
42015;47841;10
42014;47841;21
42021;47843;1
42020;47843;6
1087;47862;1
1088;47862;2
42033;47864;1
42034;47867;1
42037;47869;1
42036;47869;14
42035;47869;45
42040;47871;1
42041;47872;1
42046;47875;1
42045;47875;2
42049;47877;1
42048;47877;2
42047;47877;10
42054;47880;1
42052;47880;3
42053;47880;5
42056;47882;1
42055;47882;3
42063;47884;1
42061;47884;3
42062;47884;5
42060;47884;15
42065;47885;1
42064;47885;15
42069;47888;4
42077;47893;1
42076;47893;6
42080;47894;1
42079;47894;9
42078;47894;20
42081;47895;1
42085;47897;1
42084;47897;2
42090;47899;1
42089;47899;6
42088;47899;15
42093;47901;1
42094;47902;1
42096;47904;1
42095;47904;2
42098;47906;1
42097;47906;2
42100;47908;1
42099;47908;2
42104;47910;1
42103;47910;2
42106;47911;1
42105;47911;2
1382;47913;1
1383;47913;2
42114;47914;1
42113;47914;2
42112;47914;5
42119;47917;1
42118;47917;2
42120;47919;1
42124;47922;1
42123;47922;2
42122;47922;9
42129;47925;1
42128;47925;2
42132;47928;1
42131;47928;3
42130;47928;15
42133;47929;1
42135;47930;1
42134;47930;15
42138;47934;1
42146;47941;2
42147;47941;4
42149;47942;1
42148;47942;9
42150;47943;1
42153;47944;1
42152;47944;2
42151;47944;45
42155;47945;1
42154;47945;15
42157;47946;1
42156;47946;2
42164;47948;1
42163;47948;2
42162;47948;6
42161;47948;15
42166;47949;1
42165;47949;15
42168;47950;1
42167;47950;3
42170;47951;1
42169;47951;9
42173;47952;1
42172;47952;2
42171;47952;11
42176;47953;1
42175;47953;2
42174;47953;6
42179;47955;1
42178;47955;2
42180;47956;2
42181;47956;4
42183;47957;1
42182;47957;10
42184;47958;1
42188;47960;1
42187;47960;2
42186;47960;3
42190;47962;1
42189;47962;6
42192;47964;1
42191;47964;6
42195;47966;1
42194;47966;15
42199;47968;1
42198;47968;2
42201;47969;1
42200;47969;6
42210;47973;1
42208;47973;3
42209;47973;6
42207;47973;15
42215;47975;1
42212;47975;3
42214;47975;6
42213;47975;8
42219;47979;1
42218;47979;6
42217;47979;15
42222;47985;1
42221;47985;6
42227;47992;1
42226;47992;2
42225;47992;6
42230;47994;1
42229;47994;6
42228;47994;9
42233;47995;1
42232;47995;6
42231;47995;14
42236;47996;1
42235;47996;6
42234;47996;32
42238;47997;1
42237;47997;6
42247;48004;1
42250;48032;2
42249;48032;39
42253;48039;2
42254;48039;5
42257;48042;1
42256;48042;2
42255;48042;6
42265;48045;1
42264;48045;6
42278;48059;1
42277;48059;2
42282;48065;1
42281;48065;2
42284;48066;1
42283;48066;6
42296;48135;1
42295;48135;6
42294;48135;7
42293;48135;20
42301;48144;1
42300;48144;6
42299;48144;20
42305;48148;1
42304;48148;6
42317;48158;1
42314;48158;2
42316;48158;6
42315;48158;9
42313;48158;10
42319;48159;1
42318;48159;9
42323;48161;1
42322;48161;6
42330;48167;1
42329;48167;6
42328;48167;9
42335;48173;1
42334;48173;6
42333;48173;9
42331;48173;10
42332;48173;46
42340;48179;4
42366;48205;1
42369;48205;4
42368;48205;6
42367;48205;8
42381;48218;2
42382;48218;4
42380;48218;6
42379;48218;21
1095;48226;1
1096;48226;2
1097;48226;4
42386;48227;1
42387;48227;4
1098;48236;1
1099;48236;2
1102;48238;1
1104;48238;2
1103;48238;5
42398;48240;1
42397;48240;2
42403;48244;1
42402;48244;2
42401;48244;6
42409;48247;1
42408;48247;2
42407;48247;10
42411;48248;1
42410;48248;6
42413;48251;1
42412;48251;6
42415;48252;1
42414;48252;6
42419;48253;1
42418;48253;2
42417;48253;6
42416;48253;9
42420;48254;4
42423;48257;1
42422;48257;6
42427;48258;1
42426;48258;2
42425;48258;6
42424;48258;9
42430;48259;1
42429;48259;2
42428;48259;6
42439;48265;1
42438;48265;9
42446;48269;1
42445;48269;2
42444;48269;6
42452;48272;1
42451;48272;6
42450;48272;42
1100;48294;1
1101;48294;2
42463;48295;1
42462;48295;6
42470;48299;2
42471;48299;4
42476;48301;1
42475;48301;9
42478;48302;2
42479;48302;4
42477;48302;10
42481;48304;1
42482;48304;4
42486;48308;1
42485;48308;2
42489;48310;1
42488;48310;2
42493;48314;1
42492;48314;2
42490;48314;5
42491;48314;6
42496;48315;2
42497;48315;4
42494;48315;5
42495;48315;7
42501;48319;2
42502;48319;4
42507;48323;1
42506;48323;9
42515;48329;2
42516;48329;4
42519;48330;1
42518;48330;2
42517;48330;6
42521;48333;1
42520;48333;2
42524;48338;1
42525;48338;2
42526;48338;4
42529;48339;1
42528;48339;2
42527;48339;6
42532;48344;1
42531;48344;2
42530;48344;6
1112;48346;1
1113;48346;2
1114;48346;6
42537;48349;1
42536;48349;6
42539;48350;1
42538;48350;6
42545;48353;1
42544;48353;6
42551;48357;2
42548;48357;6
42550;48357;7
42549;48357;9
42553;48358;1
42552;48358;6
42558;48362;1
42557;48362;6
42560;48363;1
42559;48363;6
42562;48364;1
42561;48364;6
42570;48368;1
42569;48368;2
42568;48368;6
42567;48368;68
42573;48369;1
42571;48369;5
42572;48369;6
42574;48370;2
42576;48371;1
42575;48371;6
42580;48373;1
42579;48373;2
42578;48373;6
42577;48373;7
42582;48375;2
42585;48383;2
42587;48399;1
42586;48399;6
42588;48400;1
42589;48400;2
42590;48400;4
42592;48401;2
42591;48401;15
42593;48402;2
42594;48402;126
42596;48404;1
42595;48404;2
42599;48406;2
42602;48407;1
42601;48407;6
42600;48407;15
42605;48408;1
42604;48408;2
42603;48408;6
42609;48411;2
42610;48411;5
42614;48413;2
42613;48413;6
42612;48413;24
42611;48413;88
42615;48414;2
1109;48424;1
1110;48424;2
1111;48424;6
42625;48430;1
42622;48430;3
42624;48430;6
42623;48430;9
42628;48432;1
42627;48432;6
42639;48446;1
42638;48446;6
42643;48450;4
42648;48453;1
42647;48453;6
42653;48454;1
42652;48454;6
42651;48454;9
42649;48454;10
42650;48454;46
42658;48455;1
42654;48455;2
42655;48455;4
42657;48455;6
42656;48455;9
42663;48458;2
42667;48460;1
42666;48460;6
42679;48466;1
42678;48466;2
42677;48466;6
42682;48469;1
42681;48469;15
42684;48471;4
42688;48474;1
42687;48474;6
42692;48477;1
42690;48477;5
42691;48477;6
42697;48479;1
42696;48479;6
42695;48479;10
42704;48481;1
42701;48481;2
42703;48481;6
42702;48481;9
42700;48481;10
42705;48482;2
42707;48483;1
42706;48483;10
42712;48485;1
42711;48485;81
42715;48487;1
42714;48487;6
42720;48489;1
42719;48489;6
42718;48489;42
42726;48520;1
42725;48520;2
42724;48520;6
42728;48521;1
42727;48521;6
42733;48523;1
42732;48523;6
42736;48524;1
42734;48524;5
42735;48524;6
42744;48530;1
42743;48530;6
42742;48530;10
42741;48530;43
42746;48543;2
42752;48549;1
42751;48549;2
42750;48549;127
42754;48550;1
42753;48550;6
42757;48551;1
42756;48551;6
42755;48551;7
42765;48560;1
42764;48560;6
42763;48560;41
42768;48570;2
42773;48573;1
42772;48573;6
42774;48574;2
1118;48591;1
1119;48591;9
42787;48596;2
42786;48596;7
42790;48597;1
42789;48597;6
42788;48597;7
42795;48601;1
42794;48601;2
42793;48601;6
42797;48602;1
42796;48602;6
42800;48605;1
42799;48605;6
42798;48605;7
42802;48606;1
42801;48606;6
1120;48640;1
1122;48640;2
1123;48640;4
1121;48640;9
42815;48642;1
42814;48642;2
42818;48643;1
42817;48643;2
42816;48643;15
42821;48644;1
42820;48644;9
42819;48644;15
42822;48645;1
42824;48646;1
42823;48646;2
42826;48647;1
42825;48647;2
42830;48649;4
42831;48650;1
42835;48651;1
42834;48651;2
42833;48651;9
42832;48651;10
42836;48652;1
42837;48652;4
42839;48653;1
42838;48653;2
42844;48655;1
42843;48655;2
42842;48655;6
42846;48656;1
42845;48656;2
42849;48657;1
42848;48657;2
42847;48657;4
42850;48658;1
42851;48658;4
42852;48659;4
42858;48661;1
42857;48661;2
42856;48661;9
42860;48662;1
42859;48662;2
42863;48663;1
42862;48663;6
42861;48663;10
42864;48664;1
42871;48667;1
42870;48667;4
42879;48670;1
42877;48670;2
42876;48670;86
42878;48670;128
42880;48670;129
42885;48672;1
42884;48672;9
42886;48673;1
42889;48676;1
42888;48676;9
42887;48676;15
42890;48677;1
42891;48678;4
42894;48679;1
42893;48679;2
42892;48679;10
42897;48680;1
42896;48680;2
42895;48680;9
42898;48681;4
42900;48683;1
42899;48683;6
42902;48685;1
42901;48685;2
42903;48686;1
42905;48687;1
42904;48687;2
42907;48688;1
42906;48688;6
42909;48689;1
42908;48689;40
42914;48691;1
42913;48691;2
42916;48692;1
42915;48692;6
42917;48693;2
42918;48693;4
42924;48695;1
42923;48695;2
42922;48695;6
42926;48696;1
42925;48696;6
42930;48701;1
42929;48701;4
42928;48701;9
42931;48704;2
42932;48704;4
42937;48706;1
42936;48706;2
42935;48706;6
42939;48710;1
42938;48710;2
42940;48711;4
42942;48712;1
42941;48712;10
42943;48713;1
42945;48714;1
42944;48714;6
42948;48715;1
42947;48715;2
42946;48715;9
42952;48716;1
42951;48716;2
42949;48716;10
42950;48716;68
42953;48717;4
42958;48720;1
42957;48720;6
42961;48721;1
42960;48721;6
42959;48721;42
42967;48723;1
42966;48723;6
42972;48725;1
42971;48725;6
42974;48726;1
42973;48726;6
42976;48728;1
42975;48728;6
42979;48729;1
42978;48729;2
42977;48729;6
42985;48733;1
42984;48733;6
42983;48733;10
42982;48733;12
42987;48735;1
42986;48735;6
42991;48736;1
42990;48736;6
42989;48736;9
42988;48736;20
42993;48738;1
42992;48738;2
42994;48739;4
42995;48740;4
42996;48742;1
42997;48742;2
42998;48742;4
43000;48744;1
42999;48744;6
43003;48745;1
43002;48745;2
43001;48745;6
43008;48747;1
43010;48747;2
43011;48747;5
43009;48747;6
43015;48748;1
43014;48748;2
43013;48748;6
43012;48748;9
43018;48750;1
43017;48750;6
43016;48750;10
43021;48751;1
43020;48751;6
43019;48751;9
43025;48753;1
43024;48753;6
43023;48753;9
43027;48754;1
43026;48754;9
43030;48758;1
43029;48758;6
43028;48758;9
43038;48762;1
43037;48762;6
43036;48762;9
43035;48762;10
43045;48764;1
43044;48764;2
43043;48764;6
43049;48765;1
43048;48765;2
43047;48765;6
43046;48765;9
43053;48767;1
43052;48767;6
43056;48768;1
43055;48768;2
43054;48768;6
43060;48769;1
43059;48769;2
43058;48769;6
43057;48769;9
43065;48773;1
43064;48773;6
43068;48776;4
43082;48783;1
43081;48783;2
43080;48783;6
43079;48783;9
43084;48785;1
43094;48816;1
43093;48816;9
43096;48818;2
43095;48818;9
43099;48819;1
43098;48819;6
43097;48819;7
1130;48876;1
1131;48876;2
43124;48878;1
43123;48878;2
43122;48878;6
43127;48881;1
43126;48881;6
43125;48881;35
43130;48885;1
43129;48885;10
1132;48888;1
1133;48888;2
43135;48889;1
43134;48889;6
43133;48889;9
43138;48890;1
43137;48890;6
43136;48890;9
43148;48897;1
43147;48897;6
43157;48902;1
1137;48919;1
1138;48919;6
43179;48922;1
43178;48922;6
43182;48923;1
43181;48923;6
43180;48923;10
43185;48924;1
43184;48924;2
43183;48924;6
43189;48925;1
43188;48925;6
43187;48925;9
43186;48925;20
43193;48926;1
43192;48926;2
43191;48926;6
43190;48926;10
43196;48927;1
43195;48927;6
43194;48927;42
43199;48928;1
43198;48928;2
43197;48928;6
43202;48929;1
43201;48929;2
43200;48929;6
43203;48930;2
43206;48931;1
43205;48931;2
43204;48931;6
43211;48933;1
43210;48933;2
43209;48933;6
43214;48934;1
43213;48934;2
43212;48934;6
43219;48937;1
43218;48937;6
43223;48938;1
43222;48938;2
43221;48938;6
43220;48938;9
43225;48939;1
43224;48939;6
43229;48940;1
43228;48940;2
43227;48940;9
43226;48940;21
43234;48942;1
43233;48942;2
43232;48942;6
43237;48943;1
43236;48943;6
43235;48943;21
43239;48944;1
43238;48944;6
43240;48945;2
43243;48946;1
43242;48946;2
43241;48946;6
43247;48947;1
43246;48947;2
43245;48947;9
43244;48947;21
43250;48948;1
43249;48948;2
43248;48948;6
43251;48949;1
43253;48950;1
43252;48950;6
43258;48952;1
43257;48952;2
43256;48952;10
1139;48978;2
1140;48978;4
43263;48979;2
43264;48979;4
43265;48980;2
43266;48980;4
43267;48981;2
43268;48981;4
43269;48982;4
43270;48983;1
43272;48983;2
43273;48983;4
43271;48983;36
43276;48985;4
43277;48986;2
43278;48986;4
43279;48988;1
43280;48988;2
43281;48988;4
43282;48989;4
43283;48991;2
43284;48992;2
43285;48992;4
43289;48993;1
43288;48993;2
43287;48993;4
43286;48993;21
43290;48994;2
43291;48994;4
43293;48996;1
43294;48997;1
43295;48997;2
43296;48997;4
43297;48998;4
43298;48999;4
43299;49000;2
43300;49000;4
43301;49001;1
43302;49001;2
43303;49001;4
43305;49003;4
43304;49003;5
43306;49004;2
43307;49004;4
43308;49005;2
43309;49005;4
43310;49006;2
43311;49006;4
43312;49007;4
43313;49008;2
43314;49008;4
43316;49009;1
43315;49009;4
43317;49010;4
43325;49013;1
43324;49013;2
43323;49013;4
43326;49014;2
43327;49014;4
43330;49015;1
43329;49015;2
43328;49015;4
43331;49016;1
43332;49016;4
43333;49018;4
43336;49019;2
43337;49019;4
43334;49019;5
43335;49019;36
43338;49020;2
43339;49020;4
43340;49021;2
43341;49021;4
43343;49021;5
43342;49021;33
43344;49021;36
43345;49022;2
43346;49022;4
43347;49023;1
43348;49023;2
43349;49023;4
43350;49024;1
43351;49024;4
43352;49025;4
43353;49026;4
43354;49027;4
43357;49028;4
43355;49028;21
43356;49028;28
43361;49030;2
43362;49030;4
43363;49031;1
43364;49031;2
43365;49031;4
43366;49032;2
43367;49033;1
43368;49033;4
43369;49034;2
43370;49034;4
43371;49035;2
43372;49035;4
43373;49036;2
43374;49036;4
43376;49038;1
43378;49038;2
43379;49038;4
43377;49038;5
43381;49039;1
43380;49039;2
43382;49041;1
43383;49041;2
43384;49041;4
43388;49043;4
43391;49044;2
43392;49044;4
43390;49044;9
43389;49044;21
43394;49045;2
43395;49045;4
43393;49045;8
43398;49046;1
43397;49046;2
43396;49046;4
43399;49047;4
43400;49048;1
43401;49048;2
43402;49048;4
43403;49049;4
43405;49051;1
43407;49053;1
43408;49053;4
43406;49053;15
43413;49055;1
43412;49055;2
43411;49055;41
43415;49056;2
43414;49056;36
43418;49058;1
43416;49058;4
43417;49058;6
43423;49060;1
43422;49060;2
43421;49060;6
43424;49073;1
43425;49073;4
43426;49074;1
43427;49074;4
43428;49075;1
43429;49075;4
43430;49077;4
43431;49078;4
43432;49081;1
43433;49082;1
43436;49083;1
43435;49083;6
43434;49083;10
43443;49090;1
43442;49090;6
43445;49091;1
43444;49091;6
43451;49096;1
43450;49096;2
43452;49097;2
43453;49097;4
43457;49099;1
43455;49099;6
43456;49099;52
43459;49100;1
43458;49100;6
43469;49103;1
43468;49103;2
43467;49103;6
43466;49103;21
43471;49104;1
43470;49104;6
43476;49108;1
43475;49108;9
43478;49109;1
43477;49109;6
43482;49110;1
43481;49110;2
43480;49110;6
43479;49110;9
43484;49112;1
43483;49112;2
43486;49113;1
43485;49113;6
43487;49114;1
43488;49114;4
43497;49119;1
43496;49119;2
43495;49119;6
43494;49119;21
43501;49121;1
43500;49121;6
43503;49122;1
43502;49122;6
43507;49123;1
43506;49123;6
43505;49123;9
43504;49123;10
43511;49125;1
43510;49125;6
43508;49125;16
43509;49125;39
43513;49126;1
43512;49126;6
43516;49127;1
43515;49127;6
43514;49127;9
43519;49129;1
43518;49129;6
43517;49129;10
43528;49132;1
43527;49132;6
43526;49132;9
43531;49133;1
43530;49133;2
43529;49133;6
43536;49135;1
43535;49135;2
43534;49135;6
43533;49135;21
43539;49136;1
43538;49136;2
43537;49136;6
43541;49137;1
43540;49137;6
43543;49138;1
43542;49138;6
43545;49139;1
43544;49139;6
43547;49140;1
43546;49140;6
43552;49144;1
43551;49144;2
43550;49144;6
43549;49144;10
43553;49145;4
43557;49147;1
43556;49147;2
43555;49147;6
43554;49147;21
43560;49148;1
43559;49148;6
43558;49148;21
43564;49149;1
43563;49149;2
43562;49149;6
43561;49149;10
43566;49150;1
43565;49150;6
43577;49154;1
43576;49154;2
43575;49154;6
43584;49157;1
43583;49157;2
43582;49157;6
43586;49158;1
43585;49158;6
43595;49162;1
43594;49162;2
43598;49164;1
43597;49164;6
43599;49166;2
43600;49167;1
43607;49171;1
43606;49171;6
43611;49176;1
43616;49178;1
43615;49178;10
43619;49179;1
43617;49179;10
43618;49179;42
43623;49204;1
43625;49205;1
43624;49205;6
43627;49208;1
43626;49208;6
43633;49223;1
43632;49223;2
43638;49227;2
43637;49227;6
43642;49229;1
43641;49229;2
43640;49229;6
43639;49229;42
43649;49251;1
43648;49251;5
43657;49303;1
43656;49303;6
43660;49340;1
43658;49340;8
43659;49340;9
43662;49341;1
43661;49341;6
43663;49346;1
43665;49347;1
43664;49347;6
43666;49348;1
43668;49349;1
43667;49349;6
43673;49351;1
43672;49351;2
43671;49351;6
43674;49363;1
43681;49366;1
43680;49366;6
43682;49367;1
43685;49369;1
43684;49369;2
43683;49369;6
43687;49370;1
43686;49370;6
43689;49371;1
43688;49371;2
43692;49384;1
43691;49384;6
43701;49393;1
43700;49393;2
43699;49393;6
43698;49393;25
43705;49411;1
43704;49411;6
43706;49413;1
43709;49420;1
43707;49420;8
43708;49420;9
43713;49431;1
43712;49431;2
43717;49459;1
43716;49459;2
43718;49472;4
43722;49502;1
43721;49502;8
43720;49502;18
43719;49502;19
43764;49518;1
43763;49518;6
43774;49521;1
43773;49521;6
43771;49521;13
43770;49521;18
43772;49521;19
43782;49524;1
43781;49524;18
43780;49524;19
43822;49539;1
43821;49539;7
43820;49539;19
43867;49561;2
43866;49561;18
43865;49561;19
43897;49571;1
43896;49571;6
43895;49571;18
43894;49571;19
43904;49574;1
43903;49574;6
43902;49574;18
43901;49574;19
43931;49586;1
43930;49586;6
43929;49586;18
43928;49586;19
43937;49588;1
43936;49588;6
43935;49588;18
43934;49588;19
43985;49612;1
43984;49612;6
43986;49612;7
43982;49612;18
43983;49612;19
44012;49621;2
44013;49621;4
44017;49622;1
44016;49622;6
44015;49622;18
44014;49622;19
44053;49638;1
44050;49638;2
44052;49638;6
44049;49638;18
44051;49638;19
44062;49643;1
44061;49643;6
44060;49643;18
44059;49643;19
44072;49651;1
44069;49651;2
44070;49651;13
44068;49651;18
44071;49651;19
44088;49657;1
44087;49657;2
44086;49657;6
44098;49661;1
44097;49661;2
44096;49661;6
44119;49675;1
44118;49675;2
44117;49675;13
44116;49675;18
44121;49676;2
44120;49676;18
44125;49678;1
44124;49678;2
44129;49683;1
44138;49687;2
44137;49687;13
44142;49704;2
44144;49791;2
44146;49796;1
44145;49796;2
44149;49798;1
44151;49800;1
44150;49800;6
44156;49808;1
44155;49808;6
44159;49809;1
44158;49809;6
44157;49809;8
44162;49810;1
44161;49810;2
44160;49810;6
44169;49822;1
44167;49822;3
44168;49822;6
44180;49832;1
44179;49832;6
44183;49833;1
44182;49833;6
44181;49833;15
44185;49834;1
44184;49834;6
44189;49838;1
44188;49838;2
44190;49841;3
44192;49841;4
44191;49841;8
44197;49847;1
44196;49847;6
44201;49850;1
44200;49850;6
44208;49859;1
44207;49859;6
44213;49865;4
44215;49869;1
44214;49869;6
44219;49875;1
44218;49875;2
44217;49875;6
44216;49875;16
44223;49879;1
44222;49879;2
44221;49879;15
44232;49899;1
44231;49899;3
44237;49905;1
44235;49905;3
44236;49905;8
1158;49942;1
1159;49942;5
1157;49942;15
44256;50057;1
44255;50057;6
44254;50057;20
44268;50083;1
44267;50083;6
44274;50093;1
44272;50093;4
44273;50093;6
44302;50128;1
44300;50128;3
44301;50128;6
44306;50134;1
44303;50134;6
44304;50134;48
44305;50134;59
44310;50138;1
44317;50158;1
44316;50158;14
44320;50160;2
44319;50160;9
44318;50160;21
44324;50161;1
44323;50161;2
44322;50161;6
44321;50161;9
44335;50170;1
44339;50172;1
44338;50172;2
44337;50172;11
44336;50172;28
44357;50200;1
44356;50200;2
44355;50200;6
1168;50261;1
1169;50261;45
44364;50264;1
44363;50264;2
44366;50265;1
44365;50265;45
44369;50273;1
44367;50273;12
44368;50273;45
44374;50275;1
44373;50275;2
44376;50281;4
44375;50281;12
44378;50282;1
44377;50282;2
44384;50290;1
44383;50290;2
44381;50290;6
44382;50290;36
44387;50291;1
44386;50291;6
44385;50291;45
44390;50292;1
44389;50292;2
44388;50292;10
44393;50293;1
44392;50293;6
44391;50293;35
44395;50300;1
44394;50300;6
44408;50306;1
44407;50306;2
44406;50306;6
44405;50306;12
44411;50316;1
44410;50316;6
44409;50316;12
44416;50318;1
44415;50318;6
44426;50326;1
44425;50326;6
44443;50359;1
44442;50359;6
44447;50372;1
44446;50372;2
44445;50372;6
1170;50540;1
1171;50540;10
44453;50541;1
44452;50541;6
44461;50556;1
44460;50556;2
1172;50580;1
1173;50580;6
44464;50582;1
44465;50582;2
44466;50582;4
44469;50584;1
44468;50584;2
44467;50584;6
44471;50590;1
44470;50590;6
44472;50593;4
44474;50596;2
44477;50597;1
44476;50597;2
44475;50597;6
44488;50609;1
44487;50609;6
44491;50610;1
44490;50610;6
44489;50610;39
44494;50611;1
44493;50611;2
44492;50611;41
1174;50616;1
44497;50620;1
44496;50620;6
1179;50763;1
1181;50763;2
1180;50763;5
44555;50816;1
44553;50816;6
44554;50816;36
44563;50822;1
44562;50822;2
44561;50822;6
44565;50823;1
44564;50823;2
44616;50916;2
44627;50927;1
44626;50927;2
44625;50927;21
44645;50947;1
44644;50947;2
44643;50947;21
44676;50973;1
44674;50973;6
44673;50973;21
44675;50973;36
44682;50986;1
44681;50986;2
44680;50986;21
44728;51052;1
44727;51052;6
44737;51070;1
44736;51070;42
1189;51133;1
1190;51133;9
1191;51133;24
1192;51160;1
1193;51160;24
44752;51176;1
44751;51176;6
44794;51272;1
44793;51272;6
44792;51272;9
44798;51274;1
44797;51274;6
44796;51274;9
44795;51274;20
1198;51299;1
44821;51304;1
44820;51304;2
44819;51304;6
44818;51304;15
44889;51486;1
44888;51486;6
44891;51490;1
44890;51490;6
44893;51495;1
44892;51495;2
44895;51496;1
44894;51496;6
44899;51510;1
44898;51510;6
44897;51510;9
44902;51515;1
44901;51515;2
44900;51515;6
44917;51543;1
44916;51543;6
44915;51543;30
44919;51547;1
44918;51547;28
44920;51548;1
44923;51550;1
44922;51550;6
44921;51550;9
44924;51553;2
44930;51557;1
44929;51557;6
44934;51558;1
44933;51558;2
44932;51558;9
44931;51558;16
44935;51559;1
44947;51576;1
44946;51576;2
44949;51578;1
44948;51578;6
44950;51580;1
44960;51588;1
44959;51588;6
44962;51594;1
44967;51601;1
44966;51601;2
1203;51638;1
44982;51644;1
44981;51644;6
44984;51650;1
44983;51650;6
44987;51654;1
44986;51654;6
44985;51654;9
44990;51663;1
44989;51663;6
44993;51667;1
44992;51667;6
44994;51668;2
44997;51683;1
44996;51683;6
44995;51683;10
44998;51686;1
45000;51693;1
44999;51693;2
45001;51700;1
45004;51728;1
45003;51728;2
45005;51754;1
45075;51938;1
45074;51938;2
45073;51938;9
1210;52057;1
1212;52057;3
1211;52057;50
1213;52057;51
1214;52057;52
45135;52086;1
45133;52086;3
45134;52086;6
45138;52087;1
45137;52087;2
45136;52087;6
45153;52108;1
45151;52108;3
45152;52108;6
45160;52121;2
45161;52121;4
45164;52130;1
45163;52130;6
45162;52130;86
45174;52142;1
45173;52142;2
45172;52142;6
45181;52147;1
45180;52147;2
45179;52147;6
1215;52189;1
1218;52189;6
1217;52189;7
1216;52189;16
45314;52330;1
45313;52330;6
45312;52330;9
45352;52398;1
45351;52398;6
45355;52399;1
45354;52399;6
45353;52399;35
45385;52444;1
1220;52703;1
1222;52703;9
1221;52703;53
45485;52711;1
45484;52711;9
45483;52711;20
45482;52711;47
45486;52711;49
45499;52717;1
45498;52717;6
45506;52720;1
45505;52720;6
45504;52720;9
45508;52721;1
45507;52721;2
45527;52736;1
45526;52736;6
45524;52736;43
45525;52736;57
45533;52739;1
45532;52739;9
45531;52739;20
45537;52740;1
45536;52740;6
45535;52740;9
45534;52740;53
45541;52741;1
45540;52741;6
45538;52741;28
45539;52741;29
45543;52743;4
45544;52744;1
45566;52769;4
45581;52782;4
45587;52859;2
45593;52887;1
45592;52887;35
45597;52895;1
45596;52895;45
45599;52897;1
45598;52897;45
45601;52899;1
45600;52899;6
45603;52916;1
45606;52974;2
45607;52977;2
1228;53000;1
1229;53000;6
1230;53114;1
1231;53114;52
1232;53114;54
45621;53120;2
45623;53121;1
45622;53121;6
45626;53122;1
45625;53122;57
45624;53122;79
45629;53124;1
45628;53124;2
45627;53124;38
45632;53125;1
45631;53125;2
45630;53125;6
45634;53127;1
45633;53127;38
45638;53128;1
45637;53128;9
45635;53128;20
45636;53128;38
45643;53131;1
45642;53131;2
45647;53132;1
45646;53132;6
45645;53132;57
45644;53132;79
45649;53136;1
45648;53136;6
45651;53137;1
45650;53137;54
45653;53138;1
45652;53138;2
45659;53142;1
45658;53142;52
45666;53148;1
45665;53148;6
45670;53151;1
45673;53155;1
45672;53155;57
45671;53155;79
45678;53157;1
45677;53157;52
45682;53158;1
45680;53158;4
45681;53158;52
45679;53158;79
45689;53161;1
45688;53161;2
45701;53170;1
45700;53170;6
45699;53170;79
45708;53174;1
45707;53174;6
45713;53176;1
45712;53176;6
45715;53178;1
45714;53178;6
45724;53184;1
45723;53184;6
45722;53184;79
45730;53192;1
45729;53192;6
45733;53193;1
45732;53193;6
45731;53193;57
45736;53195;1
45735;53195;6
45734;53195;79
45740;53197;1
45739;53197;2
45738;53197;6
45737;53197;16
45746;53204;1
45745;53204;6
45749;53207;1
45748;53207;6
45747;53207;38
1234;53231;1
45761;53232;1
45760;53232;35
45762;53233;1
45765;53234;1
45764;53234;2
45763;53234;29
45769;53236;1
45768;53236;38
45773;53238;1
45772;53238;9
45776;53239;1
45775;53239;9
45774;53239;30
45777;53240;1
45780;53241;1
45779;53241;2
45778;53241;57
45782;53242;1
45781;53242;30
45787;53244;1
45786;53244;2
45785;53244;124
45788;53245;1
45792;53246;1
45791;53246;2
45790;53246;30
45789;53246;57
45795;53247;1
45794;53247;2
45793;53247;6
45803;53251;1
45805;53252;1
45804;53252;57
45806;53254;1
45814;53257;1
45813;53257;2
45811;53257;28
45812;53257;29
45820;53259;1
45818;53259;26
45819;53259;63
45829;53262;1
45828;53262;6
45827;53262;29
45830;53262;48
45826;53262;57
45833;53263;1
45832;53263;2
45831;53263;21
45835;53264;1
45834;53264;54
45841;53268;1
45840;53268;6
45839;53268;10
45844;53269;1
45843;53269;6
45842;53269;57
45848;53270;1
45847;53270;6
45846;53270;48
45845;53270;57
45858;53276;1
45856;53276;6
45857;53276;84
45862;53277;1
45861;53277;6
45859;53277;29
45860;53277;38
45870;53280;1
45869;53280;6
45867;53280;21
45868;53280;42
45892;53293;1
45891;53293;6
45890;53293;9
45889;53293;10
45895;53294;1
45894;53294;6
45893;53294;9
45913;53305;1
45912;53305;6
45914;53306;2
45919;53307;1
45917;53307;6
45916;53307;17
45915;53307;57
45918;53307;84
45928;53310;1
45927;53310;2
45926;53310;6
45931;53311;1
45930;53311;2
45929;53311;6
45940;53314;1
45939;53314;9
45950;53317;1
45949;53317;6
45948;53317;29
45954;53319;1
45953;53319;2
45952;53319;29
45955;53322;1
45963;53326;1
45962;53326;2
1236;53362;1
1238;53362;2
1237;53362;9
1235;53362;30
45977;53365;1
45976;53365;21
45978;53366;1
45979;53367;1
45983;53369;1
45989;53373;1
45988;53373;2
45991;53374;1
45990;53374;30
45993;53376;1
45992;53376;30
45996;53379;1
45995;53379;2
45998;53380;1
45997;53380;57
46000;53381;1
45999;53381;42
46009;53385;1
46018;53388;1
46017;53388;6
46026;53391;1
46024;53391;6
46022;53391;30
46023;53391;83
46025;53391;84
46029;53393;1
46028;53393;2
46033;53397;1
46039;53400;1
46038;53400;2
46037;53400;57
46040;53401;1
46045;53405;1
46044;53405;54
46050;53407;1
46049;53407;2
46048;53407;57
46053;53409;1
46052;53409;30
46069;53414;1
46068;53414;42
46071;53415;1
46070;53415;57
46090;53422;1
46089;53422;6
46088;53422;30
46087;53422;57
46096;53426;1
46095;53426;30
46094;53426;31
46100;53427;1
46099;53427;2
46098;53427;54
46097;53427;57
46106;53429;1
46105;53429;57
46113;53435;1
46123;53442;1
46122;53442;30
46120;53442;38
46121;53442;57
46128;53445;1
46127;53445;2
46126;53445;21
46129;53446;1
46131;53450;1
46134;53451;1
46133;53451;2
46132;53451;30
46147;53460;1
46146;53460;30
46149;53463;1
1311;53465;1
1313;53465;9
1310;53465;29
1312;53465;42
46162;53470;1
46164;53472;1
46169;53474;1
46168;53474;20
46167;53474;64
46171;53475;1
46170;53475;49
46184;53481;1
46183;53481;6
46202;53490;1
46201;53490;6
46222;53502;1
46219;53502;6
46220;53502;57
46221;53502;84
46232;53508;1
46231;53508;6
46234;53509;1
46233;53509;30
46244;53512;1
46243;53512;6
46242;53512;10
46253;53519;1
46252;53519;6
46256;53522;1
46255;53522;6
46254;53522;28
46281;53538;1
46280;53538;6
46279;53538;42
1239;53565;1
1240;53565;16
1241;53568;1
1243;53568;2
1242;53568;35
46297;53598;1
46296;53598;6
46299;53601;1
46298;53601;35
46300;53616;1
46303;53625;2
46304;53628;1
46305;53630;4
1244;53654;1
1245;53654;6
46310;53656;1
46309;53656;6
46312;53658;1
46311;53658;6
46324;53668;1
46328;53673;1
46327;53673;2
46331;53679;1
46330;53679;2
46329;53679;6
46332;53690;2
46337;53736;1
46336;53736;6
46340;53737;1
46339;53737;2
46338;53737;6
46345;53741;2
46349;53743;1
46348;53743;6
46346;53743;15
46347;53743;68
46366;53753;1
46365;53753;9
46370;53756;1
46375;53760;1
46376;53761;1
46380;53764;1
46379;53764;10
46382;53765;1
46381;53765;9
46384;53766;1
46383;53766;9
46393;53778;1
46392;53778;2
46391;53778;9
46395;53779;1
46394;53779;35
46396;53780;1
46397;53781;1
46400;53783;1
46399;53783;2
46398;53783;68
46401;53784;1
46402;53785;1
46405;53787;1
46403;53787;15
46404;53787;28
46406;53788;1
46407;53789;1
46408;53795;1
46409;53795;4
46411;53796;1
46410;53796;6
46413;53797;1
46412;53797;6
46417;53798;1
46415;53798;6
46416;53798;24
46414;53798;35
46421;53801;1
46420;53801;6
1252;53815;1
1253;53815;5
1254;53815;6
46428;53817;2
1255;53828;1
1256;53828;6
46450;53895;1
46449;53895;2
46454;53906;1
46453;53906;6
46459;53919;1
46458;53919;6
46461;53923;1
46460;53923;6
46466;53938;1
46464;53938;6
46465;53938;52
46472;53944;1
46471;53944;6
46475;53960;1
46474;53960;6
46473;53960;43
46477;53961;1
46476;53961;6
46482;53965;1
46502;54042;1
46501;54042;9
46508;54045;1
46516;54051;1
46515;54051;10
46521;54056;1
46520;54056;6
46519;54056;10
46527;54065;1
46526;54065;2
46525;54065;9
46529;54066;1
46528;54066;2
46532;54069;1
46531;54069;9
46530;54069;45
46536;54072;1
46535;54072;9
46540;54073;1
46539;54073;48
46537;54073;87
46538;54073;98
46542;54074;1
46541;54074;76
46544;54075;1
46543;54075;9
46546;54076;1
46545;54076;9
46550;54079;1
46551;54079;2
46552;54079;4
46557;54082;1
46556;54082;6
46559;54083;1
46558;54083;6
46570;54089;1
46569;54089;6
46573;54090;1
46572;54090;9
46571;54090;20
46575;54091;1
46574;54091;6
46577;54092;1
46576;54092;6
46580;54093;1
46579;54093;6
46578;54093;9
46582;54094;1
46581;54094;6
46592;54099;1
46591;54099;6
46598;54102;1
46597;54102;6
46601;54103;1
46600;54103;6
46599;54103;9
46608;54105;1
46605;54105;2
46607;54105;9
46609;54105;67
46606;54105;68
46611;54106;1
46610;54106;6
46621;54111;1
46620;54111;6
46623;54112;1
46622;54112;6
46626;54113;1
46625;54113;6
46624;54113;9
46629;54116;1
46633;54118;1
46632;54118;6
46631;54118;9
46636;54119;1
46635;54119;6
46634;54119;9
46641;54121;1
46640;54121;6
46639;54121;9
46648;54125;1
46647;54125;6
46646;54125;9
46651;54127;1
46650;54127;6
46660;54131;1
46659;54131;6
46658;54131;10
46663;54132;1
46662;54132;6
46661;54132;9
46665;54133;1
46664;54133;6
46667;54134;1
46666;54134;6
46673;54141;1
46672;54141;6
46675;54142;1
46674;54142;6
46683;54147;1
46682;54147;6
46681;54147;9
46686;54149;1
46685;54149;6
46684;54149;42
46688;54150;1
46687;54150;6
46690;54151;1
46689;54151;6
46693;54152;1
46692;54152;6
46691;54152;9
46695;54153;1
46694;54153;6
46697;54154;1
46696;54154;6
46700;54156;1
46699;54156;6
46703;54157;1
46702;54157;6
46701;54157;9
46708;54161;1
46707;54161;6
46719;54173;1
46718;54173;6
46717;54173;9
46723;54177;1
46722;54177;6
46721;54177;9
46728;54178;1
46725;54178;2
46727;54178;6
46726;54178;9
46724;54178;10
46730;54183;1
46729;54183;6
46738;54189;1
46741;54191;1
46740;54191;6
46746;54193;1
46745;54193;6
46750;54195;1
46749;54195;9
46748;54195;10
46757;54198;1
46756;54198;9
46755;54198;10
46769;54206;1
46768;54206;9
46771;54210;1
46770;54210;9
46779;54216;1
46778;54216;10
46781;54217;1
46780;54217;10
46782;54218;1
46784;54220;1
46783;54220;10
1264;54246;1
1265;54246;27
1266;54246;35
46790;54259;1
46789;54259;6
46788;54259;9
46793;54260;1
46792;54260;6
46791;54260;9
46801;54268;1
46800;54268;14
46799;54268;32
46807;54272;1
46804;54272;2
46806;54272;6
46805;54272;9
46803;54272;10
46810;54274;1
46809;54274;6
46808;54274;9
46817;54281;1
46816;54281;6
46819;54282;1
46818;54282;6
46824;54284;1
46823;54284;6
46822;54284;9
46820;54284;10
46821;54284;15
46828;54285;1
46827;54285;6
46826;54285;14
46825;54285;32
46833;54287;1
46832;54287;6
46831;54287;27
46829;54287;28
46830;54287;32
46836;54289;1
46835;54289;2
46834;54289;14
46840;54298;1
46846;54304;1
46844;54304;10
46845;54304;27
1267;54315;1
1268;54315;9
1269;54315;10
46862;54318;1
46861;54318;6
46860;54318;9
46859;54318;20
46873;54324;1
46872;54324;6
46871;54324;9
46876;54326;1
46875;54326;9
46874;54326;20
46878;54328;1
46877;54328;6
46883;54333;1
46882;54333;6
46881;54333;30
1270;54341;1
1272;54341;6
1271;54341;10
46891;54344;1
46897;54347;1
46896;54347;6
46901;54348;1
46900;54348;6
46898;54348;10
46899;54348;42
46906;54350;1
46905;54350;6
46904;54350;9
46909;54351;1
46908;54351;6
46907;54351;9
46911;54352;1
46910;54352;10
46912;54354;1
46916;54356;1
46915;54356;9
46922;54362;1
46921;54362;9
1276;54384;1
1277;54384;6
46930;54386;1
46929;54386;6
46928;54386;9
46927;54386;46
46926;54386;62
46933;54387;1
46932;54387;6
46931;54387;23
46937;54389;1
46936;54389;6
46939;54390;1
46938;54390;9
46941;54391;1
46940;54391;6
46942;54392;1
46943;54392;4
46945;54393;1
46944;54393;6
46947;54395;4
46950;54396;1
46949;54396;6
46948;54396;10
46954;54398;1
46953;54398;6
46957;54399;1
46956;54399;6
46955;54399;9
46959;54401;1
46958;54401;6
46963;54403;1
46962;54403;6
46961;54403;9
46965;54404;1
46964;54404;6
46969;54405;1
46968;54405;2
46966;54405;4
46967;54405;6
46977;54409;1
46976;54409;2
46975;54409;6
46974;54409;10
46985;54415;1
46984;54415;6
46994;54418;1
46998;54422;4
47000;54423;1
46999;54423;6
47003;54424;1
47001;54424;4
47002;54424;6
47004;54426;1
47005;54428;1
47006;54430;1
47007;54460;1
47008;54460;4
47011;54465;1
47012;54465;4
47013;54466;1
47014;54466;4
47020;54468;1
47018;54468;4
47019;54468;6
47025;54470;1
47024;54470;6
47023;54470;9
47021;54470;10
47022;54470;18
47028;54471;1
47027;54471;6
47026;54471;9
47029;54473;4
47032;54474;1
47031;54474;2
47030;54474;6
47033;54475;4
47034;54476;4
47037;54477;1
47036;54477;2
47035;54477;6
47040;54480;1
47041;54481;1
47042;54481;4
47043;54482;1
47044;54482;4
47050;54487;1
47049;54487;4
47048;54487;10
47052;54488;1
47053;54488;4
47051;54488;10
47054;54489;1
47055;54489;4
47059;54491;4
1282;54502;1
1284;54502;6
1283;54502;9
47074;54504;1
47075;54505;1
47076;54506;1
47079;54507;1
47078;54507;2
47077;54507;9
47081;54508;1
47080;54508;9
47084;54509;1
47083;54509;2
47082;54509;6
47087;54510;1
47086;54510;2
47085;54510;6
47090;54511;1
47089;54511;2
47088;54511;9
47092;54512;1
47091;54512;15
47094;54513;1
47093;54513;29
47095;54514;2
47096;54514;4
47101;54516;1
47100;54516;9
47103;54518;1
47102;54518;2
47107;54519;1
47106;54519;2
47105;54519;6
47104;54519;10
47108;54520;1
47112;54522;1
47111;54522;6
47115;54523;1
47114;54523;2
47113;54523;9
47116;54524;1
47118;54526;1
47117;54526;2
47120;54527;1
47119;54527;2
47121;54528;1
47127;54531;2
47128;54532;1
47133;54534;1
47132;54534;2
47131;54534;9
47134;54535;1
47136;54536;1
47135;54536;2
47139;54537;1
47138;54537;9
47137;54537;10
47143;54539;1
47142;54539;9
47144;54540;1
47145;54541;1
47147;54542;1
47146;54542;9
47150;54543;1
47149;54543;6
47148;54543;9
47152;54544;1
47151;54544;6
47156;54545;1
47155;54545;6
47154;54545;9
47153;54545;10
47158;54546;1
47157;54546;6
47160;54547;1
47159;54547;6
47163;54549;1
47162;54549;6
47161;54549;9
47166;54550;1
47165;54550;6
47164;54550;14
47171;54552;1
47170;54552;6
47169;54552;10
47174;54553;1
47173;54553;6
47172;54553;55
47176;54554;1
47175;54554;6
47178;54555;1
47177;54555;6
47180;54556;1
47179;54556;6
47183;54557;1
47182;54557;6
47181;54557;9
47185;54558;1
47184;54558;6
47189;54559;1
47188;54559;2
47187;54559;6
47186;54559;10
47192;54560;1
47191;54560;6
47190;54560;10
47198;54562;1
47197;54562;6
47196;54562;9
47200;54563;1
47199;54563;6
47203;54564;1
47202;54564;6
47201;54564;10
47208;54567;1
47207;54567;6
47206;54567;9
47211;54569;1
47210;54569;6
47209;54569;9
47213;54570;1
47212;54570;6
47223;54573;1
47222;54573;6
47221;54573;9
47230;54578;1
47233;54579;1
47232;54579;2
47231;54579;9
47236;54580;1
47235;54580;6
47234;54580;9
47241;54584;1
47240;54584;6
47239;54584;9
47238;54584;10
47242;54611;2
47243;54611;4
47247;54617;1
47246;54617;2
47245;54617;6
47244;54617;9
47248;54619;1
47249;54619;2
47250;54619;4
47253;54621;1
47252;54621;6
47251;54621;14
47256;54622;1
47255;54622;2
47254;54622;10
47258;54623;2
47257;54623;10
1286;54631;1
1287;54631;6
47262;54632;1
47261;54632;6
47267;54636;1
47266;54636;6
47270;54640;1
47269;54640;6
47273;54642;1
47272;54642;6
47275;54643;1
47274;54643;6
47283;54661;1
47282;54661;6
47281;54661;9
47285;54662;1
47284;54662;9
47286;54663;1
47292;54668;1
47291;54668;6
47290;54668;9
47294;54670;1
47293;54670;10
47306;54681;1
47305;54681;2
47304;54681;6
47303;54681;9
47310;54682;1
47309;54682;2
47308;54682;6
47307;54682;9
47318;54688;1
47319;54689;1
47320;54696;1
47327;54704;1
47326;54704;10
47330;54706;1
47329;54706;2
47328;54706;10
47334;54710;1
47333;54710;10
47336;54712;1
47335;54712;10
1292;54739;1
47343;54740;1
47342;54740;6
47344;54742;1
47346;54742;4
47345;54742;8
47348;54743;1
47347;54743;8
47349;54744;4
47351;54765;1
47350;54765;6
47355;54771;1
47354;54771;6
47361;54777;1
47358;54777;4
47360;54777;6
47357;54777;18
47359;54777;19
47364;54791;1
47363;54791;2
47362;54791;6
47366;54796;1
47365;54796;6
47368;54798;1
47367;54798;6
47373;54803;1
47372;54803;6
47375;54810;1
47376;54810;4
47378;54812;1
47377;54812;6
47380;54824;1
47379;54824;6
47383;54832;1
47387;54844;1
47386;54844;9
47389;54846;1
47388;54846;2
47395;54853;1
47394;54853;2
47393;54853;10
47399;54857;1
47398;54857;2
47397;54857;10
47403;54866;1
47402;54866;2
47401;54866;6
47404;54867;1
47406;54882;1
47405;54882;9
47407;54887;1
47408;54894;1
47409;54895;1
47410;54901;1
47413;54907;1
47412;54907;6
47411;54907;8
47415;54912;1
47414;54912;6
47417;54913;1
47416;54913;6
47419;54914;1
47418;54914;6
47421;54928;1
47424;54961;1
47423;54961;2
47425;54962;1
47428;54965;1
47427;54965;2
47426;54965;6
47430;54966;1
47429;54966;6
47434;54970;1
47433;54970;2
47432;54970;6
47435;54971;2
47437;54974;1
47436;54974;6
47440;54988;1
47443;54992;1
47451;55013;1
47452;55017;1
47454;55018;1
47453;55018;9
47455;55024;1
47461;55039;1
47460;55039;6
47462;55049;1
47467;55058;1
47466;55058;6
47469;55062;1
47468;55062;6
47471;55064;1
47470;55064;6
47473;55065;1
47472;55065;6
47475;55066;1
47474;55066;6
47477;55067;1
47476;55067;6
47480;55071;1
47479;55071;6
47478;55071;42
47486;55101;1
47485;55101;2
47484;55101;6
47490;55121;1
47489;55121;6
47498;55125;1
47497;55125;6
47496;55125;9
47504;55137;1
47505;55138;1
47509;55163;1
47508;55163;6
47512;55231;1
47511;55231;9
47513;55283;4
47514;55284;4
47515;55288;1
47519;55290;1
47522;55297;1
47521;55297;2
47520;55297;6
47528;55299;1
47526;55299;4
47527;55299;6
47530;55300;1
47529;55300;4
47533;55301;1
47532;55301;6
47531;55301;9
47537;55302;1
47536;55302;2
47535;55302;6
47534;55302;21
47541;55304;1
47540;55304;6
47549;55309;1
47548;55309;6
47547;55309;9
47550;55310;4
47555;55314;1
47554;55314;2
47553;55314;6
47556;55315;4
47566;55322;1
47565;55322;6
47569;55323;1
47568;55323;2
47567;55323;6
47576;55327;2
47577;55327;4
47582;55329;1
47581;55329;2
47580;55329;6
47579;55329;10
47588;55332;1
47587;55332;2
47586;55332;6
47591;55333;1
47590;55333;2
47589;55333;6
47593;55334;1
47592;55334;6
47598;55338;1
47597;55338;21
47600;55344;1
47599;55344;6
47607;55351;1
47606;55351;42
47610;55352;1
47609;55352;6
47608;55352;9
47612;55353;1
47611;55353;6
47654;55372;4
47657;55375;1
47656;55375;6
47667;55380;1
47666;55380;6
47665;55380;39
47670;55381;1
47669;55381;6
47668;55381;42
47673;55382;1
47672;55382;6
47671;55382;39
47675;55383;1
47674;55383;6
47676;55385;1
47677;55386;1
47687;55425;1
47686;55425;6
47705;55509;1
47704;55509;6
47710;55521;1
47709;55521;6
47712;55523;2
47711;55523;10
47716;55527;2
47715;55527;10
47714;55527;90
47724;55535;1
47723;55535;2
47722;55535;6
47721;55535;10
47728;55564;2
47738;55633;1
47737;55633;6
47748;55647;1
47747;55647;9
47745;55647;29
47746;55647;42
47751;55648;1
47750;55648;6
47749;55648;42
47756;55652;1
47755;55652;6
47759;55654;1
47758;55654;6
47757;55654;18
47762;55655;1
47761;55655;6
47760;55655;42
47765;55658;1
47764;55658;6
47763;55658;70
47767;55659;1
47766;55659;6
47770;55660;1
47769;55660;2
47768;55660;6
47776;55665;1
47775;55665;9
47778;55666;1
47777;55666;6
47780;55667;1
47779;55667;6
47790;55675;1
47789;55675;6
47796;55677;1
47795;55677;6
47794;55677;42
47800;55679;1
47799;55679;6
47798;55679;9
47797;55679;29
47801;55679;42
47804;55680;1
47803;55680;6
47802;55680;42
47810;55686;1
47809;55686;6
47808;55686;9
47811;55687;1
47813;55687;4
47812;55687;6
47817;55689;1
47816;55689;6
47815;55689;42
47820;55692;1
47819;55692;6
47818;55692;15
47824;55694;1
47823;55694;2
47822;55694;6
47826;55695;1
47825;55695;6
47829;55696;1
47828;55696;6
47827;55696;42
47834;55700;1
47833;55700;6
47832;55700;9
47837;55701;1
47835;55701;6
47836;55701;36
47840;55704;4
47843;55705;1
47842;55705;6
47841;55705;42
47853;55714;1
47852;55714;2
47851;55714;6
47856;55716;1
47855;55716;2
47854;55716;6
47861;55719;1
47860;55719;6
47863;55720;1
47862;55720;6
47866;55721;1
47865;55721;2
47864;55721;6
47870;55730;1
47869;55730;6
47876;55733;1
47875;55733;2
47874;55733;6
47879;55736;1
47878;55736;6
47883;55739;1
47893;55747;1
47892;55747;2
47891;55747;6
47890;55747;42
47898;55754;1
47905;55763;1
47903;55763;6
47904;55763;67
1314;55819;1
1315;55819;2
1316;55819;6
47912;55823;1
47911;55823;2
47914;55826;1
47913;55826;6
47917;55829;1
47916;55829;2
47915;55829;6
47919;55831;1
47918;55831;6
47925;55837;2
47928;55838;1
47927;55838;2
47926;55838;6
47930;55851;1
47950;56109;1
47949;56109;6
47948;56109;30
47955;56111;1
47954;56111;6
47959;56112;1
47958;56112;6
47957;56112;9
47956;56112;10
47963;56116;1
47962;56116;6
47968;56119;1
47967;56119;6
47971;56120;1
47970;56120;6
47969;56120;42
47973;56122;1
47972;56122;6
47975;56124;1
47974;56124;6
47984;56127;1
47983;56127;6
47982;56127;42
47981;56127;55
47988;56128;1
47986;56128;6
47987;56128;59
47985;56128;62
47990;56129;1
47989;56129;6
47992;56130;1
47991;56130;6
47994;56131;1
47993;56131;6
47997;56133;1
47996;56133;6
47995;56133;9
48001;56134;1
48000;56134;6
47998;56134;10
47999;56134;42
48005;56138;1
48004;56138;6
48008;56139;1
48007;56139;6
48006;56139;42
48011;56140;1
48010;56140;6
48009;56140;9
48015;56142;1
48014;56142;6
48013;56142;9
48012;56142;30
48016;56142;42
48019;56143;1
48018;56143;6
48017;56143;14
48021;56146;1
48020;56146;6
48023;56147;1
48022;56147;6
48025;56148;1
48024;56148;6
48028;56151;1
48027;56151;6
48026;56151;10
48030;56152;1
48029;56152;6
48032;56153;1
48031;56153;6
48034;56154;1
48033;56154;6
48040;56156;1
48039;56156;6
48037;56156;23
48036;56156;35
48041;56156;42
48038;56156;55
48049;56159;1
48048;56159;6
48046;56159;10
48047;56159;42
48052;56160;1
48051;56160;6
48050;56160;42
48059;56164;1
48058;56164;6
48057;56164;42
48062;56165;1
48061;56165;2
48060;56165;6
48065;56166;1
48064;56166;6
48063;56166;42
48073;56169;1
48072;56169;2
48071;56169;6
48078;56171;1
48077;56171;2
48076;56171;6
48088;56176;1
48087;56176;2
48086;56176;6
48085;56176;42
48091;56178;1
48090;56178;6
48089;56178;39
48094;56179;1
48093;56179;2
48092;56179;6
48101;56182;1
48100;56182;6
48098;56182;10
48099;56182;23
48102;56182;42
48105;56184;1
48104;56184;6
48103;56184;42
48106;56185;1
48108;56186;1
48107;56186;6
48112;56187;1
48109;56187;2
48111;56187;6
48110;56187;9
48113;56187;42
48115;56188;1
48114;56188;6
48124;56191;1
48122;56191;6
48121;56191;39
48123;56191;42
48125;56193;1
48132;56196;1
48131;56196;2
48130;56196;6
48135;56197;1
48134;56197;6
48133;56197;39
48142;56204;1
48148;56207;1
48147;56207;6
48146;56207;42
48154;56211;1
48153;56211;6
48152;56211;10
48155;56212;1
48170;56219;1
1322;56240;1
48180;56242;1
48179;56242;9
1327;56243;1
48186;56247;4
48185;56247;19
48188;56248;1
48187;56248;6
48191;56249;1
48190;56249;6
48189;56249;9
48193;56250;1
48192;56250;6
48195;56252;1
48194;56252;6
48197;56253;1
48196;56253;6
48200;56263;1
48201;56263;2
48202;56263;4
48209;56271;1
48207;56271;3
48208;56271;6
48218;56276;1
48217;56276;6
48221;56278;4
48225;56279;1
48224;56279;2
48223;56279;6
48222;56279;9
48226;56280;1
48227;56280;4
48232;56283;1
48231;56283;9
48240;56299;1
48243;56314;1
48242;56314;6
48241;56314;9
48244;56321;1
48248;56322;1
48247;56322;2
48246;56322;6
48245;56322;9
1328;56326;1
1329;56326;6
48297;56390;1
48299;56391;1
48298;56391;3
48300;56392;1
48303;56393;1
48301;56393;3
48302;56393;6
48305;56395;1
48304;56395;6
48308;56397;1
48306;56397;3
48307;56397;6
48310;56399;1
48312;56399;6
48311;56399;9
48309;56399;30
48313;56399;85
48318;56404;1
48317;56404;6
48320;56405;1
48319;56405;6
48322;56407;1
48321;56407;6
48324;56410;1
48323;56410;6
48326;56412;1
48325;56412;6
48328;56413;1
48327;56413;6
48331;56414;1
48329;56414;3
48330;56414;6
48333;56415;1
48332;56415;3
48339;56421;1
48338;56421;6
48356;56445;4
48358;56482;1
48357;56482;6
48360;56483;1
48359;56483;6
48362;56484;1
48361;56484;6
48377;56500;1
48376;56500;2
48375;56500;6
48378;56503;2
48380;56506;1
48379;56506;6
1330;56523;1
48418;56549;1
48417;56549;6
1334;56591;1
1335;56591;2
48469;56593;1
48468;56593;2
48475;56614;1
48474;56614;2
48473;56614;10
48477;56616;1
48476;56616;15
48485;56626;4
48487;56627;1
48486;56627;2
48488;56629;4
48491;56631;1
48490;56631;2
48489;56631;35
48493;56633;1
48492;56633;2
48495;56634;1
48494;56634;2
48499;56636;1
48498;56636;10
48502;56640;1
48501;56640;2
48500;56640;10
48503;56641;1
48504;56642;1
48508;56652;1
48509;56652;2
48510;56652;4
48512;56657;1
48511;56657;6
48518;56660;1
48517;56660;6
48516;56660;9
48515;56660;15
48523;56664;1
48522;56664;2
48521;56664;6
48520;56664;9
48535;56669;1
48534;56669;2
48533;56669;6
48537;56674;1
48542;56689;1
48541;56689;6
48548;56694;1
48547;56694;6
48546;56694;9
48550;56696;1
48549;56696;6
48561;56702;1
48560;56702;2
48559;56702;6
48566;56707;1
48565;56707;2
48564;56707;6
48568;56709;4
48570;56710;1
48569;56710;6
48573;56711;1
48572;56711;2
48571;56711;6
48575;56715;1
48574;56715;6
48578;56719;4
48585;56724;1
48584;56724;6
48591;56729;1
48590;56729;6
48589;56729;9
48596;56734;1
48595;56734;6
48614;56747;1
48613;56747;9
48627;56753;1
48626;56753;2
48625;56753;9
48635;56766;1
48638;56769;1
48637;56769;2
48648;56777;4
48650;56779;1
48653;56793;1
1338;56813;1
1340;56813;6
1339;56813;9
48660;56816;1
48661;56818;1
48667;56824;1
48668;56825;1
48671;56826;1
48670;56826;2
48669;56826;9
48673;56827;1
48672;56827;9
48674;56828;1
48676;56830;1
48675;56830;2
48682;56834;1
48681;56834;9
48686;56836;1
48685;56836;21
48687;56837;1
48695;56840;1
48694;56840;2
48693;56840;15
48696;56842;1
48697;56842;4
48700;56843;1
48699;56843;2
48698;56843;6
48701;56844;1
48702;56844;4
48712;56853;1
48711;56853;6
48714;56855;1
48713;56855;6
48716;56856;1
48715;56856;6
48720;56858;1
48719;56858;6
48722;56859;1
48721;56859;6
48735;56868;1
48734;56868;6
48733;56868;9
48737;56869;1
48736;56869;6
48743;56872;1
48742;56872;15
48752;56877;1
48750;56877;7
48751;56877;35
48758;56879;1
48757;56879;6
48756;56879;9
48760;56881;1
48759;56881;6
48762;56882;1
48761;56882;6
48767;56885;1
48766;56885;6
48765;56885;9
48772;56893;1
48771;56893;6
48774;56895;1
48773;56895;6
48778;56897;1
48777;56897;6
48776;56897;7
48775;56897;46
48783;56899;1
48782;56899;2
48785;56900;1
48784;56900;6
48787;56903;1
48786;56903;6
48790;56905;1
48792;56911;1
48794;56913;1
48793;56913;7
48796;56914;1
48795;56914;7
48804;56929;1
48803;56929;6
48810;56964;1
48809;56964;9
48838;56989;1
48837;56989;2
48836;56989;4
48835;56989;9
48840;56992;1
48848;56996;1
48847;56996;13
48859;57004;1
48858;57004;55
48862;57006;1
48861;57006;9
48867;57013;1
48876;57025;1
48877;57027;4
48887;57034;1
48886;57034;2
48885;57034;6
48884;57034;9
48922;57057;1
48921;57057;9
48931;57064;1
48930;57064;6
48929;57064;9
48944;57069;1
48943;57069;6
48961;57080;1
48960;57080;6
48973;57133;1
48972;57133;9
48976;57135;1
48975;57135;9
48979;57136;1
48978;57136;2
48977;57136;9
48985;57139;1
48984;57139;6
48983;57139;9
48987;57140;1
48986;57140;6
48991;57142;1
48990;57142;6
48996;57144;1
48995;57144;6
48994;57144;9
48993;57144;10
48999;57145;1
48998;57145;6
48997;57145;9
49002;57147;1
49001;57147;6
49000;57147;9
49014;57159;1
49013;57159;6
49012;57159;9
49019;57166;1
49018;57166;6
49017;57166;9
49024;57176;1
49023;57176;6
49031;57182;1
49030;57182;6
49042;57194;1
49041;57194;6
49040;57194;9
49058;57234;1
49064;57254;1
49063;57254;6
49061;57254;23
49065;57254;42
49062;57254;55
49073;57281;1
49072;57281;2
49070;57281;21
49071;57281;25
49074;57282;1
49076;57283;1
49075;57283;2
49077;57284;1
49079;57285;1
49078;57285;2
49081;57286;1
49080;57286;2
49085;57289;1
49084;57289;2
49083;57289;6
49082;57289;21
49089;57290;1
49088;57290;2
49087;57290;6
49086;57290;21
49091;57292;1
49090;57292;6
49095;57293;1
49094;57293;2
49093;57293;6
49092;57293;21
49098;57295;1
49097;57295;2
49096;57295;6
49099;57296;4
49102;57297;1
49101;57297;2
49100;57297;6
49104;57298;1
49103;57298;6
49107;57299;1
49106;57299;2
49105;57299;6
49113;57301;1
49112;57301;2
49117;57302;1
49116;57302;2
49115;57302;6
49114;57302;21
49120;57304;1
49123;57305;1
49122;57305;2
49121;57305;6
49126;57306;1
49125;57306;2
49124;57306;6
49129;57308;1
49128;57308;2
49127;57308;6
49130;57309;2
49133;57310;1
49132;57310;2
49131;57310;6
49139;57313;1
49137;57313;21
49138;57313;28
49145;57315;1
49144;57315;9
49143;57315;21
49148;57316;1
49147;57316;2
49146;57316;24
49150;57321;1
49149;57321;2
1352;57357;1
49157;57359;1
49156;57359;2
49155;57359;6
49154;57359;9
49158;57360;2
49159;57360;4
49160;57361;1
49164;57363;1
49163;57363;9
49166;57364;1
49165;57364;9
49170;57365;1
49169;57365;9
49168;57365;10
49167;57365;21
49178;57380;1
49177;57380;9
49176;57380;15
49179;57383;1
49182;57384;1
49181;57384;2
49180;57384;15
49188;57388;1
49187;57388;9
49192;57393;1
49210;57399;1
49209;57399;6
49208;57399;9
49207;57399;15
49206;57399;45
49216;57401;1
49215;57401;6
49214;57401;15
49219;57402;1
49218;57402;6
49217;57402;15
49229;57406;1
49228;57406;6
49248;57415;1
49247;57415;6
49255;57417;1
49254;57417;2
49253;57417;15
49257;57418;1
49256;57418;6
49262;57420;1
49261;57420;6
49260;57420;9
49259;57420;15
49279;57431;1
49278;57431;6
49277;57431;15
49282;57434;1
49286;57435;1
49285;57435;2
49284;57435;6
49283;57435;12
49296;57445;1
49295;57445;6
49294;57445;15
49303;57449;1
49301;57449;4
49302;57449;6
49300;57449;15
49305;57452;1
49306;57452;4
49304;57452;15
49311;57456;1
49310;57456;9
49309;57456;15
49314;57457;1
49313;57457;6
49312;57457;15
49317;57459;1
49316;57459;6
49315;57459;15
49322;57461;1
49321;57461;6
49320;57461;10
49334;57466;1
49333;57466;6
49332;57466;15
49340;57470;1
49339;57470;5
49338;57470;15
49348;57474;1
49347;57474;2
49346;57474;15
49359;57494;2
49360;57495;4
49363;57496;1
49362;57496;2
49361;57496;6
49367;57501;1
49366;57501;6
49370;57502;1
49368;57502;5
49369;57502;6
49373;57504;1
49372;57504;2
49371;57504;6
49377;57505;1
49376;57505;6
49374;57505;39
49375;57505;41
49379;57506;1
49378;57506;6
49389;57518;1
49388;57518;2
49392;57519;1
49391;57519;2
49390;57519;5
49394;57520;1
49393;57520;6
49398;57521;1
49397;57521;6
49395;57521;39
49396;57521;41
49402;57523;1
49401;57523;6
49406;57524;1
49405;57524;2
49403;57524;5
49404;57524;6
49408;57525;1
49407;57525;6
49411;57528;2
49412;57528;5
49417;57530;1
49416;57530;6
49419;57531;1
49418;57531;6
49429;57540;1
49427;57540;5
49428;57540;6
49433;57545;1
49432;57545;6
49438;57549;1
49461;57596;1
49460;57596;2
49463;57597;1
49462;57597;15
49467;57600;2
49468;57600;4
49466;57600;15
49469;57601;2
49472;57602;1
49471;57602;9
49470;57602;15
49473;57603;2
49474;57603;4
49479;57606;1
49478;57606;15
49493;57612;1
49492;57612;15
49494;57614;1
49497;57615;1
49496;57615;9
49495;57615;15
49499;57616;1
49498;57616;15
49501;57617;4
49500;57617;15
49502;57618;1
49504;57619;4
49503;57619;15
49511;57622;1
49510;57622;2
49509;57622;9
49508;57622;15
49514;57624;1
49513;57624;15
49520;57626;1
49519;57626;9
49518;57626;15
49525;57628;1
49532;57630;1
49531;57630;2
49530;57630;9
49529;57630;15
49552;57641;1
49551;57641;6
49550;57641;15
49560;57645;1
49559;57645;6
49562;57647;1
49561;57647;6
49566;57649;1
49565;57649;6
49564;57649;14
49563;57649;15
49572;57653;1
49571;57653;6
49576;57655;1
49575;57655;6
49581;57657;1
49580;57657;2
49579;57657;15
49585;57658;1
49584;57658;2
49583;57658;6
49582;57658;15
49588;57659;1
49587;57659;6
49586;57659;15
49596;57662;1
49595;57662;6
49604;57668;1
49603;57668;6
49602;57668;15
49610;57698;1
49609;57698;6
49608;57698;15
49613;57703;1
49612;57703;6
49611;57703;15
49621;57716;1
49620;57716;15
49619;57716;16
49630;57736;1
49629;57736;39
49635;57740;1
49634;57740;2
49633;57740;11
49637;57741;1
49636;57741;5
49640;57744;1
49639;57744;2
49638;57744;5
49641;57745;1
49643;57747;1
49642;57747;5
49645;57748;1
49644;57748;5
49647;57750;1
49646;57750;5
49650;57753;1
49649;57753;8
49651;57754;1
49653;57755;1
49652;57755;9
49656;57756;1
49655;57756;2
49654;57756;6
49661;57759;1
49660;57759;2
49667;57762;2
49666;57762;6
49674;57764;1
49673;57764;6
49681;57768;1
49680;57768;2
49679;57768;6
49683;57770;1
49682;57770;6
49687;57773;1
49686;57773;6
49700;57788;1
49699;57788;2
49697;57788;5
49698;57788;6
49703;57792;2
49705;57793;1
49704;57793;6
49711;57798;1
49710;57798;2
49709;57798;6
49719;57800;1
49717;57800;2
49718;57800;6
49716;57800;41
49720;57800;42
49722;57801;1
49721;57801;6
49725;57803;1
49724;57803;6
49723;57803;41
49727;57804;1
49726;57804;6
49730;57808;1
49728;57808;5
49729;57808;6
49732;57811;1
49731;57811;6
49734;57812;1
49733;57812;6
49737;57813;1
49735;57813;2
49739;57813;5
49738;57813;6
49736;57813;39
49740;57814;2
49749;57818;1
49748;57818;6
49747;57818;8
49762;57824;1
49761;57824;6
49760;57824;39
49767;57829;1
49773;57834;1
49771;57834;5
49772;57834;24
49776;57836;1
49775;57836;6
49774;57836;39
49786;57847;1
49804;57859;1
49807;57861;1
49808;57864;1
49810;57866;1
49809;57866;6
49812;57870;1
49811;57870;5
49814;57873;1
49813;57873;2
49819;57939;1
49818;57939;6
49817;57939;15
49823;57940;1
49821;57940;4
49822;57940;6
49820;57940;15
49826;57944;1
49825;57944;6
49824;57944;15
49838;57951;1
49837;57951;6
49836;57951;14
49835;57951;15
49843;57953;1
49842;57953;6
49841;57953;15
49839;57953;39
49840;57953;55
49854;57966;1
49853;57966;6
49851;57966;15
49852;57966;39
49858;57970;1
49857;57970;6
49862;57971;1
49860;57971;6
49859;57971;15
49861;57971;56
49872;57976;1
49871;57976;6
49870;57976;15
49874;57978;1
49873;57978;6
49880;57983;1
49879;57983;6
49877;57983;15
49878;57983;39
49887;57988;1
49886;57988;6
49884;57988;15
49885;57988;39
49895;57999;1
49894;57999;39
49893;57999;55
49898;58001;1
49897;58001;6
49896;58001;15
49900;58003;1
49910;58017;1
49909;58017;39
49916;58020;1
49915;58020;55
49929;58030;1
49928;58030;39
1371;58046;1
1372;58046;6
1370;58046;15
49947;58053;1
49946;58053;6
49945;58053;9
49943;58053;15
49944;58053;20
49949;58054;1
49948;58054;6
49955;58056;1
49954;58056;6
49953;58056;15
49952;58056;55
49957;58057;1
49956;58057;6
49965;58059;1
49963;58059;4
49964;58059;6
49962;58059;15
49968;58060;1
49967;58060;6
49966;58060;15
49971;58061;1
49970;58061;6
49969;58061;15
49990;58072;1
49989;58072;6
49988;58072;9
49995;58075;1
49994;58075;6
49993;58075;15
50003;58082;1
50002;58082;6
50010;58085;1
50009;58085;6
50023;58095;1
50026;58096;1
50025;58096;6
50024;58096;15
50035;58101;1
50032;58101;2
50034;58101;15
50031;58101;41
50033;58101;55
50037;58102;1
50036;58102;15
50041;58105;1
50040;58105;9
1373;58124;1
1374;58124;2
50053;58125;1
50052;58125;6
50055;58126;2
50054;58126;11
50064;58130;1
50063;58130;2
50062;58130;4
50061;58130;9
50066;58131;1
50065;58131;9
50069;58133;1
50068;58133;2
50071;58134;1
50070;58134;2
50081;58142;1
50080;58142;2
50083;58145;2
50084;58146;1
50086;58148;1
50091;58151;1
50090;58151;9
50093;58152;1
50092;58152;2
50099;58156;1
50098;58156;6
50101;58157;1
50100;58157;6
50103;58158;1
50102;58158;6
50105;58159;1
50104;58159;6
50108;58160;1
50107;58160;9
50106;58160;10
50115;58163;1
50114;58163;6
50122;58167;1
50121;58167;6
50120;58167;9
50129;58172;1
50128;58172;6
50132;58173;1
50131;58173;6
50130;58173;9
50137;58175;1
50136;58175;6
50139;58176;1
50138;58176;9
50142;58177;1
50141;58177;6
50140;58177;9
50144;58178;1
50143;58178;6
50147;58179;1
50146;58179;6
50145;58179;9
50152;58181;1
50151;58181;6
50150;58181;9
50149;58181;20
50156;58183;1
50155;58183;6
50158;58184;1
50157;58184;6
50164;58186;1
50163;58186;6
50162;58186;9
50165;58187;1
50166;58187;2
50167;58187;4
50171;58192;1
50173;58193;1
50172;58193;6
50175;58195;1
50174;58195;6
50178;58196;1
50176;58196;6
50177;58196;22
50181;58199;1
50180;58199;6
50179;58199;9
50185;58202;1
50184;58202;2
50183;58202;6
50182;58202;68
50191;58208;1
50190;58208;6
50193;58210;1
50192;58210;2
50195;58211;1
50194;58211;2
50198;58214;1
50197;58214;2
50203;58223;1
50205;58224;2
50204;58224;39
50212;58233;1
50225;58240;1
50224;58240;6
50223;58240;9
50222;58240;20
50236;58250;1
50235;58250;2
50234;58250;5
50239;58251;1
50238;58251;6
50237;58251;15
50245;58254;1
50244;58254;6
50243;58254;32
50263;58284;1
50261;58284;5
50262;58284;6
50268;58287;1
50267;58287;15
50273;58290;1
50272;58290;14
50271;58290;15
50278;58293;4
50277;58293;5
50287;58301;1
50286;58301;2
50291;58306;1
50290;58306;6
50289;58306;15
50298;58311;2
50297;58311;36
50304;58315;1
50303;58315;6
50302;58315;9
50301;58315;15
50305;58317;2
50306;58317;5
50308;58318;1
50307;58318;6
50321;58329;1
50320;58329;6
50330;58343;1
50329;58343;6
50334;58348;2
50336;58350;2
50335;58350;15
50363;58376;2
50365;58381;1
50367;58381;2
50368;58381;5
50366;58381;6
50371;58386;1
50370;58386;2
50369;58386;6
50389;58425;2
50388;58425;10
1386;58488;1
1387;58488;2
1389;58496;1
1390;58496;2
1388;58496;15
50405;58498;1
50404;58498;15
50408;58500;1
50407;58500;5
50406;58500;15
50411;58502;1
50410;58502;15
50419;58505;1
50418;58505;6
50417;58505;15
50422;58508;1
50421;58508;6
50420;58508;15
50424;58509;1
50423;58509;15
50427;58510;1
50426;58510;9
50425;58510;15
50429;58511;1
50428;58511;15
50432;58512;1
50431;58512;6
50430;58512;15
50435;58514;1
50434;58514;2
50433;58514;15
50438;58515;1
50437;58515;9
50436;58515;15
50442;58517;1
50441;58517;2
50448;58519;1
50447;58519;15
50455;58522;4
50454;58522;5
50462;58528;1
50461;58528;6
50470;58532;1
50469;58532;6
50468;58532;15
50476;58534;1
50475;58534;6
50474;58534;15
50477;58535;1
50481;58535;5
50480;58535;6
50479;58535;9
50478;58535;15
50491;58539;1
50490;58539;6
50489;58539;15
50496;58541;1
50492;58541;2
50495;58541;6
50494;58541;9
50493;58541;15
50500;58548;1
50499;58548;2
50498;58548;6
50497;58548;15
50503;58549;1
50502;58549;2
50501;58549;42
50505;58550;1
50504;58550;6
50510;58552;1
50509;58552;15
50517;58555;1
50516;58555;6
50515;58555;9
50514;58555;15
50520;58556;1
50519;58556;6
50518;58556;15
50524;58557;1
50523;58557;2
50522;58557;6
50521;58557;39
50534;58565;1
50533;58565;6
50531;58565;15
50532;58565;41
50537;58568;1
50536;58568;6
50535;58568;15
50541;58569;1
50540;58569;6
50539;58569;9
50538;58569;15
50545;58578;2
50546;58578;16
50550;58580;4
50553;58581;1
50552;58581;2
50551;58581;4
50554;58582;4
50556;58584;4
50557;58585;1
50558;58585;15
50563;58588;1
50564;58588;2
50565;58588;4
50566;58589;2
50569;58590;1
50568;58590;2
50567;58590;4
50570;58591;1
50571;58591;47
50572;58592;1
50573;58592;12
50576;58593;1
50575;58593;2
50574;58593;4
50586;58599;2
50585;58599;4
50588;58600;2
50587;58600;4
50589;58600;8
50607;58611;2
50606;58611;4
50608;58611;9
50609;58612;1
50610;58612;4
50611;58613;2
50612;58613;4
50613;58613;36
50614;58614;4
50621;58617;2
50622;58617;11
50623;58618;1
50625;58619;1
50624;58619;4
50626;58620;1
50627;58620;2
50628;58620;4
50631;58621;1
50630;58621;2
50629;58621;4
50634;58622;1
50633;58622;2
50632;58622;4
50638;58623;1
50635;58623;2
50636;58623;4
50637;58623;8
50639;58624;1
50642;58625;1
50640;58625;2
50641;58625;15
50645;58626;1
50644;58626;2
50643;58626;4
50646;58627;1
50647;58627;2
50648;58628;1
50649;58628;2
50650;58628;4
50651;58628;9
50652;58629;1
50653;58629;2
50665;58636;1
50664;58636;2
50666;58637;1
50667;58637;2
50670;58640;1
50671;58640;2
50672;58640;4
50674;58641;2
50673;58641;4
50675;58641;12
50676;58642;1
50677;58642;2
50678;58642;4
50679;58643;1
50682;58644;1
50681;58644;2
50680;58644;4
50684;58645;2
50683;58645;4
50685;58646;2
50686;58646;4
50687;58646;36
50688;58647;4
50690;58648;2
50689;58648;4
50691;58648;8
50692;58649;2
50694;58650;1
50693;58650;4
50695;58650;36
50696;58651;4
50698;58652;1
50697;58652;2
50704;58654;2
50703;58654;4
50706;58655;2
50705;58655;4
50707;58656;2
50708;58656;4
50710;58657;2
50709;58657;4
50711;58658;1
50713;58658;2
50715;58658;48
50712;58658;59
50714;58658;60
50718;58659;1
50717;58659;2
50716;58659;4
50720;58661;2
50721;58662;1
50724;58663;1
50723;58663;2
50722;58663;4
50726;58665;4
50727;58666;1
50728;58667;4
50730;58668;2
50729;58668;4
50731;58668;5
50733;58669;2
50732;58669;4
50734;58669;5
50737;58670;1
50736;58670;2
50735;58670;4
50738;58670;11
50747;58673;1
50745;58673;2
50746;58673;4
50748;58674;2
50750;58675;1
50749;58675;4
50753;58677;1
50754;58677;4
50758;58680;2
50759;58681;2
50760;58681;4
50764;58683;4
50765;58684;1
50766;58684;2
50769;58685;1
50768;58685;2
50767;58685;4
50770;58686;2
50771;58686;4
50772;58686;9
50773;58686;13
50774;58686;21
50775;58687;1
50776;58687;15
50777;58688;2
50778;58689;2
50780;58691;2
50781;58692;2
50782;58692;4
50784;58693;2
50783;58693;4
50785;58694;2
50786;58695;4
50801;58702;1
50800;58702;2
50799;58702;4
50802;58703;2
50804;58705;2
50805;58706;4
50806;58707;2
50807;58707;4
50808;58708;1
50809;58708;2
50810;58709;1
50812;58710;1
50811;58710;2
50813;58711;1
50814;58711;2
50815;58711;4
50816;58712;1
50817;58712;4
50818;58713;4
50819;58714;1
50820;58714;2
50821;58714;4
50823;58715;2
50822;58715;4
50824;58716;1
50825;58716;2
50826;58717;4
50827;58718;4
50828;58719;1
50829;58719;4
50833;58720;1
50831;58720;2
50830;58720;4
50832;58720;14
50834;58721;4
50837;58722;1
50836;58722;2
50835;58722;4
50838;58723;2
50839;58724;1
50840;58724;45
50841;58725;1
50844;58726;1
50843;58726;2
50842;58726;4
50845;58727;2
50846;58727;4
50850;58730;2
50849;58730;4
50855;58732;2
50856;58732;72
50865;58735;1
50863;58735;2
50864;58735;4
50867;58736;1
50866;58736;4
50869;58737;1
50868;58737;2
50870;58737;6
50876;58741;1
50877;58742;1
50878;58742;2
50879;58742;4
50880;58743;2
50881;58743;4
50882;58743;9
50883;58744;4
50885;58745;2
50884;58745;4
50886;58746;2
50887;58746;36
50888;58747;1
50889;58747;2
50890;58748;1
50891;58748;2
50892;58748;4
50893;58748;14
50894;58749;1
50895;58749;2
50896;58749;6
50901;58751;1
50899;58751;2
50902;58751;11
50900;58751;72
50903;58752;4
50904;58752;9
50905;58753;1
50906;58753;2
50907;58754;2
50909;58754;5
50908;58754;15
50912;58755;1
50911;58755;2
50910;58755;4
50915;58756;1
50914;58756;2
50913;58756;4
50916;58757;2
50917;58757;36
50918;58758;1
50919;58759;4
50920;58760;1
50921;58760;2
50922;58760;131
50925;58762;2
50927;58764;2
50936;58768;2
50937;58769;1
50938;58769;2
50939;58769;4
50940;58769;9
50944;58771;1
50943;58771;2
50942;58771;4
50945;58771;36
50946;58772;1
50947;58772;2
50949;58773;2
50948;58773;4
50950;58774;2
50951;58775;1
50952;58775;2
50958;58777;1
50959;58777;2
50960;58777;6
50963;58779;1
50964;58780;1
50967;58782;1
50966;58782;2
50968;58782;30
50971;58783;1
50970;58783;2
50969;58783;4
50972;58783;36
50973;58784;2
50975;58785;2
50974;58785;4
50976;58786;2
50977;58786;4
50980;58788;1
50984;58790;2
50988;58792;1
50987;58792;2
50986;58792;4
50989;58792;11
50990;58793;1
50991;58793;4
50996;58794;1
50993;58794;2
50992;58794;4
50995;58794;8
50994;58794;9
50999;58796;2
51000;58796;4
51001;58797;1
51002;58797;2
51006;58798;1
51003;58798;2
51004;58798;4
51005;58798;9
51007;58799;2
51009;58800;2
51008;58800;4
51010;58801;1
51011;58801;2
51014;58802;1
51013;58802;2
51012;58802;4
51015;58803;4
51016;58804;4
51019;58805;1
51017;58805;2
51018;58805;4
51024;58807;1
51023;58807;2
51022;58807;4
51029;58811;1
51031;58811;6
51030;58811;62
51032;58812;4
51034;58814;1
51035;58814;2
51038;58816;4
51039;58817;2
51040;58817;4
51041;58818;2
51042;58818;4
51043;58819;1
51044;58819;2
51045;58819;4
51048;58820;1
51047;58820;2
51046;58820;4
51050;58821;2
51049;58821;4
51051;58822;2
51052;58823;4
51055;58825;2
51056;58825;4
51059;58827;4
51060;58827;8
51062;58829;2
51063;58829;4
51064;58829;5
51066;58831;2
51067;58832;1
51068;58832;4
51069;58833;1
51070;58833;2
51071;58833;4
51072;58834;4
51074;58836;2
51075;58836;4
51076;58837;2
51077;58837;4
51078;58838;2
51080;58839;2
51079;58839;4
51081;58840;2
51082;58841;2
51083;58841;9
51084;58842;1
51085;58842;4
51086;58843;1
51087;58843;2
51088;58844;1
51089;58844;4
51093;58846;2
51094;58846;4
51096;58847;2
51095;58847;4
51097;58847;41
51099;58848;2
51098;58848;4
51105;58851;2
51104;58851;4
51111;58854;2
51112;58854;4
51114;58855;2
51113;58855;4
51116;58856;2
51115;58856;4
51125;58859;1
51124;58859;4
51127;58860;1
51126;58860;2
51129;58861;2
51128;58861;4
51130;58862;4
51133;58863;1
51132;58863;2
51131;58863;4
51139;58866;1
51140;58866;2
51150;58869;1
51148;58869;2
51149;58869;4
51151;58869;36
51152;58870;4
51153;58871;1
51154;58872;4
51157;58873;1
51156;58873;2
51155;58873;4
51158;58873;13
51161;58875;1
51160;58875;4
51162;58876;4
51164;58877;2
51163;58877;4
51165;58878;4
51166;58879;1
51167;58879;6
51168;58880;2
51169;58880;4
51172;58882;2
51171;58882;4
51173;58883;1
51174;58883;2
51181;58886;1
51179;58886;2
51180;58886;4
51182;58887;4
51183;58888;4
51185;58889;2
51184;58889;4
51186;58890;1
51187;58890;2
51188;58890;4
51189;58891;1
51190;58891;2
51191;58892;2
51192;58893;2
51197;58895;1
51196;58895;2
51195;58895;4
51198;58896;1
51199;58896;2
51200;58896;4
51201;58897;1
51202;58897;2
51203;58897;14
51205;58897;36
51204;58897;55
51206;58898;4
51207;58899;2
51214;58902;2
51215;58903;1
51216;58903;2
51217;58903;9
51219;58904;2
51218;58904;4
51224;58906;2
51223;58906;4
51225;58907;1
51226;58908;4
51227;58909;1
51228;58909;2
51229;58910;1
51230;58910;2
51231;58911;2
51232;58911;4
51233;58912;1
51234;58912;2
51235;58912;17
51236;58913;2
51237;58913;4
51238;58913;36
51240;58915;1
51241;58915;2
51242;58916;4
51245;58918;2
51244;58918;4
51246;58919;1
51247;58919;2
51248;58919;4
51253;58921;1
51252;58921;4
51256;58922;1
51255;58922;2
51254;58922;4
51257;58923;4
51258;58924;4
51261;58925;1
51260;58925;2
51259;58925;4
51262;58925;10
51263;58925;25
51266;58926;1
51265;58926;2
51264;58926;4
51267;58927;4
51268;58928;2
51269;58929;1
51270;58929;2
51271;58929;4
51273;58930;1
51272;58930;4
51274;58931;1
51275;58931;15
51276;58932;2
51277;58932;4
51279;58933;1
51278;58933;4
51281;58934;2
51280;58934;4
51282;58934;8
51284;58935;1
51283;58935;4
